"Document Title",Authors,"Author Affiliations","Publication Title",Date Added To Xplore,"Publication Year","Volume","Issue","Start Page","End Page","Abstract","ISSN",ISBNs,"DOI",Funding Information,PDF Link,"Author Keywords","IEEE Terms","Mesh_Terms",Article Citation Count,Patent Citation Count,"Reference Count","License",Online Date,Issue Date,"Meeting Date","Publisher",Document Identifier
"Demo: Zero touch configuration","N. Kuntze; P. Larbig; C. Rudolph","Fraunhofer Institute for Secure Information Technology, Darmstadt, Germany; Fraunhofer Institute for Secure Information Technology, Darmstadt, Germany; Fraunhofer Institute for Secure Information Technology, Darmstadt, Germany",2013 IFIP/IEEE International Symposium on Integrated Network Management (IM 2013),"1 Aug 2013","2013","","","1076","1077","The deployment of devices at remote or distributed locations is a typical scenario e.g. in large enterprise networks or industrial applications. In the deployment of a device identification of the device and the establishment of security relations (trust) between the device and other elements of the infrastructure is crucial. Usually, the process requires either to pre-configure the device or to let administrators physically access the device for configuration. Both options induce costs. For functional configurations and software distribution zero configuration solutions are available. One important step hereby is the establishment of trust into the individual device by the device owner. This trust establishment requires in typical schemes a large organizational involvement of the device owner resp. operator. The approach presented in this demo addresses the step of initial trust establishment. The demonstration shows the process of a device being securely configured and provides a visualization through a meta-data graph generated from an IFMAP server.","1573-0077","978-3-901882-50-0","","","https://ieeexplore.ieee.org/stamp/stamp.jsp?arnumber=6573136","","Servers;Protocols;Hardware;Cryptography;Software;Universal Serial Bus","","","3","3","","1 Aug 2013","","","IEEE","IEEE Conferences"
"Challenges and Benefits of Using Open Standards for Network Automation and Orchestration","S. Filiposka; R. Łapacz","Faculty of Computer Science and Engineering, Ss. Cyril and Methodius University, Skopje, North Macedonia; New Generation Networks Department, Poznan Supercomputing and Networking Center, Poznan, Poland",2022 30th Telecommunications Forum (TELFOR),"22 Dec 2022","2022","","","1","4","Digital platforms are enabling communication service providers provide user-centric flexible services on-demand. To achieve the required level of efficiency standard approaches to architecture and design decisions, together with the implementation of network automation and orchestration are needed. The goal of this paper is to discuss the lessons learnt from the efforts put into the implementation and deployment of the Service Provider Architecture platform.","","978-1-6654-7273-9","10.1109/TELFOR56187.2022.9983704","","https://ieeexplore.ieee.org/stamp/stamp.jsp?arnumber=9983704","data model;decoupling;network automation;standards","Manifolds;Automation;Costs;Ecosystems;Data models;Extensibility;Telecommunications","","1","","20","IEEE","22 Dec 2022","","","IEEE","IEEE Conferences"
"Optimal configuration determination in Cognitive Autonomous Networks","A. Banerjee; S. S. Mwanje; G. Carle","Nokia Bell Labs, Munich, Germany; Nokia Bell Labs, Munich, Germany; Dept. of Informatics, Technical University of Munich, Germany",2021 IFIP/IEEE International Symposium on Integrated Network Management (IM),"30 Jun 2021","2021","","","494","500","Cognitive Autonomous Networks (CAN) promises to raise the level of operational autonomy in mobile networks through the introduction of Artificial Intelligence (AI) and Machine Learning (ML) in the network processes. In CAN, learning based functions, called Cognitive Functions (CF), adjust network control parameters to optimize their objectives which are different Key Performance Indicator (KPI). As the CFs work in parallel, there is often an overlap among their activities regarding control parameter adjustment, i.e., at one point of time, multiple CFs may want to change a single control parameter albeit by different degrees or to different values depending on their respective levels of interest in that parameter. To resolve this dispute, a coordination mechanism is required for sharing the parameter among the independent CFs according to their individual interest levels. In this paper we provide the design of such a Controller in CAN to determine the optimal control parameter value. The Controller first quantifies the impact of that parameter on the objective of each CF, based on which the Controller determines the optimal value using Eisenberg-Gale solution. A numerical evaluation shows that compared to state-of-the-art, the proposed Controller can improve performance by up to 7.7%, while implementation in a simulation environment shows that the proposed Controller is feasible for use in a real life scenario.","1573-0077","978-3-903176-32-4","","","https://ieeexplore.ieee.org/stamp/stamp.jsp?arnumber=9464000","Network Automation;Game Theory;Deep Learning;Fisher Market Model","Key performance indicator;Optimal control;Machine learning;Numerical models","","","","16","","30 Jun 2021","","","IEEE","IEEE Conferences"
"Network Automation with Go: Learn how to automate network operations and build applications using the Go programming language","N. Leiva; M. Kashin",NA; NA,Network Automation with Go: Learn how to automate network operations and build applications using the Go programming language,"","2023","","","","","Understand the world of modern network automation with Go and deepen your knowledge with insights from 10+ experts who have real-world hands-on experience with network automation and/or are using Go for network-related tasksKey FeaturesA comprehensive guide to the world of modern network automationUse Go to build anything from repetitive task automation to complex distributed systemsOver 30 practical, ready-to-use sample programsBook DescriptionGo’s built-in first-class concurrency mechanisms make it an ideal choice for long-lived low-bandwidth I/O operations, which are typical requirements of network automation and network operations applications. This book provides a quick overview of Go and hands-on examples within it to help you become proficient with Go for network automation. It’s a practical guide that will teach you how to automate common network operations and build systems using Go. The first part takes you through a general overview, use cases, strengths, and inherent weaknesses of Go to prepare you for a deeper dive into network automation, which is heavily reliant on understanding this programming language. You’ll explore the common network automation areas and challenges, what language features you can use in each of those areas, and the common software tools and packages. To help deepen your understanding, you’ll also work through real-world network automation problems and apply hands-on solutions to them. By the end of this book, you’ll be well-versed with Go and have a solid grasp on network automation.What you will learnUnderstand Go programming language basics via network-related examplesFind out what features make Go a powerful alternative for network automationExplore network automation goals, benefits, and common use casesDiscover how to interact with network devices using a variety of technologiesIntegrate Go programs into an automation frameworkTake advantage of the OpenConfig ecosystem with GoBuild distributed and scalable systems for network observabilityWho this book is forThis book is for all network engineers, administrators, and other network practitioners looking to understand what network automation is and how the Go programming language can help develop network automation solutions. As the first part of the book offers a comprehensive overview of Go’s main features, this book is suitable for beginners with a solid grasp on programming basics.","","9781800561014","","","https://ieeexplore.ieee.org/xpl/ebooks/bookPdfWithBanner.jsp?fileName=10163352.pdf&bkn=10163351&pdfType=book","","","","","","","","27 Jun 2023","","","Packt Publishing","Packt Publishing eBooks"
"Self-provisioning of network infrastructure for server landings in complex data center environments","P. Apel; G. Botts; A. Fullam","Automated Network Management, Intel Corporation, Folsom, CA, USA; Enterprise DataCenter Network Operations, Intel Corporation, Rio Rancho, NM, USA; Enterprise DataCenter Network Operations, Intel Corporation, Rio Rancho, NM, USA",2013 IFIP/IEEE International Symposium on Integrated Network Management (IM 2013),"1 Aug 2013","2013","","","912","915","Overview of a network provisioning system which dynamically determines the necessary path, finds free ports, and configures the VLAN trunking and spanning trees using fuzzy logic and dynamic web service composition.","1573-0077","978-3-901882-50-0","","","https://ieeexplore.ieee.org/stamp/stamp.jsp?arnumber=6573110","network;automation;web services;configuration;server;provision","Servers;Ports (Computers);Engines;Fuzzy logic;Web services;Network interfaces;Automation","","","","7","","1 Aug 2013","","","IEEE","IEEE Conferences"
"An architecture for self-tuning cellular systems","P. Magnusson; J. Oom","Ericsson Research, LinLab, Linkoping, Sweden; Ericsson Research, LinLab, Linkoping, Sweden",2001 IEEE/IFIP International Symposium on Integrated Network Management Proceedings. Integrated Network Management VII. Integrated Management Strategies for the New Millennium (Cat. No.01EX470),"7 Aug 2002","2001","","","231","245","As cellular networks grow in size and complexity, the process of managing them becomes increasingly costly for mobile operators. It is therefore important to focus on simplifying or automating these tasks. This paper describes an architecture that supports automated management of a cellular network. Automation can be done by gathering and processing measurements from the network resources and, based upon the results, feeding back configuration commands. Due to potentially large networks, the large number of measurements needed, and the distributed nature of a cellular system, there is a need for a distributed architecture. This paper proposes such an architecture and describes evaluation results using this architecture in a field trial at the operator SmarTone in Hong Kong. Results from the field trial show that the suggested agent/task pattern is well suited to implementing self-tuning algorithms.","","0-7803-6719-7","10.1109/INM.2001.918034","","https://ieeexplore.ieee.org/stamp/stamp.jsp?arnumber=918034","","Radio spectrum management;Radio access networks;Land mobile radio cellular systems;Radio network;Centralized control;Radio control;Communication system control;Control systems;Cellular networks;Prototypes","","2","","6","IEEE","7 Aug 2002","","","IEEE","IEEE Conferences"
"Mastering Python Networking: Utilize Python packages and frameworks for network automation, monitoring, cloud, and management","E. Chou",NA,"Mastering Python Networking: Utilize Python packages and frameworks for network automation, monitoring, cloud, and management","","2023","","","","","Get to grips with the latest container examples, Python 3 features, GitLab DevOps, network data analysis, and cloud networking to get the most out of Python for network engineering with the latest edition of this bestselling guide Purchase of the print or Kindle book includes a free eBook in PDF format.Key FeaturesExplore the power of the latest Python libraries and frameworks to tackle common and complex network problems efficiently and effectivelyUse Python and other open source tools for Network DevOps, automation, management, and monitoringUse Python 3 to implement advanced network-related featuresBook DescriptionNetworks in your infrastructure set the foundation for how your application can be deployed, maintained, and serviced. Python is the ideal language for network engineers to explore tools that were previously available to systems engineers and application developers. In Mastering Python Networking, Fourth edition, you'll embark on a Python-based journey to transition from a traditional network engineer to a network developer ready for the next generation of networks. This new edition is completely revised and updated to work with the latest Python features and DevOps frameworks. In addition to new chapters on introducing Docker containers and Python 3 Async IO for network engineers, each chapter is updated with the latest libraries with working examples to ensure compatibility and understanding of the concepts. Starting with a basic overview of Python, the book teaches you how it can interact with both legacy and API-enabled network devices. You will learn to leverage high-level Python packages and frameworks to perform network automation tasks, monitoring, management, and enhanced network security, followed by AWS and Azure cloud networking. You will use Git for code management, GitLab for continuous integration, and Python-based testing tools to verify your network.What you will learnUse Python to interact with network devicesUnderstand Docker as a tool that you can use for the development and deploymentUse Python and various other tools to obtain information from the networkLearn how to use ELK for network data analysisUtilize Flask and construct high-level API to interact with in-house applicationsDiscover the new AsyncIO feature and its concepts in Python 3Explore test-driven development concepts and use PyTest to drive code test coverageUnderstand how GitLab can be used with DevOps practices in networkingWho this book is forMastering Python Networking, Fourth edition is for network engineers, developers, and SREs who want to learn Python for network automation, programmability, monitoring, cloud, and data analysis. Network engineers who want to transition from manual to automation-based networks using the latest DevOps tools will also get a lot of useful information from this book. Basic familiarity with Python programming and networking-related concepts such as Transmission Control Protocol/Internet Protocol (TCP/IP) will be helpful in getting the most out of this book.","","9781803242323","","","https://ieeexplore.ieee.org/xpl/ebooks/bookPdfWithBanner.jsp?fileName=10163686.pdf&bkn=10163685&pdfType=book","","","","","","","","27 Jun 2023","","","Packt Publishing","Packt Publishing eBooks"
"Machine-Learning-Based Predictive Handover","A. Masri; T. Veijalainen; H. Martikainen; S. Mwanje; J. Ali-Tolppa; M. Kajó",Magister Solutions; Nokia Bell Labs; Magister Solutions; Nokia Bell Labs; Nokia Bell Labs; Technical University of Munich,2021 IFIP/IEEE International Symposium on Integrated Network Management (IM),"30 Jun 2021","2021","","","648","652","Good mobility performance is critical in cellular networks for ensuring that each user is always connected to the best possible cell and that the handovers are executed timely to minimize radio link failures while avoiding unnecessary handovers. A potential new approach to this challenge is to learn the local radio conditions and adapt and customize the mobility to them. This work proposes and investigates a machine learning method for learning the optimal time and destination for handovers in 5G radio networks, as well as how to use the learned model to trigger handovers based on the predicted radio conditions. The complete solution is analyzed and compared to the state of the art mobility methods to evaluate its performance in reducing the system total outage.","1573-0077","978-3-903176-32-4","","","https://ieeexplore.ieee.org/stamp/stamp.jsp?arnumber=9464055","5G;Supervised Learning;Predictive Handover;Neural Networks;Long-Short Term Memory","Cellular networks;Adaptation models;Memory management;Machine learning;Handover;Fingerprint recognition;Predictive models","","7","","13","","30 Jun 2021","","","IEEE","IEEE Conferences"
"Distributed security management for the IoT","N. Lincke; N. Kuntze; C. Rudolph",Fraunhofer SIT; Fraunhofer SIT; Fraunhofer SIT,2015 IFIP/IEEE International Symposium on Integrated Network Management (IM),"2 Jul 2015","2015","","","1373","1376","This paper proposes a concept of a distributed, hierarchical management structure for large interconnected, dynamic and heterogeneous infrastructures. This approach supporting has the potential to enable efficient security management as well as meta-data distribution is particularly relevant for applications relying on the so-called Internet of Things (IoT). The management structure is motivated by existing and successful approaches in peer-2-peer (P2P) networks for content distribution and it shares some of the characteristics. In contrast to P2P networks with clearly defined functional goals, the IoT can support various applications. Security management functionalities as well as other management tasks need to conform to the heterogeneity of applications and devices. Further, there is no single entity in control of the complete system and applications will definitely be cross-domain. Thus, a classical middle-ware is not suitable and a distributed approach as proposed in this paper can constitute the basis for a new management core for the IoT.","1573-0077","978-1-4799-8241-7","10.1109/INM.2015.7140499","","https://ieeexplore.ieee.org/stamp/stamp.jsp?arnumber=7140499","","Peer-to-peer computing;Authentication;Cryptography;DH-HEMTs;Conferences;Communication channels","","3","","8","IEEE","2 Jul 2015","","","IEEE","IEEE Conferences"
"Network Element Auto-configuration in a Managed Network","H. Sanneck; C. schmelz; T. Baumgarth; K. Keutner","Siemens Network-Mobile Network; Siemens Network-Mobile Network; Siemens Corporate Technology, Germany; Siemens Corporate Technology, Germany",2007 10th IFIP/IEEE International Symposium on Integrated Network Management,"25 Jun 2007","2007","","","497","515","In a ""managed network"" where the location / point of attachment of network elements (NE) are entirely planned and the NEs are tightly controlled by an element management system, the roll-out of new NEs or changes to the NE HW and SW cause considerable overhead. The overhead is due in large part due to the concurrent processes at the network operator, NE factory and roll-out field service which require extensive interaction. An autoconfiguration method is proposed which is able to decouple the individual roll-out processes, i.e., changes in the NE configuration and association of NE with certain locations can be changed at any time in the roll-out process without incurring additional overhead. This is achieved by an autoconfiguration support system under control of the operator where all data relevant to a to-be-rolled-out NE is stored. When the NE is booting it can retrieve the required configuration and SW which is needed to fulfil the required network function at its point of attachment to the network. Finally it is shown that in a managed network it is advantageous to use the geo-location of a network element as its key identifier in network planning and rollout, rather than a hardware identifier as usually employed in DHCP-based autoconfiguration. This is the case because in a ""managed network"" it is important that autoconfiguration support is provided for a certain network function at a certain location, rather than autoconfiguration of a certain hardware which is attached at an arbitrary location.","1573-0077","1-4244-0798-2","10.1109/INM.2007.374815","","https://ieeexplore.ieee.org/stamp/stamp.jsp?arnumber=4258567","Auto-configuration;Configuration Management;Management Automation","Hardware;Control systems;Production facilities;Transfer functions;Process planning;Cost function;Medical services;Communication system control;Automation;Automatic control","","2","12","3","IEEE","25 Jun 2007","","","IEEE","IEEE Conferences"
"Autonomous Network Assurance in Intent Based Networking: Vision and Challenges","A. Leivadeas; M. Falkner","Dpt. of Software Engineering and IT, École de Technologie Supérieure (ÉTS), Montreal, Canada; Global Service Provider Architecture, Cisco Systems Inc., Ottawa, Canada",2023 32nd International Conference on Computer Communications and Networks (ICCCN),"1 Sep 2023","2023","","","1","10","Intent Based Networking (IBN) is a new paradigm that promises to create autonomous networks that can comply to high-level intents of network users and exhibit self-adaptation and self-optimization properties. The major IBN component to achieve this is network assurance. The assurance has as a goal to autonomously trigger corrective actions, whenever the conditions of the network do not allow to fulfill the performance requirements of its users. Accordingly, network assurance is expected to be largely based on monitoring and telemetry processes running conjointly with state of the art Artificial Intelligence techniques that will set off remedy solutions to bring the network into a compliance state. Given the importance of IBN and network assurance into the designing of autonomous networks, this paper introduces the main architectural components and technologies needed to achieve this visionary evolution of next generation networks. Particular emphasis is placed on how the network can interact with the end users and network operators in an easy way as mandated by the IBN premises. Finally, light is shed on the open challenges and future directions of this novel but unexplored research topic.","2637-9430","979-8-3503-3618-4","10.1109/ICCCN58024.2023.10230112","","https://ieeexplore.ieee.org/stamp/stamp.jsp?arnumber=10230112","Intent Based Networking;Network Assurance;Network Automation","Autonomous networks;Actuators;Shape;Computer architecture;Telemetry;Artificial intelligence;Monitoring","","3","","35","IEEE","1 Sep 2023","","","IEEE","IEEE Conferences"
"Direct-Conflict Resolution in Intent-Driven Autonomous Networks","I. Cinemre; K. Mehmood; K. Kralevska; T. Mahmoodi",NA; NA; NA; NA,European Wireless 2023; 28th European Wireless Conference,"8 Mar 2024","2023","","","142","147","As network systems evolve, there is an escalating demand for automated tools to facilitate efficient management and configuration. This paper explores conflict resolution in Intent- Based Network (IBN) management, an innovative approach that holds promise for effective network administration, especially within radio access domain. Nevertheless, when multiple intents are in operation concurrently, conflicts may emerge, presenting a significant issue that remains under-addressed in the current literature. In response to this challenge, our research expands the range of conflict resolution strategies beyond the established Nash Bargaining Solution (NBS), to incorporate the Weighted Nash Bargaining Solution (WNBS), the Kalai-Smorodinsky Bargaining Solution (KSBS), and the Shannon Entropy Bargaining Solution (SEBS). These methods are employed with the objective to identify optimal parameter values, aiming to ensure fairness in conflict resolution. Through simulations, it is demonstrated that distinct antenna tilt values are yielded as the respective solutions for each method. Ultimately, based on Jain’s Fairness Index, the KSBS is identified as the most equitable method under the given conditions.","","978-3-8007-6225-5","","","https://ieeexplore.ieee.org/stamp/stamp.jsp?arnumber=10461416","","","","","","","","8 Mar 2024","","","VDE","VDE Conferences"
"A Survey on Intent-Based Networking","A. Leivadeas; M. Falkner","Department of Software and Information Technology Engineering, École de technologie Supérieure, University of Quebec, Montreal, Canada; Cisco’s SP Sales CTO Group, Cisco Systems Inc., Ottawa, Canada",IEEE Communications Surveys & Tutorials,"23 Feb 2023","2023","25","1","625","655","Current and future network services and applications are expected to revolutionize our society and lifestyle. At the same time, the abundant possibilities that new network technologies offer to end users, network operators and administrators have created a cumbersome network configuration process to accommodate all different stakeholders and applications. Thus, lately, there is a need to simplify the management and configuration of the network, through possibly an autonomic and automatic way. Intent Based Networking (IBN) is such a paradigm that envisions flexible, agile, and simplified network configuration with minimal external intervention. This paper provides a detailed survey of how the IBN concept works and what are the main components to guarantee a fully autonomous IBN system (IBNS). Particular emphasis is given on the intent expression, intent translation, intent resolution, intent activation and intent assurance components, which form the closed loop automation system of an IBNS. The survey concludes with identifying open challenges and future directions of the problem at hand.","1553-877X","","10.1109/COMST.2022.3215919","Cisco University Research Program Fund of Silicon Valley Community Foundation(grant numbers:2021-234759 (3696)); ","https://ieeexplore.ieee.org/stamp/stamp.jsp?arnumber=9925251","Intent based networking;network policies;network assurance;network automation","Automation;Behavioral sciences;Tutorials;Wide area networks;Standardization;Software;Servers","","57","","143","IEEE","20 Oct 2022","","","IEEE","IEEE Journals"
"An Ontology-Based Information Extraction System for bridging the configuration gap in hybrid SDN environments","A. Martinez; M. Yannuzzi; J. E. L. de Vergara; R. Serral-Gracià; W. Ramírez","Networking and Information Technology Lab (NetIT Lab), Technical University of Catalonia (UPC), Spain; Networking and Information Technology Lab (NetIT Lab), Technical University of Catalonia (UPC), Spain; Department of Electronics and Communications Technologies, Autonomous University of Madrid (UAM), Spain; Networking and Information Technology Lab (NetIT Lab), Technical University of Catalonia (UPC), Spain; Advanced Network Architectures Lab (CRAAX), Technical University of Catalonia (UPC), Spain",2015 IFIP/IEEE International Symposium on Integrated Network Management (IM),"2 Jul 2015","2015","","","441","449","Hybrid Software-Defined Networks (SDNs) are growing at a remarkable speed, so network administrators need to deal with the configuration of a plethora of devices including OpenFlow elements, traditional equipment, and nodes supporting both OpenFlow and traditional features. The OpenFlow Management and Configuration Protocol (OF-CONFIG) is positioned as a solid candidate for the remote configuration of OpenFlow devices, but the fact that OF-CONFIG relies on NETCONF for its transport constrains its potential considerably. Indeed, the lack of comprehensive and standardized data models has hindered the utilization of NETCONF itself in traditional networks, and will likely confine OF-CONFIG to an elementary set of configurations until the expected data models arrive. In this paper, we present a semantic-based approach that eases and automates the configuration of network devices while complementing the capabilities of OF-CONFIG and NETCONF. Our main contributions can be summarized as follows. First, we have formalized the semantics of the switch/router configuration domain using the Web Ontology Language (OWL). Second, we have developed an Ontology-Based Information Extraction (OBIE) system from the Command-Line Interface (CLI) of network devices. Third, we have defined a learning algorithm that enables automated interpretation of CLIs' configuration capabilities in heterogeneous (multi-vendor) network scenarios. The potential of our approach is demonstrated through experiments carried out on different network elements.","1573-0077","978-1-4799-8241-7","10.1109/INM.2015.7140321","","https://ieeexplore.ieee.org/stamp/stamp.jsp?arnumber=7140321","","Semantics;Ontologies;Switches;Protocols;OWL;Information retrieval;Data models","","10","","25","IEEE","2 Jul 2015","","","IEEE","IEEE Conferences"
"Path-Link Graph Neural Network for IP Network Performance Prediction","Y. Kong; D. Petrov; V. Räisänen; A. Ilin","Aalto University, Espoo, Finland; Nokia Bell Labs, Espoo, Finland; Nokia Bell Labs, Espoo, Finland; Aalto University, Espoo, Finland",2021 IFIP/IEEE International Symposium on Integrated Network Management (IM),"30 Jun 2021","2021","","","170","177","Dynamic resource provisioning and quality assurance for the plethora of end-to-end slices running over 5G and B5G networks require advanced modeling capabilities. Graph Neural Networks (GNN) have already proven their efficiency for network performance prediction. GNN architecture matches well the structures usually met in communications networks. In this paper, the focus is on the IP transport network as one of the end-to-end 5G architecture domains. The recently published RouteNet GNN is taken as a reference and starting point for our study. RouteNet performance is verified by a new implementation in the PyTorch ML library. Next, an alternative Path-Link neural network (PLNet) architecture is proposed and evaluated. After hyper-parameter tuning for both models, the results show that PLNet and RouteNet achieve a similar accuracy level. The advantage of PLNet is in parallel architecture. It is demonstrated that its inference speed is not sensitive to the length of the network's paths.","1573-0077","978-3-903176-32-4","","","https://ieeexplore.ieee.org/stamp/stamp.jsp?arnumber=9464050","","Training;5G mobile communication;Network topology;Scalability;Reinforcement learning;Predictive models;Graph neural networks","","3","","31","","30 Jun 2021","","","IEEE","IEEE Conferences"
"Defensive configuration with game theory","S. Becker; R. State; T. Engel","LORIA INRIA-Lorraine, Villers-les-Nancy, France; LORIA INRIA-Lorraine, Villers-les-Nancy, France; University of Luxembourg-FSTC, Luxembourg",2009 IFIP/IEEE International Symposium on Integrated Network Management,"4 Aug 2009","2009","","","453","459","This paper proposes a new model, based on mainstream game theory for the optimal configuration of services. We consider the case of reliable realtime P2P communications and show how the configuration of security mechanisms can be configured using game theoretical concepts, in which the defendant is played by the management plane having to face adversaries which play the attacker role. Our main contribution lies in proposing a risk assessment framework and deriving optimal strategies - in terms of Nash equilibrium - for both the attacker and the defendant. We consider the specific service of communications in autonomic networks and we show how the optimal configuration can be determined within the proposed framework.","1573-0077","978-1-4244-3486-2","10.1109/INM.2009.5188848","","https://ieeexplore.ieee.org/stamp/stamp.jsp?arnumber=5188848","","Game theory;Telecommunication network reliability;Protocols;Risk management;Resilience;Computer architecture;Reliability theory;Security;Nash equilibrium;Real time systems","","","","13","IEEE","4 Aug 2009","","","IEEE","IEEE Conferences"
"Proactive Intent Policy Activation: An ML-Assisted Resource Forecasting Approach","T. A. Khan; W. Akbar; A. Muhammad; W. -C. Song","Dept. of Computer Engineering, Jeju National University, Jeju, South Korea; Dept. of Computer Engineering, Jeju National University, Jeju, South Korea; Dept. of Computer Engineering, Jeju National University, Jeju, South Korea; Dept. of Computer Engineering, Jeju National University, Jeju, South Korea",2022 23rd Asia-Pacific Network Operations and Management Symposium (APNOMS),"28 Oct 2022","2022","","","1","6","Due to the mega-scale of next-generation networks, dynamic network policy management and assessment is a continuous struggle for network operators. As a result, networks have evolved towards automated Softwarized intent-based policy platforms. IBN (Intent-based Networking) administers high-level interpretation of intents and translates them as policies to the lower-level infrastructures. As a Softwarized platform, it defines an SSOT (Single Source of Truth) where every high-level intention has well-defined policy action at every stage of orchestration from top to bottom. However, due to the dynamic nature of the network, the static quantitative measures may result in excessive reservation or under-allocation of network resources. As network service orchestration is performed for the future, deciding on service parameters per resource availability is crucial. Hence, this work utilizes machine-learning-based resource forecasting to determine quantitative measures for intent activation proactively. This work empowers IBN policy activation through LSTM (Long Short-Term Memory) based compute resource forecasting and RouteNet-driven transport network path link utilization forecasting. The goal of IBN is to ensure service level agreement, as there are two primary service activation rules, GBR and Non-GBR (Guaranteed Bit Rate); hence using forecasting, the proposed model ensures the service agreement accomplishment proactively.","2576-8565","978-4-885-52339-7","10.23919/APNOMS56106.2022.9919934","","https://ieeexplore.ieee.org/stamp/stamp.jsp?arnumber=9919934","IBN;Network Automation;AI-driven Networks;RouteNet;LSTM","Semantics;Memory management;Predictive models;Mathematical models;Forecasting;Standards;Next generation networking","","","","36","","28 Oct 2022","","","IEEE","IEEE Conferences"
"5G and software network paradigm","A. Tudzarov; S. Gelev","Faculty of Electrical Engineering, Goce Delcev University-Stip, R. Macedonia; Faculty of Electrical Engineering, Goce Delcev University-Stip, R. Macedonia",2018 23rd International Scientific-Professional Conference on Information Technology (IT),"30 Apr 2018","2018","","","1","5","This paper presents a view on the new software networks paradigm for future 5G networks that will help to achieve one of the most important requirements of the NGN like: sustainability, industry compatibility and usability. NG Network should be scalable, self-evolving and capable to address any current and future user needs. Building of closed and strict standards for networks ensures vendor compatibility and interconnectivity on one side but on other side reduces capability for fast evolution and adaptability for user needs. World economy is constantly accelerating and introduces great pressure on telecommunication industry to provide the required capabilities that will satisfy their requirements. This situation results in constant telecommunication struggle to introduce new network capabilities and features in very short time. It is time to start using all the Telecom and IT industry knowledge that we have to help to improve the network evolution. In that manner rebuilding the network from scratch by decomposition of network to building blocks and start building new network software based function and forms of network with strong self-awareness that can be interconnected on all different levels (not only vertical and horizontal but also sideways and diagonal). One way to do this is to software define the complete network scope and design a software adjusted network building blocks that can co-work with each other and can be interconnected on all levels. Two most promising technologies to introduce software based network organization in 5G are SDN and NFV technologies and in that sense their integration and cooperation in building the 5G network is crucial. There are several projects that are viewing in to this cooperation: 5GEx, 5G-Crosshaul, 5G-Xhaul, CHARISMA, COHERENT, SELFNET, SESAME, SONATA, SUPERFLUIDITY, VIRTUWIND which focus is in direction to enable most beneficial integration in joint software network organization of 5G architecture.","","978-1-5386-3620-6","10.1109/SPIT.2018.8350851","","https://ieeexplore.ieee.org/stamp/stamp.jsp?arnumber=8350851","NGN;5G;SDN;NFV;SDN Controller;SDN Network;Orchestration;Softwerization;Machine Learning","5G mobile communication;Software;Computer architecture;Network slicing;Industries;Hardware","","1","","10","IEEE","30 Apr 2018","","","IEEE","IEEE Conferences"
"Infrastructure-as-Code in Open-Networking: Git, Ansible, and Cumulus-Linux Case Study","G. Salazar-Chacón; D. M. Parra","Departamento de Ciencias de la Computación, Universidad de las Fuerzas Armadas - ESPE, Sangolquí, Ecuador; Departamento de Ciencias de la Computación, Universidad de las Fuerzas Armadas - ESPE, Sangolquí, Ecuador",2023 IEEE 13th Annual Computing and Communication Workshop and Conference (CCWC),"18 Apr 2023","2023","","","1126","1131","One of the necessities for modern connectivity infrastructures is decreasing devices setup-times and giving configuration visibility to troubleshoot complex scenarios more easily. This proof-of-concept and case study scenario demonstrates programmability in Open-Networking through an emulation of Cumulus Linux as an Open NOS (Network Operating System) with Ansible acting as a NAS (Network Automation Server), and Git as a VCS (Version Control System) for networking scripts, giving a global view of the technological evolution in data networks, focusing on the importance of IaaC (Infrastructures-as-a-Code) and NetDevOps.","","979-8-3503-3286-5","10.1109/CCWC57344.2023.10099084","","https://ieeexplore.ieee.org/stamp/stamp.jsp?arnumber=10099084","Open-Networking;Network Automation Server;Cumulus-Linux;Ansible;VXLAN;Git","Automation;Linux;Emulation;Pipelines;Process control;Tunneling;Servers","","1","","15","IEEE","18 Apr 2023","","","IEEE","IEEE Conferences"
"Induction and deduction for autonomous networks","Ying-Dar Lin; M. Gerla","Department of Computer and Information Science, National Chiao Tung University, Taiwan; Department of Computer Science, University of California, Los Angeles, CA, USA",IEEE Journal on Selected Areas in Communications,"6 Aug 2002","1993","11","9","1415","1425","The key issues in network management are the representation and sharing of management information and the automatic management mechanisms based on the underlying information infrastructure. The authors propose a framework, which operates on the standard management information base (MIB) and common management information protocol (CMIP), for a network management system with learning and inference as its management engines. In addition to the general domain knowledge, patterns related to the managed network are learned to enhance the understanding of the network and refine the knowledge base. Facts in object-oriented databases or queries from management applications trigger the inference process on logical rules which are either prespecified knowledge or learned network patterns. Forward inference drives prediction and control, while backward inference directs diagnosis and supports view abstraction. A case study on ATM network topology tuning is presented.<>","1558-0008","","10.1109/49.257933","","https://ieeexplore.ieee.org/stamp/stamp.jsp?arnumber=257933","","Telecommunication traffic;Information management;Knowledge management;Object oriented databases;Traffic control;Object oriented modeling;Computer network management;Access protocols;Engines;Network topology","","2","12","29","IEEE","6 Aug 2002","","","IEEE","IEEE Journals"
"GitOps and Kubernetes Operator-based Network Function Configuration","Á. Leiter; A. Hegyi; I. Kispál; P. Böõsy; N. Galambosi; G. Z. Tar","Nokia Bell Labs Budapest, Hungary; Nokia Bell Labs Budapest, Hungary; Nokia Bell Labs Budapest, Hungary; Nokia Bell Labs Budapest, Hungary; Nokia Bell Labs Budapest, Hungary; Nokia Bell Labs Budapest, Hungary",NOMS 2023-2023 IEEE/IFIP Network Operations and Management Symposium,"21 Jun 2023","2023","","","1","5","Cloud-native approach has touched network management and automation too. Kubernetes as de facto standard for running containerized network functions provide ways for network operation too. With the help of Kubernetes Operators (Operator Pattern) more and more manual network management work can be automatized which fits into the cloud-native ecosystem. In this paper, we present how Kubernetes Operators can be used for Netconf-based configuration management while utilizing GitOps principles. We provide numerical results to show the power of this type of network management.","2374-9709","978-1-6654-7716-1","10.1109/NOMS56928.2023.10154212","","https://ieeexplore.ieee.org/stamp/stamp.jsp?arnumber=10154212","Kubernetes Operators;Netconf;GitOps;Network Automation","Automation;Ecosystems;Configuration management;Communications technology;Standards","","2","","19","IEEE","21 Jun 2023","","","IEEE","IEEE Conferences"
"Toward Integrating Intelligence and Programmability in Open Radio Access Networks: A Comprehensive Survey","A. Arnaz; J. Lipman; M. Abolhasan; M. Hiltunen","School of Electrical and Data Engineering, University of Technology Sydney, Ultimo, NSW, Australia; School of Electrical and Data Engineering, University of Technology Sydney, Ultimo, NSW, Australia; School of Electrical and Data Engineering, University of Technology Sydney, Ultimo, NSW, Australia; AT&T Labs Research, Bedminster, NJ, USA",IEEE Access,"30 Jun 2022","2022","10","","67747","67770","Open RAN is an emerging vision and an advancement of the Radio Access Network (RAN). Its purpose is to implement a vendor and network-generation agnostic RAN, provide networking solutions across all service requests, and implement artificial intelligence solutions in different stages of an end-to-end communication path. The 5th Generation (5G) and beyond the 5th Generation (B5G) of networking introduce and support new use cases, such as tactile internet and autonomous driving. The complexity and innovative nature of these use cases require continuous innovation at a high pace in the RAN. The traditional approach of building end-to-end RAN solutions by only one vendor hampers the speed of innovation—furthermore, the lack of a standard approach to implementing artificial intelligence complicates the compatibility of products with the RAN ecosystem. O-RAN Alliance, a community of industry and academic experts in RAN, works on writing Open RAN specifications on top of the 3rd Generation Partnership Project (3GPP) standards. Founded on these specifications, the aim of this paper is to introduce open research topics in Open RAN that overlap the interests of both AI and telecommunication researchers. The paper provides an overview of the architecture and components of Open RAN, then explores AI use cases in Open RAN. Also, this survey includes some plausible AI deployment scenarios that the specifications have not covered. Open RAN in future cities creates opportunities for various use cases across different sectors, including engineering, operations, and research that this paper addresses.","2169-3536","","10.1109/ACCESS.2022.3183989","","https://ieeexplore.ieee.org/stamp/stamp.jsp?arnumber=9798822","5G;B5G;artificial intelligence;intelligent systems;machine learning;open RAN;radio access networks","Computer architecture;Artificial intelligence;5G mobile communication;Radio access networks;Communications technology;3G mobile communication;Machine learning","","27","","98","CCBYNCND","17 Jun 2022","","","IEEE","IEEE Journals"
"An Autonomous Service-Oriented Orchestration Framework for Software Defined Mobile Networks","X. -T. Dang; M. A. Khan; F. Sivrikaya","DAI-Labor, Technische Universitaet, Berlin, Germany; DAI-Labor, Technische Universitaet, Berlin, Germany; GT-ARC gGmbH, Berlin, Germany","2019 22nd Conference on Innovation in Clouds, Internet and Networks and Workshops (ICIN)","11 Apr 2019","2019","","","277","284","5G network evolution results in new challenges for mobile network management and orchestration. The emerging SDN and NFV technologies are transforming the network infrastructure and network service components into compositions of programmable virtualized functions. The resulting flexibility allows the network to be conceived as services, which are aware of vertical application QoS/QoE requirements. While most recent works focus on flexible network control and improved resource utilization in emerging mobile network architectures, an end-to-end orchestration of both network infrastructure and vertical application is not adequately explored. In this work, we identify the challenges and propose a service oriented framework for application-aware end-to-end mobile network orchestration. We also present a prototypical realization of the proposed framework, which is an orchestration platform for virtualized mobile networks. To address the challenges of multi-stakeholder and multi-layer mobile network architecture, we employ event calculus for modeling the network layers, and abductive reasoning approach for autonomous policy translation and service provisioning in a 2-phase algorithm. The framework is validated with a 5G enhanced mobility management application as a service on our software defined mobile network testbed. Initial performance measurements are analyzed for practical insights into the proposed framework, as well as suggestions for its future development.","2472-8144","978-1-5386-8336-1","10.1109/ICIN.2019.8685919","","https://ieeexplore.ieee.org/stamp/stamp.jsp?arnumber=8685919","Autonomous Network Management;Service Oriented Networking;Network as a Service;Network Service Model","","","2","","22","IEEE","11 Apr 2019","","","IEEE","IEEE Conferences"
"An Architecture for Autonomic Networks","P. Djukic","Office of the CTO Ciena Canada, Ottawa, Canada",2022 IEEE Future Networks World Forum (FNWF),"8 Mar 2023","2022","","","117","124","We elucidate our approach to top-down design of Application Programming Interfaces (APIs) for AI-enabled autonomic network slices. We start with the notion that an API design follows from the underlying software and hardware network architecture and the function and role of each architectural block. We then proceed to describe an adaptive and fully autonomic software architecture for hybrid (software and hardware) network slices, which has recently been a topic of interest for 6G networks. The architecture uses several software design and architectural patterns, which show how the architectural blocks behave and interact with each other. The knowledge of behaviour leads to required APIs. The APIs are further specified in the pattern definitions. We provide two examples of how the architecture is used to achieve network intent with self-adapting network slices.","2770-7679","978-1-6654-6250-1","10.1109/FNWF55208.2022.00030","","https://ieeexplore.ieee.org/stamp/stamp.jsp?arnumber=10056694","Network Intelligence;Orchestration;Assurance;Network Intent;6G","6G mobile communication;Software design;Adaptive systems;Software architecture;Computer architecture;Network architecture;Software","","","","25","IEEE","8 Mar 2023","","","IEEE","IEEE Conferences"
"A Survey on XAI for 5G and Beyond Security: Technical Aspects, Challenges and Research Directions","T. Senevirathna; V. H. La; S. Marchal; B. Siniarski; M. Liyanage; S. Wang","School of Computer Science, University College Dublin, Ireland; Montimage, France; VTT Technical Research Centre of Finland, Finkand; School of Computer Science, University College Dublin, Ireland; School of Computer Science, University College Dublin, Ireland; School of Computer Science, University College Dublin, Ireland",IEEE Communications Surveys & Tutorials,"","2024","PP","99","1","1","With the advent of 5G commercialization, the need for more reliable, faster, and intelligent telecommunication systems is envisaged for the next generation beyond 5G (B5G) radio access technologies. Artificial Intelligence (AI) and Machine Learning (ML) are immensely popular in service layer applications and have been proposed as essential enablers in many aspects of 5G and beyond networks, from IoT devices and edge computing to cloud-based infrastructures. However, existing 5G ML-based security surveys tend to emphasize AI/ML model performance and accuracy more than the models’ accountability and trustworthiness. In contrast, this paper explores the potential of Explainable AI (XAI) methods, which would allow stakeholders in 5G and beyond to inspect intelligent black-box systems used to secure next-generation networks. The goal of using XAI in the security domain of 5G and beyond is to allow the decision-making processes of ML-based security systems to be transparent and comprehensible to 5G and beyond stakeholders, making the systems accountable for automated actions. In every facet of the forthcoming B5G era, including B5G technologies such as ORAN, zero-touch network management, and end-to-end slicing, this survey emphasizes the role of XAI in them that the general users would ultimately enjoy. Furthermore, we presented the lessons from recent efforts and future research directions on top of the currently conducted projects involving XAI.","1553-877X","","10.1109/COMST.2024.3437248","Science Foundation Ireland under CONNECT phase 2(grant numbers:13/RC/2077_P2); European Union SPATIAL Project(grant numbers:101021808); Academy of Finland in 6Genesis(grant numbers:318927); ","https://ieeexplore.ieee.org/stamp/stamp.jsp?arnumber=10620685","B5G;5G;XAI;AI security;cyber-security;6G mobile communication;Accountability;Trustworthy AI;Explainable security","Artificial intelligence;5G mobile communication;Explainable AI;Security;Surveys;6G mobile communication;Wireless sensor networks","","1","","","IEEE","2 Aug 2024","","","IEEE","IEEE Early Access Articles"
"Blockchain and Intent-Based Networking: A Novel Approach to Secure and Accurate Network Policy Implementation","J. J. Diaz Rivera; M. Afaq; W. -C. Song",Department of Electronic Engineering; Department of Computer Engineering; Department of Computer Engineering,2023 24st Asia-Pacific Network Operations and Management Symposium (APNOMS),"25 Sep 2023","2023","","","77","82","In response to the swift evolution of network technologies, traditional security measures centered on perimeter defenses have become inadequate for the needs of present-day distributed systems. Contemporary paradigms, such as Zero Trust Networking (ZTN) and Software Defined Perimeters (SDP), enhance network security by implementing a ""never trust, always verify"" model. Establishing trust is a crucial part of security policies that govern access to network resources. Automated policy management, continuous monitoring, and data analytics are required to ensure these policies’ reliability. Intent-Based Networking (IBN) can meet these requirements by translating high-level security policies into network configurations, thus bolstering network management and policy enforcement. Integrating IBN with blockchain technology creates a single source of truth (SSoT) for intent translation, providing an immutable, transaction-based ledger to verify each interaction. Our proposed design employs the open-source Hyperledger Besu for a permissioned blockchain implementation, alongside a secure network overlay from NetFoundry (OpenZiti). An IBN system is integrated as a management layer for secure policy creation. These policies, in the form of intents, are stored in the blockchain. Additionally, an event listener mechanism is designed to automatically translate the intents from the blockchain into network overlay configurations. Furthermore, a synchronizer ensures that the state of the network overlay remains aligned with the policy configurations defined by the intents in the blockchain. The overall research aims to achieve a Zero Touch and Trust (ZT&T) network system.","2576-8565","978-89-950043-9-5","","National Research Foundation; ","https://ieeexplore.ieee.org/stamp/stamp.jsp?arnumber=10258188","IBN;Zero Trust Network;Software Defined Perimeter;Blockchain;Security Policies","Scalability;Network security;Software;Robustness;Real-time systems;Blockchains;Zero Trust","","1","","17","","25 Sep 2023","","","IEEE","IEEE Conferences"
"Empowering 6G Communication Systems With Digital Twin Technology: A Comprehensive Survey","N. P. Kuruvatti; M. A. Habibi; S. Partani; B. Han; A. Fellan; H. D. Schotten","Department of Electrical and Computer Engineering, Division of Wireless Communications and Radio Navigation, Technische Universität Kaiserslautern, Kaiserslautern, Germany; Department of Electrical and Computer Engineering, Division of Wireless Communications and Radio Navigation, Technische Universität Kaiserslautern, Kaiserslautern, Germany; Department of Electrical and Computer Engineering, Division of Wireless Communications and Radio Navigation, Technische Universität Kaiserslautern, Kaiserslautern, Germany; Department of Electrical and Computer Engineering, Division of Wireless Communications and Radio Navigation, Technische Universität Kaiserslautern, Kaiserslautern, Germany; Department of Electrical and Computer Engineering, Division of Wireless Communications and Radio Navigation, Technische Universität Kaiserslautern, Kaiserslautern, Germany; Department of Electrical and Computer Engineering, Division of Wireless Communications and Radio Navigation, Technische Universität Kaiserslautern, Kaiserslautern, Germany",IEEE Access,"28 Oct 2022","2022","10","","112158","112186","The global roll-out phase of the fifth-generation of mobile communication systems is currently underway. The industry and academia have already begun research on potential sixth-generation (6G) communication systems. The 6G communication system is anticipated to provide network connectivity for an extensive range of use cases in a variety of emerging vertical industries. Consequently, a new set of challenging requirements and more stringent key performance indicators have to be considered, a novel architecture has to be designed, and unique enabling technologies shall be developed in order to fulfill the technical, regulatory, and business demands of the communication service customers. These requirements place enormous pressure on the players in the telecommunications industry, including network operators, service providers, hardware suppliers, standards development organizations (SDOs), and regulatory authorities aimed at developing, standardizing, and regulating an energy-efficient, cost-effective, performing, and sustainable 6G communication ecosystem. One area of focus for 6G communication systems is the digital twin (DT) technology, which is a well-defined set of tools designed to create virtual representations of physical objects that serve as their digital counterparts. This article explores the applicability of the DT technology in the context of 6G communication systems by viewing it as a promising tool to make research, development, operation, and optimization of the next-generation communication systems highly efficient. The major contribution of this article is fivefold. Firstly, we provide critical analysis of the state-of-the-art literature in the field of DT technology in order to capture its essence in several application areas since its inception. Secondly, we conduct a comprehensive survey of the research concerning the deployment of DT technology in 6G communication systems. Thirdly, we discuss potential use cases and key areas of applications (along with detailed examples) of 6G communication systems that can benefit from DT technology. Fourthly, we present an overview of the activities of several SDOs that are active in the field of DT technology. Finally, we identify several open research challenges and future directions that need to be addressed before the end-to-end deployment of DT technology in 6G communication systems.","2169-3536","","10.1109/ACCESS.2022.3215493","European Union’s Horizon 2020 Research and Innovation Program through the Project Hexa-X(grant numbers:101015956); ","https://ieeexplore.ieee.org/stamp/stamp.jsp?arnumber=9923927","5G;beyond 5G;6G;automation;communication systems;digital twinning;digital twin network;digital twin technology;intelligence;physical twin","6G mobile communication;Communication systems;Industries;5G mobile communication;Digital twins;Mobile communication;Communication networks","","41","","130","CCBY","19 Oct 2022","","","IEEE","IEEE Journals"
"A Survey on Observability of Distributed Edge & Container-Based Microservices","M. Usman; S. Ferlin; A. Brunstrom; J. Taheri","Department of Computer Science, Karlstad University, Karlstad, Sweden; Department of Computer Science, Karlstad University, Karlstad, Sweden; Department of Computer Science, Karlstad University, Karlstad, Sweden; Department of Computer Science, Karlstad University, Karlstad, Sweden",IEEE Access,"24 Aug 2022","2022","10","","86904","86919","Edge computing is proposed as a technical enabler for meeting emerging network technologies (such as 5G and Industrial Internet of Things), stringent application requirements and key performance indicators (KPIs). It aims to alleviate the problems associated with centralized cloud computing systems by placing computational resources to the network’s edge, closer to the users. However, the complexity of distributed edge infrastructures grows when hosting containerized workloads as microservices, resulting in hard to detect and troubleshoot outages on critical use cases such as industrial automation processes. Observability aims to support operators in managing and operating complex distributed infrastructures and microservices architectures by instrumenting end-to-end runtime performance. To the best of our knowledge, no survey article has been recently proposed for distributed edge and containerized microservices observability. Thus, this article surveys and classifies state-of-the-art solutions from various communities. Besides surveying state-of-the-art, this article also discusses the observability concept, requirements, and design considerations. Finally, we discuss open research issues as well as future research directions that will inspire additional research in this area.","2169-3536","","10.1109/ACCESS.2022.3193102","Knowledge Foundation of Sweden (KKS) through the Synergy Project AIDA—A Holistic AI-Driven Networking and Processing Framework for Industrial IoT(grant numbers:Rek:20200067); ","https://ieeexplore.ieee.org/stamp/stamp.jsp?arnumber=9837035","Automation;cloud-native;containers;DevOps;edge;Industrial Internet of Things (IIoT);microservices;monitoring;observability;operation;software-defined infrastructure;visibility","Monitoring;Observability;Cloud computing;Microservice architectures;Computer architecture;Industrial Internet of Things;Image edge detection","","33","","106","CCBY","21 Jul 2022","","","IEEE","IEEE Journals"
"Empowering the 6G Cellular Architecture With Open RAN","M. Polese; M. Dohler; F. Dressler; M. Erol-Kantarci; R. Jana; R. Knopp; T. Melodia","Institute for the Wireless Internet of Things, Northeastern University, Boston, MA, USA; Advanced Technology Group, Ericsson Inc., Santa Clara, CA, USA; School of Electrical Engineering and Computer Science, TU Berlin, Berlin, Germany; School of Electrical Engineering and Computer Science, University of Ottawa, Ottawa, Canada; Google, New York City, NY, USA; EURECOM, Sophia Antipolis, Biot, France; Institute for the Wireless Internet of Things, Northeastern University, Boston, MA, USA",IEEE Journal on Selected Areas in Communications,"16 Jan 2024","2024","42","2","245","262","Innovation and standardization in 5G have brought advancements to every facet of the cellular architecture. This ranges from the introduction of new frequency bands and signaling technologies for the radio access network (RAN), to a core network underpinned by micro-services and network function virtualization (NFV). However, like any emerging technology, the pace of real-world deployments does not instantly match the pace of innovation. To address this discrepancy, one of the key aspects under continuous development is the RAN with the aim of making it more open, adaptive, functional, and easy to manage. In this paper, we highlight the transformative potential of embracing novel cellular architectures by transitioning from conventional systems to the progressive principles of Open RAN. This promises to make 6G networks more agile, cost-effective, energy-efficient, and resilient. It opens up a plethora of novel use cases, ranging from ubiquitous support for autonomous devices to cost-effective expansions in regions previously underserved. The principles of Open RAN encompass: (i) a disaggregated architecture with modular and standardized interfaces; (ii) cloudification, programmability and orchestration; and (iii) AI-enabled data-centric closed-loop control and automation. We first discuss the transformative role Open RAN principles have played in the 5G era. Then, we adopt a system-level approach and describe how these Open RAN principles will support 6G RAN and architecture innovation. We qualitatively discuss potential performance gains that Open RAN principles yield for specific 6G use cases. For each principle, we outline the steps that research, development and standardization communities ought to take to make Open RAN principles central to next-generation cellular network designs.","1558-0008","","10.1109/JSAC.2023.3334610","U.S. National Science Foundation(grant numbers:CNS-2117814); Federal Ministry of Education and Research (BMBF), Germany, within the 6G Platform(grant numbers:16KISK050); ","https://ieeexplore.ieee.org/stamp/stamp.jsp?arnumber=10329947","Open RAN;6G;architecture;end-to-end","5G mobile communication;Cellular networks;6G mobile communication;Wireless communication;Technological innovation;3GPP;Quality of service","","14","","153","IEEE","28 Nov 2023","","","IEEE","IEEE Journals"
"5G Service Value Chain and Network Slicing Framework Using Ecosystem Modeling, Agile Delivery, and User-Story Automation","M. U. Alhuseini; M. M. Olama","New Service Introduction, Nokia Solutions and Networks GmbH & Co. KG, Munich, Germany; Computational Sciences and Engineering Division, Oak Ridge National Laboratory, Oak Ridge, TN, USA",IEEE Access,"21 Aug 2019","2019","7","","110856","110873","The 5G technology allows telecommunication operators to provide services beyond data broadband for consumers, employing tailored use-cases for enterprise and vertical markets. As a result, there is an increasing need for a collaborative service development through a de-centralized value-chain, along with new business models and shorter time-to-market. In this paper, a novel, use-case driven framework for a modular 5G service design and delivery is proposed. The framework implements agile and as-a-service principles to provide 5G use-case customers access not only to service usage, but also to design and operation. The framework integrates with the 3rd Generation Partnership Project (3GPP) specifications by mapping network-slicing procedures to the designed ecosystem lifecycle operations. The framework allows for the any-technology deployment, utilizing the available foundations for domain-specific automation. A structured collaboration between a 5G operator and a use-case user allows for the customization and improvement of the targeted use-case, where 5G network assets are updated with customer's vertical components through programmable user-stories. Laboratory testing of a 5G network-slicing for a private-telephony and merchandise-tracking service is performed to validate the effectiveness of the proposed approach for real-world applications.","2169-3536","","10.1109/ACCESS.2019.2933193","Nokia; ","https://ieeexplore.ieee.org/stamp/stamp.jsp?arnumber=8787746","5G;network slicing;service modeling;ecosystem modeling;solution design;system integration;agile delivery;process planning;everything-as-a-service;value chain;telecom services","5G mobile communication;Business;Biological system modeling;Network slicing;Ecosystems;3GPP;Broadband communication","","8","","48","CCBY","5 Aug 2019","","","IEEE","IEEE Journals"
"The Road to Trustworthy 6G: A Survey on Trust Anchor Technologies","B. Veith; D. Krummacker; H. D. Schotten","Intelligent Networks Research Group, German Research Center for Artificial Intelligence (DFKI GmbH), Kaiserslautern, Germany; Intelligent Networks Research Group, German Research Center for Artificial Intelligence (DFKI GmbH), Kaiserslautern, Germany; Intelligent Networks Research Group, German Research Center for Artificial Intelligence (DFKI GmbH), Kaiserslautern, Germany",IEEE Open Journal of the Communications Society,"27 Feb 2023","2023","4","","581","595","While 5G networks are driving a growing number of use cases in the fields of iot and industrial applications, the vision of the next generation of mobile communications systems already includes concepts massively transforming the way people will interact with the digital world through the network, as humans are shifting into the center of diverse network driven applications. Envisaged use cases and possibilities to provide services and resources in a distributed manner render an architectural solution for trust establishment a critical component of 6G networks. This survey provides an overview of terms and visions related to the topic of trust in general and in mobile communications systems. Requirements for an end-to-end trust building framework are derived, in order to give a starting point for the design process of a trust anchor service as a component of 6G networks.","2644-125X","","10.1109/OJCOMS.2023.3244274","German Federal Ministry for Education and Research (BMBF) through the Project »Open6GHub«(grant numbers:16KISK003K); ","https://ieeexplore.ieee.org/stamp/stamp.jsp?arnumber=10042484","6G;AI;DLT;trust anchors;trust as a service","6G mobile communication;Security;Peer-to-peer computing;Buildings;Quality of service;Distributed ledger;Biological system modeling","","7","","84","CCBYNCND","13 Feb 2023","","","IEEE","IEEE Journals"
"AI-Driven Data Analytics and Intent-Based Networking for Orchestration and Control of B5G Consumer Electronics Services","K. Abbas; A. Nauman; M. Bilal; J. -H. Yoo; J. W. -K. Hong; W. -C. Song","Department of Computer Science, Hanyang University Seoul, Seoul, South Korea; Department of Information and Communication Engineering, Yeungnam University, Gyeongsan, South Korea; School of Computing and Communications, Lancaster University, LA1 4YW Lancaster, U.K; Department of Computer Science and Engineering, Pohang University of Science and Technology, Pohang, South Korea; Department of Computer Science and Engineering, Pohang University of Science and Technology, Pohang, South Korea; Department of Computer Engineering, Jeju National University, Jeju, South Korea",IEEE Transactions on Consumer Electronics,"29 Apr 2024","2024","70","1","2155","2169","Network slicing is a critical feature of the beyond fifth-generation (B5G) network that supports a wide range of innovative services from 5.0 industries, next-generation consumer electronics, smart healthcare, etc. Network slicing guarantees the provisioning of quality of service (QoS) aware dedicated resources to each service. However, the orchestration and management of network slicing is very challenging because of the complex configuration process for underlying network resources. Furthermore, the third generation partnership project (3GPP) presented artificial intelligence (AI) based network data analytics function (NWDAF) in 5G for proactive management and intelligence. Therefore, we have developed an intent-based networking (IBN) system for automating network slices and an AI-driven NWDAF for proactive and intelligent resource assurance. The network data analytics function uses a hybrid stacking ensemble learning (STEL) algorithm to predict network resource utilization and a novel automated machine learning (AutoML) and voting ensemble learning-based mechanism to detect and mitigate network anomalies. To validate the performance of the implemented work, real-time datasets were employed, and a comparative analysis was conducted. The experimental result shows that our STEL model enhances the accuracy by 20% and reduces the error rate by 45%. The AutoML and ensemble learning-based optimized model achieved 99.22% accuracy for anomaly detection.","1558-4127","","10.1109/TCE.2023.3324010","National Research Foundation (NRF) South Korea under Project BK21 FOUR; Institute of Information and Communications Technology Planning and Evaluation (IITP); Korean Government (MSIT, Development of Virtual Network Management Technology Based on Artificial Intelligence)(grant numbers:2018-0-00749); ","https://ieeexplore.ieee.org/stamp/stamp.jsp?arnumber=10285423","Beyond 5G;next-generation consumer electronics services;5G slicing;intent-based networking;AI;automated machine learning;network data analytics function","Quality of service;5G mobile communication;Network slicing;Artificial intelligence;Consumer electronics;Automation;Cloud computing","","5","","54","IEEE","13 Oct 2023","","","IEEE","IEEE Journals"
"IPDAC: An Integrated IP Address Management Framework for Telecommunication Management Networks","T. -H. Wang; Y. -C. Chen; Y. -T. Huang; C. -M. Hsu; K. -S. Hsu; C. -H. Hu","Network Management Laboratory, Chunghwa Telecom Laboratories, Taoyuan, Taiwan; Department of Information Management, National Chi Nan University, Puli, Nantou 545, Taiwan; Network Management Laboratory, Chunghwa Telecom Laboratories, Taoyuan, Taiwan; Network Management Laboratory, Chunghwa Telecom Laboratories, Taoyuan, Taiwan; Network Management Laboratory, Chunghwa Telecom Laboratories, Taoyuan, Taiwan; Network Management Laboratory, Chunghwa Telecom Laboratories, Taoyuan, Taiwan",2019 20th Asia-Pacific Network Operations and Management Symposium (APNOMS),"7 Nov 2019","2019","","","1","4","The delivery of digital services, offered by telecom operators, relies on secure and reliable underlying networks. The networks should be protected via the enforcement of a strict access control scheme for use of IP resources. It is recommended that all IP addresses for use in a telecommunication management network be statically assigned and must be registered before use. Therefore, there is a need for an effective IP address management (IPAM) scheme which can be widely applicable across the telecommunication management network. In a telecom operator, the operations and management of networks are usually accomplished through a set of OSSs with different functions or management scopes. In this paper, we will propose an IPAM framework which can be integrated with these OSSs. The proposed IPAM framework is constructed by the processes of IP address discovery and network access control schemes. This paper will discuss how to seamlessly integrate IP address discovery and network access control with the current OSSs of Chunghwa Telecom.","2576-8565","978-4-88552-320-5","10.23919/APNOMS.2019.8893138","","https://ieeexplore.ieee.org/stamp/stamp.jsp?arnumber=8893138","IPAM;IP Address Discovery;Network Access Control;OSS Integration","IP networks;Access control;Logic gates;Performance evaluation","","3","","9","","7 Nov 2019","","","IEEE","IEEE Conferences"
"Intent-Based Network Management in 6G Core Networks","P. Lingga; J. J. Kim; J. P. Jeong","Dept. of Electrical and Computer Engineering, Sungkyunkwan University, Suwon, Republic of Korea; Dept. of Computer Science and Engineering, Sungkyunkwan University, Suwon, Republic of Korea; Dept. of Computer Science and Engineering, Sungkyunkwan University, Suwon, Republic of Korea",2022 13th International Conference on Information and Communication Technology Convergence (ICTC),"25 Nov 2022","2022","","","760","762","Supporting network intelligence is one of the main goals of 6G core networks. Network intelligence can provide a self-driving network that optimizes and adjusts itself with the least amount of human interaction. Intent-Based Networking (IBN) is an approach that can be combined with 6G core networks to provide automation. The IBN concept provides a closed-loop control architecture that is able to adapt to the status of the network by monitoring data from network functions. Network Data Analytics Function (NWDAF) is proposed by the 3rd Generation Partnership Project (3GPP) to collect monitoring data from multiple network functions. This paper proposes an architecture that combines the NWDAF with the IBN concept to merge it with Artificial Intelligence (AI) and Machine Learning (ML) to analyze the monitoring data. The proposed scheme creates a system that will be able to provide automatic verification and optimization for the 6G core networks.","2162-1241","978-1-6654-9939-2","10.1109/ICTC55196.2022.9952437","","https://ieeexplore.ieee.org/stamp/stamp.jsp?arnumber=9952437","6G;IBN;network intelligence;NWDAF","6G mobile communication;Data analysis;Automation;Machine learning;Data collection;Information and communication technology;3GPP","","2","","5","IEEE","25 Nov 2022","","","IEEE","IEEE Conferences"
"Reorchestration: a Reactive Orchestration Architecture","A. Vidal; P. H. Gomes; M. Santos",Ericsson Research; Ericsson Research; Ericsson Research,2019 IEEE Conference on Network Softwarization (NetSoft),"22 Aug 2019","2019","","","498","505","Orchestration is crucial to address the growing complexity of IT, cloud and telecom services. Orchestrators enable service deployment, but continuous operation is given second-class status. Most orchestrators use static workflows, which may fail, misbehave or be insufficient, leaving services in an undesirable state. We propose the Reorchestration architecture for orchestration without workflows, which marries functional-inspired state management with an infrastructure-as-code approach. It enables changes to be applied to existing services, while providing a high-level framework for expressing how these changes should happen. We also share our first prototype, in the hope that it can foster discussions on new software architectures for orchestrators and closed-loop automation.","","978-1-5386-9376-6","10.1109/NETSOFT.2019.8806677","","https://ieeexplore.ieee.org/stamp/stamp.jsp?arnumber=8806677","Orchestration;day-2 operations;workflows;closed-loop automation","Tools;Cloud computing;Automation;Complexity theory;Computer architecture;Maintenance engineering;Task analysis","","1","","11","IEEE","22 Aug 2019","","","IEEE","IEEE Conferences"
"Open Disaggregated Optical Network Control with Network Management as Code","J. Errea; H. T. Quang; D. Verchere; H. T. Thieu; A. Mazzini; L. Abnaou; J. Pesic; M. Curtol; A. El Imadi; A. Ksentini; D. Zeghlache","Nokia Bell Labs, Nozay, France; Nokia Bell Labs, Nozay, France; Nokia Bell Labs, Nozay, France; Nokia Bell Labs, Murray Hill, US; Nokia, Vimercate, Italy; Nokia, Nozay, France; Nokia, Nozay, France; Nokia, Nozay, France; Nokia, Nozay, France; EURECOM Research Institute, Biot, France; Telecom SudParis, Institut Polytechnique de Paris, France",2023 Optical Fiber Communications Conference and Exhibition (OFC),"19 May 2023","2023","","","1","3","Network Management as Code is presented to manage the infrastructure and deployment of control functions in a declarative manner by adopting GitOps in open disaggregated optical networks. We introduce an Automation Engine that analyzes topology changes to trigger the Continuous Delivery procedure of SDN applications on a micro-service architecture.","","979-8-3503-1229-4","10.1364/OFC.2023.M3Z.8","","https://ieeexplore.ieee.org/stamp/stamp.jsp?arnumber=10116583","","Codes;Automation;Network topology;Optical fiber networks;Topology;Engines","","1","","8","","19 May 2023","","","IEEE","IEEE Conferences"
"HolistIX: a zero-touch approach for IXPs","C. Visser; S. Yamamoto; T. Takashi; Y. Sekiya; M. Bruyere","IIJ Innovation Institute, Japan; The University of Tokyo, Japan; National institute of information and communications, Japan; The University of Tokyo, Japan; IIJ Innovation Institute, Japan",2021 17th International Conference on Network and Service Management (CNSM),"2 Dec 2021","2021","","","1","7","Zero-Touch is a broad concept, but it is understood as a means to limit human exposure to the data-plane states, and therefore reduces the potential for error. By combining the various layers from the administration level down to the switching fabric, introducing a new top to bottom architecture. This paper presents our operational research project HolistIX, a full-stack management solution enabling zero-touch networking within IXP infrastructure networks. HolistIX achieves this by first bringing diagramming to the forefront of topology planning and automated network configuration generation. This is then followed by verifying the proposed network configuration through emulation before deployment to the production network. By utilizing Umbrella SDN switching fabric, HolistIX enables full-stack management, with minimal human interaction required. We also briefly present the results of deploying our HolistIX approach in two IXPs, one in France (TouIX) and the other in Japan (DIX-IE).","2165-963X","978-3-903176-36-2","10.23919/CNSM52442.2021.9615540","","https://ieeexplore.ieee.org/stamp/stamp.jsp?arnumber=9615540","","Network topology;Emulation;Switches;Production;Fabrics;Robustness;Topology","","1","","26","","2 Dec 2021","","","IEEE","IEEE Conferences"
"Disaggregated Near-RT RIC Control Plane with Unified 5G DB for NS, MEC and NWDAF Integration","H. Donertasli; M. Medithe",NA; NA,2022 7th International Conference on Computer Science and Engineering (UBMK),"28 Oct 2022","2022","","","1","6","The use-case of RAN Controller with MEC and Network Slicing integration by using unified 5G data collection and analytics is one of the key enablers for 5G networks to function based on the low latency requirements. Connecting these components are challenging for the operators due to the lack of single source of authority and unified data. O-RAN architecture extends the SDN controller concept of decoupling the control-plane (CP) from the user-plane (UP) by enhancing the traditional RAN functions with AI via RAN Intelligent Controller (RIC). However, disaggregating only CP and DP is not enough for the integration of the key enablers, indeed there is a need for disaggregation of CP of Near-RT RIC itself as well so that MEC, NS and NWDAF can connect in form of xApps which are the first anchor point of the authority and data handshake for time sensitive applications to be landed. In this paper, we proposed an architectural perspective focusing on the Near-RT RIC platform with the disaggregated CP enhancements and end-to-end combined xApp-rApp solution for smooth NS, MEC and NWDAF integration.","2521-1641","978-1-6654-7010-0","10.1109/UBMK55850.2022.9919594","","https://ieeexplore.ieee.org/stamp/stamp.jsp?arnumber=9919594","5G;MEC;Network Slicing;NS;NWDAF;xApp;rApp;Near-RT RIC;URLLC;AI;ML;SDN;DB","Computer science;Technological innovation;5G mobile communication;Databases;Network slicing;Focusing;Computer architecture","","1","","12","IEEE","28 Oct 2022","","","IEEE","IEEE Conferences"
"Distributed Energy Systems","M. Hentea",NA,Building an Effective Security Program for Distributed Energy Resources and Systems,"","2021","","","353","389","Classic electricity grids are based on large central power stations connected to high‐voltage transmission systems. Distributed energy systems include a diverse array of distributed generation, energy storage and energy monitoring, and control solutions. Energy storage technologies are analyzed under the criteria such as operation and advantages, applications, cost, disadvantages, and future potential applications. Distributed energy resource (DER) systems typically use renewable energy sources, communication technologies, and interfaces to connect to utilities and consumers. DER integration and management is applicable to both distribution and transmission systems. A global survey was conducted in 2012 on security governance, specifically how boards of directors and senior management are governing the security of their organizations’ information, applications, and networks. The chapter provides an overview of the recent cyber incidents targeting electricity sector and energy sector for the period of 2012‐2016. The smart grid brings new challenges and privacy issues, which require regulatory frameworks and adequate protection.","","9781119070429","10.1002/9781119070740.ch10","","https://ieeexplore.ieee.org/xpl/ebooks/bookPdfWithBanner.jsp?fileName=9415330.pdf&bkn=9415286&pdfType=chapter","","Energy storage;Distributed power generation;Business;Renewable energy sources;Security;Generators;Computational modeling","","","","","","23 Apr 2021","","","Wiley","Wiley Telecom eBook Chapters"
"Use-Case Analysis regarding Trust Relations in Dynamic Networks","B. Veith; A. Kiggundu; D. Krummacker; C. Fischer; H. D. Schotten",NA; NA; NA; NA; NA,Mobile Communication - Technologies and Applications; 27th ITG-Symposium,"11 Oct 2023","2023","","","152","157","Communication infrastructures, i.e. machine-tomachine communication networks dedicated to provide certain means for participants to exchange information, become constantly more flexible and operate more dynamically. The evolution of underlying technologies introduces new features by which gradually new mechanisms and freedom in operation are enabled. Services can be dynamically redeployed during runtime, states be migrated between devices. Software-defined message exchange frameworks make data omni-available and establish interaction across all layers of abstraction. We analyze in this work various descriptive use cases for future mobile communications regarding the specific trust relations between different actors and point out the necessity for explicit trust management in the network.","","978-3-8007-6094-7","","","https://ieeexplore.ieee.org/stamp/stamp.jsp?arnumber=10278522","","","","","","","","11 Oct 2023","","","VDE","VDE Conferences"
"The Kubernetes Bible: The definitive guide to deploying and managing Kubernetes across major cloud platforms","N. Kebbani; P. Tylenda; R. McKendrick",NA; NA; NA,The Kubernetes Bible: The definitive guide to deploying and managing Kubernetes across major cloud platforms,"","2022","","","","","Get up and running with Kubernetes 1.19 and simplify the way you build, deploy, and maintain scalable distributed systemsKey FeaturesDesign and deploy large clusters on various cloud platformsExplore containerized application deployment, debugging, and recovery with the latest Kubernetes version 1.19Become well-versed with advanced Kubernetes topics such as traffic routing or Pod autoscaling and schedulingBook DescriptionWith its broad adoption across various industries, Kubernetes is helping engineers with the orchestration and automation of container deployments on a large scale, making it the leading container orchestration system and the most popular choice for running containerized applications. This Kubernetes book starts with an introduction to Kubernetes and containerization, covering the setup of your local development environment and the roles of the most important Kubernetes components. Along with covering the core concepts necessary to make the most of your infrastructure, this book will also help you get acquainted with the fundamentals of Kubernetes. As you advance, you'll learn how to manage Kubernetes clusters on cloud platforms, such as Amazon Web Services (AWS), Microsoft Azure, and Google Cloud Platform (GCP), and develop and deploy real-world applications in Kubernetes using practical examples. Additionally, you'll get to grips with managing microservices along with best practices. By the end of this book, you'll be equipped with battle-tested knowledge of advanced Kubernetes topics, such as scheduling of Pods and managing incoming traffic to the cluster, and be ready to work with Kubernetes on cloud platforms.What you will learnManage containerized applications with KubernetesUnderstand Kubernetes architecture and the responsibilities of each componentSet up Kubernetes on Amazon Elastic Kubernetes Service, Google Kubernetes Engine, and Microsoft Azure Kubernetes ServiceDeploy cloud applications such as Prometheus and Elasticsearch using Helm chartsDiscover advanced techniques for Pod scheduling and auto-scaling the clusterUnderstand possible approaches to traffic routing in KubernetesWho this book is forThis book is for software developers and DevOps engineers looking to understand how to work with Kubernetes for orchestrating containerized applications and services in the cloud. Prior experience with designing software running in operating system containers, as well as a general background in DevOps best practices, will be helpful. Basic knowledge of Kubernetes, Docker, and leading cloud service providers assist with grasping the concepts covered easily.","","9781838829452","","","https://ieeexplore.ieee.org/xpl/ebooks/bookPdfWithBanner.jsp?fileName=10163170.pdf&bkn=10163169&pdfType=book","","","","","","","","27 Jun 2023","","","Packt Publishing","Packt Publishing eBooks"
"Blockchain Technology for Industry 4.0","R. K. Berwer; S. Indora; D. K. Atal; V. Yadav","Department of Computer Science and Engineering, Deenbandhu Chhotu Ram University of Science and Technology, Sonipat, Haryana, India; Department of Computer Science and Engineering, Deenbandhu Chhotu Ram University of Science and Technology, Sonipat, Haryana, India; Department of Biomedical Engineering, Deenbandhu Chhotu Ram University of Science and Technology, Sonipat, Haryana, India; Expresslending Pty Ltd, Melbourne, Victoria, Australia",Topics in Artificial Intelligence Applied to Industry 4.0,"","2024","","","107","125","The Internet of Things (IoT) and blockchain have become the primary technologies that are essential to the development of a smart society. Due to their numerous uses in our daily lives, these technologies are becoming increasingly popular. Industry 4.0 is the advancement of how present businesses operate to attain superior efficiency, end‐to‐end connectivity, lower expenses, and better quality. By utilizing technology from the IoTs, artificial intelligence (AI), or data analytics, it tries to achieve interconnectivity and automation. Better automation and connectivity are not without problems, though. Among them include building trust and dependability, increasing transparency, product traceability, creating a productive supply chain, safely storing and exchanging transactional data, and certification for quality compliance. Blockchain technology is used in several industrial applications because of its decentralization, immutability, authenticity, and transparency properties, and it also has various features related to accessibility, such as smart contract, proof of work, DApps, and so on. Blockchain is not limited to Bitcoin (cryptocurrency); it can be used in many industries like health care, supply management, financial organizations, and so on. The chapter covers the use of blockchain technology in several Industry 4.0 applications and how it might solve their problems. The basics of Industry 4.0 are covered first. Following that, an explanation of blockchain's operation and its potential role in Industry 4.0 is provided. The problems of Industry 4.0 are further discussed, along with potential solutions using blockchain technology. The difficulties associated with applying blockchain technology to the development of Industry 4.0 are also covered in this chapter.","","9781394216123","10.1002/9781394216147.ch6","","https://ieeexplore.ieee.org/xpl/ebooks/bookPdfWithBanner.jsp?fileName=10496332.pdf&bkn=10496286&pdfType=chapter","","Blockchains;Fourth Industrial Revolution;Smart contracts;Industries;Distributed ledger;Peer-to-peer computing;Costs","","","","","","10 Apr 2024","","","Wiley","Wiley Telecom eBook Chapters"
"Overcoming Network and Security Management Platform Gaps in Federated Software Networks","M. Steinke; W. Hommel","Bundeswehr University Munich, Neubiberg, Germany; Bundeswehr University Munich, Neubiberg, Germany",2018 14th International Conference on Network and Service Management (CNSM),"23 Dec 2018","2018","","","295","299","Software networks are on the verge of replacing traditional communications network infrastructures on a large scale; they are composed of software-defined networks, virtualized network functions, and virtual compute resources. While software networks thrive on scalability, high dynamics, and flexibility, they also are inherently tied to conceptually new challenges for network management, i.e., the tasks carried out by network operators in order to provision, maintain, and optimize network-based IT services. While individual management tools are made available for each software network component by the vendors, integrated management architectures, which enable the common management of components across the heterogeneity of vendors and types as well as models, need to be redesigned to achieve the same level of maturity and usefulness compared to their counterparts in traditional networks. This paper focuses on management platforms for federated software networks - operated by several independent parties - systematically, based on their key characteristics. We identify gaps in management platform design and propose measures to close them.","2165-963X","978-3-9031-7614-0","","","https://ieeexplore.ieee.org/stamp/stamp.jsp?arnumber=8584959","network management;security management;management architecture;SDN;NFV","Software;Monitoring;Tools;Organizations;Security management;Task analysis","","","","29","","23 Dec 2018","","","IEEE","IEEE Conferences"
"Achieving Digital Transformation Using Hybrid Cloud: Design standardized next-generation applications for any infrastructure","V. Grover; I. Verma; P. Rajagopalan",NA; NA; NA,Achieving Digital Transformation Using Hybrid Cloud: Design standardized next-generation applications for any infrastructure,"","2023","","","","","Accelerate your career growth by building dynamic applications that function across all environments and cloud types Purchase of the print or Kindle book includes a free PDF eBookKey FeaturesLearn hybrid cloud architecture from experienced cloud and telco architectsAdapt and deploy emerging technologies like AI and ML in a standardized and secure mannerMaster communication between Kubernetes clusters and managementBook DescriptionHybrid cloud technology can be leveraged by organizations aiming to build next-gen applications while safeguarding prior technological investments. This book will help you explore different hybrid cloud architectural patterns, whether designing new projects or migrating legacy applications to the cloud. You'll learn about the key building blocks of hybrid cloud enabling you to deploy, manage, and secure applications and data while porting the workloads between environments without rebuilding. Further, you’ll explore Kubernetes, GitOps, and Layer 3/7 services to reduce operational complexity. You'll also learn about nuances of security and compliance in hybrid cloud followed by the economics of hybrid cloud. You’ll gain a deep understanding of the concepts with use cases from telecom 5G and industrial manufacturing, giving you a glimpse into real industry problems resolved by hybrid cloud, and unlocking millions of dollars of opportunities for enterprises. By the end of this book, you'll be well-equipped to design and develop efficient hybrid cloud strategies, lead conversations with senior IT and business executives, and succeed in hybrid cloud implementation or transformation opportunities.What you will learnDesign and build a foundation for hybrid cloud platformLeverage Kubernetes, containers, and GitOps for hybrid cloudUse architectural pattern blueprints to deliver applications on hybrid cloudEnable communication between applications hosted on different cloudsRollout zero-touch provisioning and monitoring in a hybrid architectureEnhance stability and scale up or down without rebuilding appsUnderstand principles of hybrid cloud security for application stackDesign cost-optimized systems based on the economics of hybrid cloudWho this book is forThis book is for cloud architects, developers, and DevOps engineers, responsible for delivering modern applications and deploying resources anywhere. Professionals aspiring to implement distributed and cloud solutions will also benefit from reading this book. Basic understanding of VM, containers, CI/CD and familiarity with public cloud and edge is a must.","","9781837634156","","","https://ieeexplore.ieee.org/xpl/ebooks/bookPdfWithBanner.jsp?fileName=10251236.pdf&bkn=10251235&pdfType=book","","","","","","","","14 Sep 2023","","","Packt Publishing","Packt Publishing eBooks"
"Overview of Artificial Intelligence and Machine Learning","N. Zincir&#x2010;Heywood; M. Mellia; Y. Diao","Faculty of Computer Science, Dalhousie University, Halifax, Nova Scotia, Canada; Department of Electronics and Telecommunications, Politecnico di Torino, Torino, Italy; PebblePost, New York, NY, USA",Communication Networks and Service Management in the Era of Artificial Intelligence and Machine Learning,"","2021","","","19","32","Advances in artificial intelligence and machine learning (AI/ML) algorithms are not only the fastest growing areas but also provide endless possibilities in many different science and engineering disciplines including computer communication networks. These technologies are used by billions of people. Any person who has a smartphone can tangibly experience advances in communication networks, social media, natural language processing, and computer vision that were not possible just 10 years ago. Research is therefore needed to understand and improve the potential and suitability of AI/ML in general for communications and networking technologies, but also in particular for systems and networks operations and management.","","9781119675440","10.1002/9781119675525.ch2","","https://ieeexplore.ieee.org/xpl/ebooks/bookPdfWithBanner.jsp?fileName=9536288.pdf&bkn=9536223&pdfType=chapter","","Unsupervised learning;Task analysis;Supervised learning;Reinforcement learning;Data models;Cost function;Training","","","","","","13 Sep 2021","","","IEEE","Wiley-IEEE Press eBook Chapters"
"A MECApp-aware Lifecycle Management Approach in 5G Edge-Cloud Deployments","P. Bellavista; A. Bujari; L. Foschini; A. Sabbioni; R. Venanzi","Department of Computer Science and Engineering, University of Bologna, Italy; Department of Computer Science and Engineering, University of Bologna, Italy; Department of Computer Science and Engineering, University of Bologna, Italy; Department of Computer Science and Engineering, University of Bologna, Italy; Department of Computer Science and Engineering, University of Bologna, Italy",2024 33rd International Conference on Computer Communications and Networks (ICCCN),"22 Aug 2024","2024","","","1","6","The recent trend pushing towards reliance on edge computing, virtualization and programmatic 5G network control has sparked the development of a myriad of open-source resource management and orchestration projects for improved control and added flexibility, making up for a rich and complex ecosystem of frameworks and tools with varying degree of support for standardized features. In this technological panorama, the ETSI Multi-Access Edge Computing (MEC) standard proposes a conceptual reference architecture, standardizing edge integration, interoperability and application management in an extended 5G edge-core architecture. In this context, we propose an application-aware orchestration solution for 5G edge-core distributed deployments, currently lacking support in state-of-the-art frameworks and tools. The proposal is built on an experimental and distributed deployment of the OpenAirInterface minimal MEC platform implementation and relies on the Kubernetes Operator pattern for the automatic MECApp lifecycle management. To validate our approach, we conduct a series of experiments, reporting key metrics of interest.","2637-9430","979-8-3503-8461-1","10.1109/ICCCN61486.2024.10637651","","https://ieeexplore.ieee.org/stamp/stamp.jsp?arnumber=10637651","Edge;Cloud;ETSI MEC;5G;Orchestration;Kubernetes","Measurement;Multi-access edge computing;5G mobile communication;Computer architecture;Market research;Resource management;Proposals","","","","17","IEEE","22 Aug 2024","","","IEEE","IEEE Conferences"
"A Comprehensive Survey of Wireless Time-Sensitive Networking (TSN): Architecture, Technologies, Applications, and Open Issues","K. Zanbouri; M. Noor-A-Rahim; J. John; C. J. Sreenan; H. V. Poor; D. Pesch","School of Computer Science and IT, University College Cork, Ireland; School of Computer Science and IT, University College Cork, Ireland; Eindhoven University of Technology, Netherlands; School of Computer Science and IT, University College Cork, Ireland; Department of Electrical and Computer Engineering, Princeton University, USA; School of Computer Science and IT, University College Cork, Ireland",IEEE Communications Surveys & Tutorials,"","2024","PP","99","1","1","Time-sensitive networking (TSN) is expected to be a key component of critical machine-type communication networks in areas such as Industry 4.0, robotics and autonomous vehicles. With rising mobility requirements in industrial applications and the prevalence of wireless networks, wireless network integration into TSN is becoming increasingly important. This survey article presents a comprehensive review of the current literature on wireless TSN, including an overview of the architecture of a wireless TSN network and an examination of the various wireless technologies and protocols that can be or are used in such networks. In addition, the article discusses industrial applications of wireless TSN, among them industrial automation, robotics, and autonomous vehicles. The article concludes by summarizing the challenges and open issues related to the integration of TSN into wireless networks, and by offering suggestions for future research directions.","1553-877X","","10.1109/COMST.2024.3486618","Science Foundation Ireland(grant numbers:13/RC/2077 P2); ","https://ieeexplore.ieee.org/stamp/stamp.jsp?arnumber=10735349","Wireless TSN;TSN;5G;6G;Wi-Fi 7;IEEE 802.11be;Industrial IoT;Industry 4.0;Industry 5.0;Millimeter-wave;Smart Manufacturing;Smart Factory;Wireless Factory","Wireless sensor networks;Surveys;Standards;Wireless fidelity;Synchronization;Reliability;Protocols;5G mobile communication;Wireless networks;Quality of service","","","","","CCBY","25 Oct 2024","","","IEEE","IEEE Early Access Articles"
"Next Steps Toward the Industrial Metaverse and 6G","J. Collin; J. Pellikka; J. T. J. Penttinen","Aalto University, Finland; NA; Nokia Siemens Networks",5G Innovations for Industry Transformation: Data-driven Use Cases,"","2024","","","235","253","The industrial metaverse involves real‐time interaction, high data throughput, low latency, and seamless connectivity, all of which are areas where advanced 5G and 6G technology offers significant advantages. Together with extended reality (XR) technologies, these are the crucial components of the industrial metaverse due to their ability to create immersive and interactive experiences that enhance various industrial processes and operations. The industrial metaverse potential is driven by achievable, business‐relevant results, and there are already solid indicators of the realized benefits in numerous areas across industrial design, production, and logistics. It is however important to note that many industrial metaverse use cases have very differing needs for optimal connectivity that will stretch the capabilities of new 5G networks. The drive to Industry 4.0 will result in dramatically more demanding requirements for latency, jitter, reliability, efficiency, and sensing, which create the concrete basis for 6G research in the industrial context.","","9781394181490","10.1002/9781394181513.ch15","","https://ieeexplore.ieee.org/xpl/ebooks/bookPdfWithBanner.jsp?fileName=10339716.pdf&bkn=10339691&pdfType=chapter","","Metaverse;Digital twins;Industries;Fourth Industrial Revolution;Ecosystems;5G mobile communication;Solid modeling","","","","","","4 Dec 2023","","","IEEE","Wiley-IEEE Press eBook Chapters"
"Conference Digest","",,2020 IEEE Aerospace Conference,"21 Aug 2020","2020","","","1","310","full conference PDF","1095-323X","978-1-7281-2734-7","10.1109/AERO47225.2020.9172613","","https://ieeexplore.ieee.org/stamp/stamp.jsp?arnumber=9172613","","Space vehicles;Mars;Moon;Robots;Conferences;Space missions;Legged locomotion","","","","","IEEE","21 Aug 2020","","","IEEE","IEEE Conferences"
"Ansible for Real-Life Automation: A complete Ansible handbook filled with practical IT automation use cases","G. Madapparambath",NA,Ansible for Real-Life Automation: A complete Ansible handbook filled with practical IT automation use cases,"","2022","","","","","Learn how to automate and manage your IT infrastructure and applications using AnsibleKey FeaturesDevelop Ansible automation use cases by automating day-to-day IT and application operationsUse Ansible to automate private and public cloud, application containers, and container platformsImprove your DevOps workflow with AnsibleBook DescriptionGet ready to leverage the power of Ansible’s wide applicability to automate and manage IT infrastructure with Ansible for Real-Life Automation. This book will guide you in setting up and managing the free and open source automation tool and remote-managed nodes in the production and dev/staging environments. Starting with its installation and deployment, you’ll learn automation using simple use cases in your workplace. You’ll go beyond just Linux machines to use Ansible to automate Microsoft Windows machines, network devices, and private and public cloud platforms such as VMWare, AWS, and GCP. As you progress through the chapters, you’ll integrate Ansible into your DevOps workflow and deal with application container management and container platforms such as Kubernetes. This Ansible book also contains a detailed introduction to Red Hat Ansible Automation Platform to help you get up to speed with Red Hat AAP and integration with CI/CD and ITSM. What’s more, you’ll implement efficient automation solutions while learning best practices and methods to secure sensitive data using Ansible Vault and alternatives to automate non-supported platforms and operations using raw commands, command modules, and REST API calls. By the end of this book, you’ll be proficient in identifying and developing real-life automation use cases using Ansible.What you will learnExplore real-life IT automation use cases and employ Ansible for automationDevelop playbooks with best practices for production environmentsApproach different automation use cases with the most suitable methodsUse Ansible for infrastructure management and automate VMWare, AWS, and GCPIntegrate Ansible with Terraform, Jenkins, OpenShift, and KubernetesManage container platforms such as Kubernetes and OpenShift with AnsibleGet to know the Red Hat Ansible Automation Platform and its capabilitiesWho this book is forThis book is for DevOps and systems engineers looking to adopt Ansible as their automation tool. To get started with this book, basic knowledge of Linux is necessary, along with an understanding of how tasks are done the manual way before setting out to automate them.","","9781803238623","","","https://ieeexplore.ieee.org/xpl/ebooks/bookPdfWithBanner.jsp?fileName=10162921.pdf&bkn=10162920&pdfType=book","","","","","","","","27 Jun 2023","","","Packt Publishing","Packt Publishing eBooks"
"Hybrid Cloud Infrastructure and Operations Explained: Accelerate your application migration and modernization journey on the cloud with IBM and Red Hat","M. Habiba; M. Criveti",NA; NA,Hybrid Cloud Infrastructure and Operations Explained: Accelerate your application migration and modernization journey on the cloud with IBM and Red Hat,"","2022","","","","","Modernize and migrate smoothly to hybrid cloud infrastructure and successfully mitigate complexities relating to the infrastructure, platform, and production environmentKey FeaturesPresents problems and solutions for application modernization based on real-life use casesHelps design and implement efficient, highly available, and scalable cloud-native applicationsTeaches you how to adopt a cloud-native culture for successful deployments on hybrid cloud platformsBook DescriptionMost organizations are now either moving to the cloud through modernization or building their apps in the cloud. Hybrid cloud is one of the best approaches for cloud migration and the modernization journey for any enterprise. This is why, along with coding skills, developers need to know the big picture of cloud footprint and be aware of the integration models between apps in a hybrid and multi-cloud infrastructure. This book represents an overview of your end-to-end journey to the cloud. To be future agnostic, the journey starts with a hybrid cloud. You'll gain an overall understanding of how to approach migration to the cloud using hybrid cloud technologies from IBM and Red Hat. Next, you’ll be able to explore the challenges, requirements (both functional and non-functional), and the process of app modernization for enterprises by analyzing various use cases. The book then provides you with insights into the different reference solutions for app modernization on the cloud, which will help you to learn how to design and implement patterns and best practices in your job. By the end of this book, you’ll be able to successfully modernize applications and cloud infrastructure in hyperscaler public clouds such as IBM and hybrid clouds using Red Hat technologies as well as develop secure applications for cloud environments.What you will learnStrategize application modernization, from the planning to the implementation phaseApply cloud-native development concepts, methods, and best practicesSelect the right strategy for cloud adoption and modernizationExplore container platforms, storage, network, security, and operationsManage cloud operations using SREs, FinOps, and MLOps principlesDesign a modern data insight hub on the cloudWho this book is forThis book is for cloud-native application developers involved in modernizing legacy applications by refactoring and rebuilding them. Cloud solution architects and technical leaders will also find this book useful. It will be helpful to have a basic understanding of cloud-native application development and cloud providers before getting started with this book.","","9781803233673","","","https://ieeexplore.ieee.org/xpl/ebooks/bookPdfWithBanner.jsp?fileName=10162634.pdf&bkn=10162633&pdfType=book","","","","","","","","27 Jun 2023","","","Packt Publishing","Packt Publishing eBooks"
"Machine Learning in Microservices: Productionizing microservices architecture for machine learning solutions","M. Abouahmed; O. Ahmed",NA; NA,Machine Learning in Microservices: Productionizing microservices architecture for machine learning solutions,"","2023","","","","","Implement real-world machine learning in a microservices architecture as well as design, build, and deploy intelligent microservices systems using examples and case studies Purchase of the print or Kindle book includes a free PDF eBookKey FeaturesDesign, build, and run microservices systems that utilize the full potential of machine learningDiscover the latest models and techniques for combining microservices and machine learning to create scalable systemsImplement machine learning in microservices architecture using open source applications with pros and consBook DescriptionWith the rising need for agile development and very short time-to-market system deployments, incorporating machine learning algorithms into decoupled fine-grained microservices systems provides the perfect technology mix for modern systems. Machine Learning in Microservices is your essential guide to staying ahead of the curve in this ever-evolving world of technology. The book starts by introducing you to the concept of machine learning microservices architecture (MSA) and comparing MSA with service-based and event-driven architectures, along with how to transition into MSA. Next, you’ll learn about the different approaches to building MSA and find out how to overcome common practical challenges faced in MSA design. As you advance, you’ll get to grips with machine learning (ML) concepts and see how they can help better design and run MSA systems. Finally, the book will take you through practical examples and open source applications that will help you build and run highly efficient, agile microservices systems. By the end of this microservices book, you’ll have a clear idea of different models of microservices architecture and machine learning and be able to combine both technologies to deliver a flexible and highly scalable enterprise system.What you will learnRecognize the importance of MSA and ML and deploy both technologies in enterprise systemsExplore MSA enterprise systems and their general practical challengesDiscover how to design and develop microservices architectureUnderstand the different AI algorithms, types, and models and how they can be applied to MSAIdentify and overcome common MSA deployment challenges using AI and ML algorithmsExplore general open source and commercial tools commonly used in MSA enterprise systemsWho this book is forThis book is for machine learning solution architects, system and machine learning developers, and system and solution integrators of private and public sector organizations. Basic knowledge of DevOps, system architecture, and artificial intelligence (AI) systems is assumed, and working knowledge of the Python programming language is highly desired.","","9781804612149","","","https://ieeexplore.ieee.org/xpl/ebooks/bookPdfWithBanner.jsp?fileName=10163551.pdf&bkn=10163550&pdfType=book","","","","","","","","27 Jun 2023","","","Packt Publishing","Packt Publishing eBooks"
"The Python Workshop: Write Python code to solve challenging real-world problems","C. Wade; M. C. Jiménez; A. Bird; D. L. C. Han; G. Lee",NA; NA; NA; NA; NA,The Python Workshop: Write Python code to solve challenging real-world problems,"","2022","","","","","Gain proficiency, productivity, and power by working on projects and kick-starting your career in Python with this comprehensive, hands-on guide.Key FeaturesUnderstand and utilize Python syntax, objects, methods, and best practicesExplore Python’s many features and libraries through real-world problems and big dataUse your newly acquired Python skills in machine learning as well as web and software developmentBook DescriptionPython is among the most popular programming languages in the world. It’s ideal for beginners because it’s easy to read and write, and for developers, because it’s widely available with a strong support community, extensive documentation, and phenomenal libraries – both built-in and user-contributed. This project-based course has been designed by a team of expert authors to get you up and running with Python. You’ll work though engaging projects that’ll enable you to leverage your newfound Python skills efficiently in technical jobs, personal projects, and job interviews. The book will help you gain an edge in data science, web development, and software development, preparing you to tackle real-world challenges in Python and pursue advanced topics on your own. Throughout the chapters, each component has been explicitly designed to engage and stimulate different parts of the brain so that you can retain and apply what you learn in the practical context with maximum impact. By completing the course from start to finish, you’ll walk away feeling capable of tackling any real-world Python development problem.What you will learnWrite efficient and concise functions using core Python methods and librariesBuild classes to address different business needsCreate visual graphs to communicate key data insightsOrganize big data and use machine learning to make regression and classification predictionsDevelop web pages and programs with Python tools and packagesAutomate essential tasks using Python scripts in real-time executionWho this book is forThis book is for professionals, students, and hobbyists who want to learn Python and apply it to solve challenging real-world problems. Although this is a beginner’s course, you’ll learn more easily if you already have an understanding of standard programming topics like variables, if-else statements, and functions. Experience with another object-oriented program, though not essential, will also be beneficial. If Python is your first attempt at computer programming, this book will help you understand the basics with adequate detail for a motivated student.","","9781804615805","","","https://ieeexplore.ieee.org/xpl/ebooks/bookPdfWithBanner.jsp?fileName=10162600.pdf&bkn=10162599&pdfType=book","","","","","","","","27 Jun 2023","","","Packt Publishing","Packt Publishing eBooks"
"Table of Contents","",,2021 IFIP/IEEE International Symposium on Integrated Network Management (IM),"30 Jun 2021","2021","","","1","9","Presents the table of contents/splash page of the proceedings record.","1573-0077","978-3-903176-32-4","","","https://ieeexplore.ieee.org/stamp/stamp.jsp?arnumber=9464079","","","","","","","","30 Jun 2021","","","IEEE","IEEE Conferences"
"Program","",,NOMS 2022-2022 IEEE/IFIP Network Operations and Management Symposium,"9 Jun 2022","2022","","","i","cxxv","","2374-9709","978-1-6654-0601-7","10.1109/NOMS54207.2022.9789861","","https://ieeexplore.ieee.org/stamp/stamp.jsp?arnumber=9789861","","","","","","","IEEE","9 Jun 2022","","","IEEE","IEEE Conferences"
"APNOMS 2023 Final Program","",,2023 24st Asia-Pacific Network Operations and Management Symposium (APNOMS),"25 Sep 2023","2023","","","i","xxxvi","","2576-8565","978-89-950043-9-5","","","https://ieeexplore.ieee.org/stamp/stamp.jsp?arnumber=10258224","","","","","","","","25 Sep 2023","","","IEEE","IEEE Conferences"
"NOMS 2023 Cover Page","",,NOMS 2023-2023 IEEE/IFIP Network Operations and Management Symposium,"21 Jun 2023","2023","","","c1","c88","","2374-9709","978-1-6654-7716-1","10.1109/NOMS56928.2023.10154379","","https://ieeexplore.ieee.org/stamp/stamp.jsp?arnumber=10154379","","","","","","","IEEE","21 Jun 2023","","","IEEE","IEEE Conferences"
"5GWF 2018 Program","",,2018 IEEE 5G World Forum (5GWF),"1 Nov 2018","2018","","","17","124","Provides a schedule of conference events and a listing of which papers were presented in each session.","","978-1-5386-4982-4","10.1109/5GWF.2018.8517023","","https://ieeexplore.ieee.org/stamp/stamp.jsp?arnumber=8517023","","","","","","","IEEE","1 Nov 2018","","","IEEE","IEEE Conferences"
