"Authors","Author full names","Author(s) ID","Title","Year","DOI","Link","Affiliations","Authors with affiliations","Abstract","Language of Original Document"
"Gamess E.; Hernandez S.","Gamess, Eric (6506773107); Hernandez, Sergio (57374096100)","6506773107; 57374096100","Performance Evaluation of SNMPv1/2c/3 using Different Security Models on Raspberry Pi","2021","10.14569/IJACSA.2021.0121101","https://www.scopus.com/inward/record.uri?eid=2-s2.0-85121245604&doi=10.14569%2fIJACSA.2021.0121101&partnerID=40&md5=f4d7ff15c58bdf9742423f980c7fb7f9","MCIS Department Jacksonville, State University Jacksonville, Alabama, United States; Information Security Citibank, New York, New York, United States","Gamess E., MCIS Department Jacksonville, State University Jacksonville, Alabama, United States; Hernandez S., Information Security Citibank, New York, New York, United States","The Simple Network Management Protocol (SNMP) is one of the dominant protocols for network monitoring and configuration. The first two versions of SNMP (v1 and v2c) use the Community-based Security Model (CSM), where the community is transferred in clear text, resulting in a low level of security. With the release of SNMPv3, the User-based Security Model (USM) and Transport Security Model (TSM) were proposed, with strong authentication and privacy at different levels. The Raspberry Pi family of Single-Board Computers (SBCs) is widely used for many applications. To help their integration into network management systems, it is essential to study the impact of the different versions and security models of SNMP on these SBCs. In this work, we carried out a performance analysis of SNMP agents running in three different Raspberry Pis (Pi Zero W, Pi 3 Model B, and Pi 3 Model B+). Our comparisons are based on the response time, defined as the time required to complete a request/response exchange between a manager and an agent. Since we did not find an adequate tool for our assessments, we developed our own benchmarking tool. We did numerous experiments, varying different parameters such as the type of requests, the number of objects involved per request, the security levels of SNMPv3/USM, the authentication and privacy protocols of SNMPv3/USM, the transport protocols, and the versions and security models of SNMP. Our experiments were executed with Net-SNMP, an open-source and comprehensive distribution of SNMP. Our tests indicate that SNMPv1 and SNMPv2c have similar performance. SNMPv3 has a longer response time, due to the overhead caused by the security services (authentication and privacy). The Pi 3 Model B and Pi 3 Model B+ have comparable performance, and significantly outperform the Pi Zero W. © 2021. All Rights Reserved.","English"
"Zincir-Heywood N.; Mellia M.; Diao Y.","Zincir-Heywood, Nur (57105333100); Mellia, Marco (6603904712); Diao, Yixin (7004284703)","57105333100; 6603904712; 7004284703","Overview of artificial intelligence and machine learning","2021","10.1002/9781119675525.ch2","https://www.scopus.com/inward/record.uri?eid=2-s2.0-85146840255&doi=10.1002%2f9781119675525.ch2&partnerID=40&md5=4603fdcda1579cf5ead5a18e193cbb86","Faculty of Computer Science, Dalhousie University, Halifax, NS, Canada; Department of Electronics and Telecommunications, Politecnico di Torino, Torino, Italy; PebblePost, New York, NY, United States","Zincir-Heywood N., Faculty of Computer Science, Dalhousie University, Halifax, NS, Canada; Mellia M., Department of Electronics and Telecommunications, Politecnico di Torino, Torino, Italy; Diao Y., PebblePost, New York, NY, United States","Advances in artificial intelligence and machine learning (AI/ML) algorithms are not only the fastest growing areas but also provide endless possibilities in many different science and engineering disciplines including computer communication networks. These technologies are used by billions of people. Any person who has a smartphone can tangibly experience advances in communication networks, social media, natural language processing, and computer vision that were not possible just 10 years ago. Research is therefore needed to understand and improve the potential and suitability of AI/ML in general for communications and networking technologies, but also in particular for systems and networks operations and management. © 2021 The Institute of Electrical and Electronics Engineers, Inc.","English"
"Gulenko A.; Acker A.; Kao O.; Liu F.","Gulenko, Anton (55222047700); Acker, Alexander (57202301639); Kao, Odej (7004362997); Liu, Feng (57191041658)","55222047700; 57202301639; 7004362997; 57191041658","AI-Governance and Levels of Automation for AIOps-supported System Administration","2020","10.1109/ICCCN49398.2020.9209606","https://www.scopus.com/inward/record.uri?eid=2-s2.0-85093840521&doi=10.1109%2fICCCN49398.2020.9209606&partnerID=40&md5=84865acfa614e2d0c58e65a2170cc292","Technische Universität Berlin, Distributed Systems, Berlin, Germany; Huawei Research Center, Munich, Germany","Gulenko A., Technische Universität Berlin, Distributed Systems, Berlin, Germany; Acker A., Technische Universität Berlin, Distributed Systems, Berlin, Germany; Kao O., Technische Universität Berlin, Distributed Systems, Berlin, Germany; Liu F., Huawei Research Center, Munich, Germany","Artificial Intelligence for IT Operations (AIOps) describes the process of maintaining and operating large IT infrastructures in data centers using AI-supported methods and tools, e.g. for automated anomaly detection, root cause analysis, for remediation, optimization, and for automated initiation of self-stabilizing activities. Initial results and products show that AIOps platforms can help to reach the required level of availability, reliability, dependability, and serviceability for future settings, where latency and response times are of crucial importance. The human operators see the benefits, but also the risks of losing a control over the system while still being accountable for the AIOps-managed infrastructure. While automation is mandatory due to the system complexity and the criticality of a QoS-bounded response, the measures compiled and deployed by the AI-controlled administration are not easily understood or reproducible. Therefore, explainable actions taken by the automated system is becoming a regulatory requirement for future IT infrastructures. In this paper we address several important sub-aspects of the AI-Governance with focus on IT service and infrastructure management and provide a set of rules and levels of automation that precisely describe the shared responsibility between human operators and the AIOps-controlled administration. We aim at providing guidance, decision-support, and explainable processes for AIOps. © 2020 IEEE.","English"
"Sharara M.; Pamuklu T.; Hoteit S.; Veque V.; Erol-Kantarci M.","Sharara, Mahdi (57207994237); Pamuklu, Turgay (56026668900); Hoteit, Sahar (55546999100); Veque, Veronique (6506567243); Erol-Kantarci, Melike (36161830500)","57207994237; 56026668900; 55546999100; 6506567243; 36161830500","Policy-Gradient-Based Reinforcement Learning for Computing Resources Allocation in O-RAN","2022","10.1109/CloudNet55617.2022.9978863","https://www.scopus.com/inward/record.uri?eid=2-s2.0-85146114153&doi=10.1109%2fCloudNet55617.2022.9978863&partnerID=40&md5=3f52e9480e899a7e3b16af92b4c9011c","Université Paris Saclay, CNRS-CentraleSupélec, Laboratoire des Signaux et Systèmes, France; University of Ottawa, School of Electrical Engineering and Computer Science, Canada","Sharara M., Université Paris Saclay, CNRS-CentraleSupélec, Laboratoire des Signaux et Systèmes, France; Pamuklu T., University of Ottawa, School of Electrical Engineering and Computer Science, Canada; Hoteit S., Université Paris Saclay, CNRS-CentraleSupélec, Laboratoire des Signaux et Systèmes, France; Veque V., Université Paris Saclay, CNRS-CentraleSupélec, Laboratoire des Signaux et Systèmes, France; Erol-Kantarci M., University of Ottawa, School of Electrical Engineering and Computer Science, Canada","Open Radio Access Network (O-RAN) is a novel architecture aiming to disaggregate the network components to reduce capital and operational costs and open the interfaces to ensure interoperability. In this work, we consider the problem of allocating computing resources to process the data of enhanced Mobile BroadBand (eMBB) users and Ultra-Reliable Low-Latency (URLLC) Users. Supposing the processing of users' frames from different base stations is done in a shared O-Cloud, we model the computing resources allocation problem as an Integer Linear Programming (ILP) problem that aims at fairly allocating computing resources to eMBB and URLLC users and optimizing the QoS of URLLC users without neglecting eMBB users. Due to the high complexity of solving an ILP problem, we model the problem using Reinforcement Learning (RL). Our results demonstrate the ability of our RL-based solution to perform close to the ILP solver while having much lower computational complexity. For a different number of Open Radio Units (O-RUs), the objective value of the RL agent does not deviate from the ILP objective by more than 6%.  © 2022 IEEE.","English"
"Keshavarz Haddadha P.; Rezvani M.H.; MollaMotalebi M.; Shankar A.","Keshavarz Haddadha, Parviz (58894479600); Rezvani, Mohammad Hossein (19640626200); MollaMotalebi, Mahdi (54420737600); Shankar, Achyut (7005442649)","58894479600; 19640626200; 54420737600; 7005442649","Machine learning methods for service placement: a systematic review","2024","10.1007/s10462-023-10684-0","https://www.scopus.com/inward/record.uri?eid=2-s2.0-85185395922&doi=10.1007%2fs10462-023-10684-0&partnerID=40&md5=2ec6da22a0cb4e86e1ff318eca5d2d8f","Department of Computer and Information Technology Engineering, Qazvin Branch, Islamic Azad University, Qazvin, Iran; Department of Cyber Systems Engineering, WMG, University of Warwick, Coventry, CV74AL, United Kingdom; Center of Research Impact and Outreach, Chitkara University Institute of Engineering and Technology, Chitkara University, Punjab, India; School of Computer Science Engineering, Lovely Professional University, Phagwara, Punjab, 144411, India","Keshavarz Haddadha P., Department of Computer and Information Technology Engineering, Qazvin Branch, Islamic Azad University, Qazvin, Iran; Rezvani M.H., Department of Computer and Information Technology Engineering, Qazvin Branch, Islamic Azad University, Qazvin, Iran; MollaMotalebi M., Department of Computer and Information Technology Engineering, Qazvin Branch, Islamic Azad University, Qazvin, Iran; Shankar A., Department of Cyber Systems Engineering, WMG, University of Warwick, Coventry, CV74AL, United Kingdom, Center of Research Impact and Outreach, Chitkara University Institute of Engineering and Technology, Chitkara University, Punjab, India, School of Computer Science Engineering, Lovely Professional University, Phagwara, Punjab, 144411, India","With the growth of real-time and latency-sensitive applications in the Internet of Everything (IoE), service placement cannot rely on cloud computing alone. In response to this need, several computing paradigms, such as Mobile Edge Computing (MEC), Ultra-dense Edge Computing (UDEC), and Fog Computing (FC), have emerged. These paradigms aim to bring computing resources closer to the end user, reducing delay and wasted backhaul bandwidth. One of the major challenges of these new paradigms is the limitation of edge resources and the dependencies between different service parts. Some solutions, such as microservice architecture, allow different parts of an application to be processed simultaneously. However, due to the ever-increasing number of devices and incoming tasks, the problem of service placement cannot be solved today by relying on rule-based deterministic solutions. In such a dynamic and complex environment, many factors can influence the solution. Optimization and Machine Learning (ML) are two well-known tools that have been used most for service placement. Both methods typically use a cost function. Optimization is usually a way to define the difference between the predicted and actual value, while ML aims to minimize the cost function. In simpler terms, ML aims to minimize the gap between prediction and reality based on historical data. Instead of relying on explicit rules, ML uses prediction based on historical data. Due to the NP-hard nature of the service placement problem, classical optimization methods are not sufficient. Instead, metaheuristic and heuristic methods are widely used. In addition, the ever-changing big data in IoE environments requires the use of specific ML methods. In this systematic review, we present a taxonomy of ML methods for the service placement problem. Our findings show that 96% of applications use a distributed microservice architecture. Also, 51% of the studies are based on on-demand resource estimation methods and 81% are multi-objective. This article also outlines open questions and future research trends. Our literature review shows that one of the most important trends in ML is reinforcement learning, with a 56% share of research. © The Author(s) 2024.","English"
"Arnaz A.; Lipman J.; Abolhasan M.; Hiltunen M.","Arnaz, Azadeh (57763291700); Lipman, Justin (8605294200); Abolhasan, Mehran (7801527582); Hiltunen, Matti (7004918593)","57763291700; 8605294200; 7801527582; 7004918593","Toward Integrating Intelligence and Programmability in Open Radio Access Networks: A Comprehensive Survey","2022","10.1109/ACCESS.2022.3183989","https://www.scopus.com/inward/record.uri?eid=2-s2.0-85132710199&doi=10.1109%2fACCESS.2022.3183989&partnerID=40&md5=81652c2aa88419c1b739b738fb3e60ed","University of Technology Sydney, School of Electrical and Data Engineering, Ultimo, 2007, NSW, Australia; AT&T Labs Research, Bedminster, 07921, NJ, United States","Arnaz A., University of Technology Sydney, School of Electrical and Data Engineering, Ultimo, 2007, NSW, Australia; Lipman J., University of Technology Sydney, School of Electrical and Data Engineering, Ultimo, 2007, NSW, Australia; Abolhasan M., University of Technology Sydney, School of Electrical and Data Engineering, Ultimo, 2007, NSW, Australia; Hiltunen M., AT&T Labs Research, Bedminster, 07921, NJ, United States","Open RAN is an emerging vision and an advancement of the Radio Access Network (RAN). Its purpose is to implement a vendor and network-generation agnostic RAN, provide networking solutions across all service requests, and implement artificial intelligence solutions in different stages of an end-to-end communication path. The 5th Generation (5G) and beyond the 5th Generation (B5G) of networking introduce and support new use cases, such as tactile internet and autonomous driving. The complexity and innovative nature of these use cases require continuous innovation at a high pace in the RAN. The traditional approach of building end-to-end RAN solutions by only one vendor hampers the speed of innovation - furthermore, the lack of a standard approach to implementing artificial intelligence complicates the compatibility of products with the RAN ecosystem. O-RAN Alliance, a community of industry and academic experts in RAN, works on writing Open RAN specifications on top of the 3rd Generation Partnership Project (3GPP) standards. Founded on these specifications, the aim of this paper is to introduce open research topics in Open RAN that overlap the interests of both AI and telecommunication researchers. The paper provides an overview of the architecture and components of Open RAN, then explores AI use cases in Open RAN. Also, this survey includes some plausible AI deployment scenarios that the specifications have not covered. Open RAN in future cities creates opportunities for various use cases across different sectors, including engineering, operations, and research that this paper addresses.  © 2013 IEEE.","English"
"Gelenbe E.; Domanska J.; Frohlich P.; Nowak M.P.; Nowak S.","Gelenbe, Erol (7006026729); Domanska, Joanna (16038785400); Frohlich, Piotr (57217319568); Nowak, Mateusz P. (57198108028); Nowak, Slawomir (22734781200)","7006026729; 16038785400; 57217319568; 57198108028; 22734781200","Self-Aware Networks That Optimize Security, QoS, and Energy","2020","10.1109/JPROC.2020.2992559","https://www.scopus.com/inward/record.uri?eid=2-s2.0-85085976352&doi=10.1109%2fJPROC.2020.2992559&partnerID=40&md5=54e853dfa91623a00d70d9b6f6563bea","Institute of Theoretical and Applied Computer Science, Polish Academy of Sciences (IITiS-PAN), Gliwice, 44-100, Poland","Gelenbe E., Institute of Theoretical and Applied Computer Science, Polish Academy of Sciences (IITiS-PAN), Gliwice, 44-100, Poland; Domanska J., Institute of Theoretical and Applied Computer Science, Polish Academy of Sciences (IITiS-PAN), Gliwice, 44-100, Poland; Frohlich P., Institute of Theoretical and Applied Computer Science, Polish Academy of Sciences (IITiS-PAN), Gliwice, 44-100, Poland; Nowak M.P., Institute of Theoretical and Applied Computer Science, Polish Academy of Sciences (IITiS-PAN), Gliwice, 44-100, Poland; Nowak S., Institute of Theoretical and Applied Computer Science, Polish Academy of Sciences (IITiS-PAN), Gliwice, 44-100, Poland","The need to adaptively manage computer systems and networks so as to offer good Quality of Service (QoS) and Quality of Experience (QoE) with secure operation at relatively low levels of energy consumption is challenged by their sheer complexity and the wide variability of the workloads. A possible way forward is through self-awareness, whereby self-measurement and self-observation, together with on-line control mechanisms, operate adaptively to attain the required performance and QoE. We survey the premises for these ideas arising from cognitive science and active networks and review recent work on self-aware computer systems and networks, including those that propose the use of software-defined networks as a means to implement these concepts. Then we provide some examples from the literature on self-aware systems to illustrate the performance gains that they can provide. Finally, we detail an example system and its working algorithms to allow the reader to understand how such a system may be implemented. Measurements showing how it can react rapidly to changing network conditions regarding QoS and security are presented. Some conclusions and suggestions for further work are listed. © 1963-2012 IEEE.","English"
"Recse A.; Promwongsa N.; Ebrahimzadeh A.; Afrasiabi S.N.; Mouradian C.; Li W.; Szabó R.; Glitho R.H.","Recse, Ákos (57203149333); Promwongsa, Nattakorn (57191896946); Ebrahimzadeh, Amin (55772496000); Afrasiabi, Seyedeh Negar (57211255880); Mouradian, Carla (56157565300); Li, Wubin (57493017900); Szabó, Róbert (35590739700); Glitho, Roch H. (57222519874)","57203149333; 57191896946; 55772496000; 57211255880; 56157565300; 57493017900; 35590739700; 57222519874","Look-Ahead VNF-FG Embedding Framework for Latency-Sensitive Network Services","2023","10.1109/TNSM.2023.3243435","https://www.scopus.com/inward/record.uri?eid=2-s2.0-85148430165&doi=10.1109%2fTNSM.2023.3243435&partnerID=40&md5=005a4d364cf666b88efd79c877ddef2b","Eötvös Loránd University, Faculty of Informatics, Budapest, 1053, Hungary; Ericsson Research, Montreal, H4S 0B6, Canada; Ericsson Research, Budapest, 1117, Hungary; Concordia Institute for Information Systems Engineering, Concordia University, Montreal, H3G 1M8, Canada; University of Western Cape, Computer Science Department, Bellville, 7535, South Africa","Recse A., Eötvös Loránd University, Faculty of Informatics, Budapest, 1053, Hungary; Promwongsa N., Concordia Institute for Information Systems Engineering, Concordia University, Montreal, H3G 1M8, Canada; Ebrahimzadeh A., Concordia Institute for Information Systems Engineering, Concordia University, Montreal, H3G 1M8, Canada; Afrasiabi S.N., Concordia Institute for Information Systems Engineering, Concordia University, Montreal, H3G 1M8, Canada; Mouradian C., Ericsson Research, Montreal, H4S 0B6, Canada; Li W., Ericsson Research, Montreal, H4S 0B6, Canada; Szabó R., Ericsson Research, Budapest, 1117, Hungary; Glitho R.H., Concordia Institute for Information Systems Engineering, Concordia University, Montreal, H3G 1M8, Canada, University of Western Cape, Computer Science Department, Bellville, 7535, South Africa","Dynamic and zero-touch management is expected to be the key feature of next-generation 6G networks. Network Function Virtualization (NFV) is one of the key technologies for realizing such management through software-based networks. Despite great benefits offered by NFV, deploying network services (NSs) in NFV ecosystems remains a challenge, especially for latency-sensitive NSs, as they demand stringent latency requirements and fast service provisioning. Specifically, service graphs should be embedded into an infrastructure such that these requirements are satisfied while optimizing network operator's objectives. To cope with the scalability of optimization-based approaches, heuristic methods are known as promising alternatives to find a satisfactory solution within an acceptable execution time. However, existing VNF embedding heuristics still suffer from the so-called causality issue, which may degrade the embedding solution quality. The causality issue means that embedding decisions cannot be optimally determined before all neighboring dependencies are known. To this end, we introduce our h -horizon sequential look-ahead greedy embedding framework, which provides efficient embedding and re-embedding strategies to alleviate the impact of the causality issue. The simulation results indicate that our proposed algorithm significantly improves embedding cost, compared to the existing heuristic algorithms while being much more scalable than an optimization-based approach.  © 2004-2012 IEEE.","English"
"Devi A.; Kait R.; Ranga V.","Devi, Anshu (57867229800); Kait, Ramesh (56521528800); Ranga, Virender (55599423900)","57867229800; 56521528800; 55599423900","Automated Cluster Head Selection in Fog-VANET Via Machine Learning","2022","10.1007/978-981-19-2130-8_89","https://www.scopus.com/inward/record.uri?eid=2-s2.0-85136942839&doi=10.1007%2f978-981-19-2130-8_89&partnerID=40&md5=c26940a1642802b07080914c8d7e071d","Kurukshetra University, Haryana, Kurukshetra, India; Delhi Technological University, Delhi, New Delhi, India","Devi A., Kurukshetra University, Haryana, Kurukshetra, India; Kait R., Kurukshetra University, Haryana, Kurukshetra, India; Ranga V., Delhi Technological University, Delhi, New Delhi, India","Vehicle autonomous networks (VANETs) are widely acknowledged as one of the most important technologies for upgrading today’s transportation networks. Because VANET is divided into two distinct groups, safey and non-safety applications, continuous data interchange is required. Data that is highly time sensitive should be exchanged as soon as possible. It necessitates the use of intelligent infrastructure capable of storing, computing, and communicating. FOG computing provides a storage, computation, and communication platform.This study investigates the integration of fog computing (FC) with Lagrange Polynomial Interpolation for the purpose of authentication of the node via machine learning. The Authentic Vehicle Node with FOG Computing (AVNFC) scheme, which is a fog-enabled VANET architecture, is described in this article. © 2022, The Author(s), under exclusive license to Springer Nature Singapore Pte Ltd.","English"
"Paranou D.; Pentelas A.; Katsiros D.; Maidatsis K.; Giannopoulos G.; Angelou E.; Anastopoulos N.; Papastefanatos G.","Paranou, Dimitra (58886424300); Pentelas, Angelos (57216805200); Katsiros, Dimitris (58886332400); Maidatsis, Konstantinos (58886375900); Giannopoulos, George (35069407500); Angelou, Evangelos (6507102541); Anastopoulos, Nikos (13408388400); Papastefanatos, George (23390448100)","58886424300; 57216805200; 58886332400; 58886375900; 35069407500; 6507102541; 13408388400; 23390448100","Forecasting Resource Demand for Dynamic Datacenter Sizing in Telco Infrastructures","2023","10.1109/BigData59044.2023.10386867","https://www.scopus.com/inward/record.uri?eid=2-s2.0-85184988661&doi=10.1109%2fBigData59044.2023.10386867&partnerID=40&md5=fe39706bf8c3a479e95d3a97a3b44a91","Athena Research Center, Greece; Intracom Sa Telecom Solutions, Greece","Paranou D., Athena Research Center, Greece; Pentelas A., Intracom Sa Telecom Solutions, Greece; Katsiros D., Athena Research Center, Greece; Maidatsis K., Athena Research Center, Greece; Giannopoulos G., Athena Research Center, Greece; Angelou E., Intracom Sa Telecom Solutions, Greece; Anastopoulos N., Intracom Sa Telecom Solutions, Greece; Papastefanatos G., Athena Research Center, Greece","The deployment of emerging cloud computing technologies onto telecommunication (telco) infrastructures, coupled with highly stringent regulations relating to energy efficiency, power consumption, and CO2 emissions, put telco datacenters and their associated operations under a drastic transformation process. This paves the way for new optimization opportunities, such as dynamic datacenter sizing (DDS) with respect to power consumption constraints and volatile demands across multiple resource types. DDS boils down to determining the optimal subset of active servers in a datacenter, and it can be modeled as a planning problem where decisions regarding resource availability are based on projections of resource demands. This raises the need for accurate and efficient forecasting solutions, which shall be tailored to the problem at hand.To this end, our work focuses on the investigation, the development, and the evaluation of forecasting methods which predict the demand of 5G (and beyond) workloads across multiple resources. Concretely, using the daily pattern of load data pertaining to an operational data-plane function and the prevailing way of horizontal scaling in virtualized datacenters, we exemplify the evolution of resource demands of 5G applications residing at the network edge. This lets us simulate a dataset of demands across various resource types, upon which we study informative features, and then train and evaluate a wide suite of forecasting methods. Our experiments show that the intrinsic characteristics of the data render simple statistical algorithms capable of accurately capturing the underlying patterns, and even outperforming more complex algorithms. Last, we evaluate and discuss the trade-off between single- and multi-output forecasting models.  © 2023 IEEE.","English"
"Nyalapelli A.; Sharma S.; Phadnis P.; Patil M.; Tandle A.","Nyalapelli, Alekya (58369477200); Sharma, Shubham (58596426600); Phadnis, Pranjal (58366028100); Patil, Maithili (58366721600); Tandle, Avinash (57192118477)","58369477200; 58596426600; 58366028100; 58366721600; 57192118477","Recent Advancements in Applications of Artificial Intelligence and Machine Learning for 5G Technology: A Review","2023","10.1109/PCEMS58491.2023.10136039","https://www.scopus.com/inward/record.uri?eid=2-s2.0-85163220687&doi=10.1109%2fPCEMS58491.2023.10136039&partnerID=40&md5=b12e5a4a1b204e80a09a02a66c2cd249","MPSTME - NMIMS, Mumbai, India","Nyalapelli A., MPSTME - NMIMS, Mumbai, India; Sharma S., MPSTME - NMIMS, Mumbai, India; Phadnis P., MPSTME - NMIMS, Mumbai, India; Patil M., MPSTME - NMIMS, Mumbai, India; Tandle A., MPSTME - NMIMS, Mumbai, India","As the fifth generation (5G) of wireless communication rolls out worldwide, conceptualized use cases and disruptive industry solutions are being deployed to offer smooth, frictionless, and secure connectivity. The landscape of Artificial Intelligence (AI) and Machine Learning (ML) can be seen as potential drivers in the automation and optimization of network performances and management complexities. The shifting network behaviors and complicated modern applications present diverse network performance traffic, which can be exploited by service providers to deal with network demands and provide superior user experiences. The existing research can be divided into the following 5G research areas, which include network traffic, resource allocation, network slicing, mobility management, physical layer security, etc., to name a few. The primary objective of this paper is to provide a comprehensive perspective on the expanding diversity of viable ML-assisted solutions for tackling various 5G network-level issues. The paper concludes with an indepth investigation of the challenges and unexplored directions of future research pertaining to making 5G applications more reliable for future use cases. © 2023 IEEE.","English"
"Al-Surmi I.; Raddwan B.; Al-Baltah I.","Al-Surmi, Ibrahim (55665850100); Raddwan, Basheer (57212764839); Al-Baltah, Ibrahim (55508684400)","55665850100; 57212764839; 55508684400","Next Generation Mobile Core Resource Orchestration: Comprehensive Survey, Challenges and Perspectives","2021","10.1007/s11277-021-08517-w","https://www.scopus.com/inward/record.uri?eid=2-s2.0-85106496149&doi=10.1007%2fs11277-021-08517-w&partnerID=40&md5=6f119d2abaa20c010cf6231ecd88131b","Department of Information System, Amran University, Amran, Yemen; Yemen Mobile Company, Sana’a, Yemen; Department of Information Technology, Sana’a University, Sana’a, Yemen","Al-Surmi I., Department of Information System, Amran University, Amran, Yemen; Raddwan B., Yemen Mobile Company, Sana’a, Yemen; Al-Baltah I., Department of Information Technology, Sana’a University, Sana’a, Yemen","Re-architecting mobile network functions and central office is one of the hottest topics of software defined networking (SDN) and network function virtualization (NFV). It is known as Next generation mobile network (NGMN). The main benefit of re-architecting is to bring cloud advantages to mobile operator networks. On the other hand, while the openness is one of the most wanted characteristics of NGMN, many open source implementations have been introduced to accelerate realizing the NGMN such as resource allocation management and orchestration which is considered as one of the hardest problems in SDN, NFV, and network virtualization. To that end, this article has comprehensively reviewed the mobile core architecture, resource management and orchestration evolutions in order to investigate the relay of the mobile operators on open source components, especially in developing countries, in order to build their future NGMN infrastructure for 4G/5G (fourth/fifth generations) access networks. Furthermore, the article shows a large number of open source infrastructure’ components that the operator needs to integrate them together, which is a challenging task. Moreover, the article addresses the integration framework challenges for resource management and orchestration based on continuous integration continuous development (DevOps) model. The outcomes of this work encourage mobile operators to involve and contribute to open source integration efforts as well as build and test their NGMN integration scenarios. © 2021, The Author(s), under exclusive licence to Springer Science+Business Media, LLC, part of Springer Nature.","English"
"Baktir A.C.; Junior A.D.N.; Zahemszky A.; Likhyani A.; Temesgene D.A.; Roeland D.; Biyar E.D.; Ustok R.F.; Orlic M.; D'Angelo M.","Baktir, Ahmet Cihat (56042827300); Junior, Amadeu Do Nascimento (57217212064); Zahemszky, Andras (35147118600); Likhyani, Ankita (55954317900); Temesgene, Dagnachew Azene (57197737642); Roeland, Dinand (56460247500); Biyar, Elham Dehghan (57192159724); Ustok, Refik Fatih (35103740600); Orlic, Marin (57517526800); D'Angelo, Mirko (57190969907)","56042827300; 57217212064; 35147118600; 55954317900; 57197737642; 56460247500; 57192159724; 35103740600; 57517526800; 57190969907","Intent-based cognitive closed-loop management with built-in conflict handling","2022","10.1109/NetSoft54395.2022.9844074","https://www.scopus.com/inward/record.uri?eid=2-s2.0-85136833312&doi=10.1109%2fNetSoft54395.2022.9844074&partnerID=40&md5=32b6036adf49ae29063dc7bf90590719","Ericsson Research, Turkey; Ericsson Research, Brazil; Ericsson Research, Sweden; Ericsson Global Ai Accelarator, India","Baktir A.C., Ericsson Research, Turkey; Junior A.D.N., Ericsson Research, Brazil; Zahemszky A., Ericsson Research, Sweden; Likhyani A., Ericsson Global Ai Accelarator, India; Temesgene D.A., Ericsson Research, Sweden; Roeland D., Ericsson Research, Sweden; Biyar E.D., Ericsson Research, Turkey; Ustok R.F., Ericsson Research, Turkey; Orlic M., Ericsson Research, Sweden; D'Angelo M., Ericsson Research, Sweden","The ever-growing complexity in networks and the various future use cases with diverse, and often stringent performance requirements call for a higher level of automation. A tool to achieve this higher level of automation is intent-based management, where the human operator only communicates via high-level intents with the network. Intents are declarative in nature, they specify the desired state but don't specify how to achieve it. The system will assure that the intents are fulfilled, by monitoring the behavior of the network, and adjusting its configurations if needed. In future networks that will serve multiple tenants and use cases at the same time, many intents will co-exist. As the resources are limited, conflicts may arise between intents. Therefore, a solution is needed for conflict detection and resolution. In this paper, we present a system that is capable of handling multiple intents and detecting and resolving conflicts at run-time. To show the feasibility, we implement our approach in an end-to-end prototype.  © 2022 IEEE.","English"
"Khan T.A.; Akbar W.; Muhammad A.; Song W.-C.","Khan, Talha Ahmed (57216414829); Akbar, Waleed (57223043857); Muhammad, Afaq (57103855900); Song, Wang-Cheol (14037956900)","57216414829; 57223043857; 57103855900; 14037956900","Proactive Intent Policy Activation: An ML-Assisted Resource Forecasting Approach","2022","10.23919/APNOMS56106.2022.9919934","https://www.scopus.com/inward/record.uri?eid=2-s2.0-85142052334&doi=10.23919%2fAPNOMS56106.2022.9919934&partnerID=40&md5=8f603deace31df2a686376704329954e","Jeju National University, Dept. of Computer Engineering, Jeju, South Korea","Khan T.A., Jeju National University, Dept. of Computer Engineering, Jeju, South Korea; Akbar W., Jeju National University, Dept. of Computer Engineering, Jeju, South Korea; Muhammad A., Jeju National University, Dept. of Computer Engineering, Jeju, South Korea; Song W.-C., Jeju National University, Dept. of Computer Engineering, Jeju, South Korea","Due to the mega-scale of next-generation networks, dynamic network policy management and assessment is a continuous struggle for network operators. As a result, networks have evolved towards automated Softwarized intent-based policy platforms. IBN (Intent-based Networking) administers high-level interpretation of intents and translates them as policies to the lower-level infrastructures. As a Softwarized platform, it defines an SSOT (Single Source of Truth) where every high-level intention has well-defined policy action at every stage of orchestration from top to bottom. However, due to the dynamic nature of the network, the static quantitative measures may result in excessive reservation or under-allocation of network resources. As network service orchestration is performed for the future, deciding on service parameters per resource availability is crucial. Hence, this work utilizes machine-learning-based resource forecasting to determine quantitative measures for intent activation proactively. This work empowers IBN policy activation through LSTM (Long Short-Term Memory) based compute resource forecasting and RouteNet-driven transport network path link utilization forecasting. The goal of IBN is to ensure service level agreement, as there are two primary service activation rules, GBR and Non-GBR (Guaranteed Bit Rate); hence using forecasting, the proposed model ensures the service agreement accomplishment proactively. © 2022 IEICE.","English"
"Saha N.; Zangooei M.; Golkarifard M.; Boutaba R.","Saha, Niloy (57237559300); Zangooei, Mohammad (58752449400); Golkarifard, Morteza (57195135959); Boutaba, Raouf (7004345240)","57237559300; 58752449400; 57195135959; 7004345240","Deep Reinforcement Learning Approaches to Network Slice Scaling and Placement: A Survey","2023","10.1109/MCOM.006.2200534","https://www.scopus.com/inward/record.uri?eid=2-s2.0-85147212488&doi=10.1109%2fMCOM.006.2200534&partnerID=40&md5=c8e7e0d45d8669a65fe02252986386a0","The University of Waterloo, Canada","Saha N., The University of Waterloo, Canada; Zangooei M., The University of Waterloo, Canada; Golkarifard M., The University of Waterloo, Canada; Boutaba R., The University of Waterloo, Canada","Network slicing in 5G and beyond networks allows the network to be customized for each application or service by chaining together different virtualized network functions (VNFs) according to service requirements. The increased flexibility offered by network slicing comes at the cost of complexity in management and orchestration, which cannot be solved by traditional reactive human-in-the-loop solutions. This necessitates minimizing human intervention through the use of artificial intelligence techniques (zero touch network management). In particular, the scaling and placement of the chain of VNFs that constitute a network slice is a complex combinatorial optimization problem that is difficult to solve effectively with traditional approaches. Driven by the benefits of deep reinforcement learning (DRL) in solving various combinatorial optimization problems, in this article, we survey various DRL-based approaches to slice scaling and placement, including different ways to model the problem and benefits of various DRL techniques in addressing specific aspects of the problem. Further, we highlight key challenges and open issues in the effective use of DRL for network slice scaling and placement. © 1979-2012 IEEE.","English"
"Cinemre I.; Mehmood K.; Kralevska K.; Mahmoodi T.","Cinemre, Idris (57224202682); Mehmood, Kashif (57224546008); Kralevska, Katina (55321893400); Mahmoodi, Toktam (24473403200)","57224202682; 57224546008; 55321893400; 24473403200","Gradient-Based Optimization for Intent Conflict Resolution","2024","10.3390/electronics13050864","https://www.scopus.com/inward/record.uri?eid=2-s2.0-85187872351&doi=10.3390%2felectronics13050864&partnerID=40&md5=b638da373bc59076e4a773f7c6ac95e3","Department of Engineering, King’s College London, London, WC2R 2LS, United Kingdom; Department of Information Security and Communication Technology, Norwegian University of Science and Technology (NTNU), Trondheim, 7034, Norway","Cinemre I., Department of Engineering, King’s College London, London, WC2R 2LS, United Kingdom; Mehmood K., Department of Information Security and Communication Technology, Norwegian University of Science and Technology (NTNU), Trondheim, 7034, Norway; Kralevska K., Department of Information Security and Communication Technology, Norwegian University of Science and Technology (NTNU), Trondheim, 7034, Norway; Mahmoodi T., Department of Engineering, King’s College London, London, WC2R 2LS, United Kingdom","The evolving landscape of network systems necessitates automated tools for streamlined management and configuration. Intent-driven networking (IDN) has emerged as a promising solution for autonomous network management by prioritizing declaratively defined desired outcomes over traditional manual configurations without specifying the implementation details. This paradigm shift towards flexibility, agility, and simplification in network management is particularly crucial in addressing inefficiencies and high costs linked to manual management, notably in the radio access part. This paper explores the concurrent operation of multiple intents, acknowledging the potential for conflicts, and proposes an innovative reformulation of these conflicts to enhance network administration effectiveness. Following the initial detection of conflicts among intents using a gradient-based approach, our work employs the Multiple Gradient Descent Algorithm (MGDA) to minimize all loss functions assigned to each intent simultaneously. In response to the challenge posed by the absence of a closed-form representation for each key performance indicator in a dynamic environment for computing gradient descent, the Stochastic Perturbation Stochastic Approximation (SPSA) is integrated into the MGDA algorithm. The proposed method undergoes initial testing using a commonly employed toy example in the literature before being simulated for conflict scenarios within a mobile network using the ns3 network simulator. © 2024 by the authors.","English"
"Khorsandroo S.; Sánchez A.G.; Tosun A.S.; Arco J.M.; Doriguzzi-Corin R.","Khorsandroo, Sajad (55331366900); Sánchez, Adrián Gallego (57677786500); Tosun, Ali Saman (7003584243); Arco, J.M. (6507455500); Doriguzzi-Corin, Roberto (55890859500)","55331366900; 57677786500; 7003584243; 6507455500; 55890859500","Hybrid SDN evolution: A comprehensive survey of the state-of-the-art","2021","10.1016/j.comnet.2021.107981","https://www.scopus.com/inward/record.uri?eid=2-s2.0-85103776852&doi=10.1016%2fj.comnet.2021.107981&partnerID=40&md5=0962f8ade45e4899c09257ae304a6854","Department of Computer Science, North Carolina A&T State University, United States; NETCOM Research Group, University Carlos III of Madrid, Spain; Department of Computer Science, The University of Texas at San Antonio, United States; Automatica Department, University of Alcalá, Spain; Cybersecurity, Fondazione Bruno Kessler, Italy","Khorsandroo S., Department of Computer Science, North Carolina A&T State University, United States; Sánchez A.G., NETCOM Research Group, University Carlos III of Madrid, Spain; Tosun A.S., Department of Computer Science, The University of Texas at San Antonio, United States; Arco J.M., Automatica Department, University of Alcalá, Spain; Doriguzzi-Corin R., Cybersecurity, Fondazione Bruno Kessler, Italy","Software-Defined Networking (SDN) is an evolutionary networking paradigm which has been adopted by large network and cloud providers, among which are Tech Giants. However, embracing a new and futuristic paradigm as an alternative to well-established and mature legacy networking paradigm requires a lot of time along with considerable financial resources and technical expertise. Consequently, many enterprises cannot afford it. A compromise solution then is a hybrid networking environment (a.k.a. Hybrid SDN (hSDN)) in which SDN functionalities are leveraged while existing traditional network infrastructures are acknowledged. Recently, hSDN has been seen as a viable networking solution for a diverse range of businesses and organizations. Accordingly, the body of literature on hSDN research has improved remarkably. On this account, we present this paper as a comprehensive state-of-the-art survey which expands upon hSDN from many different perspectives. © 2021 The Authors","English"
"Yaqoob M.; Trestian R.; Nguyen H.X.","Yaqoob, Mahnoor (57220465729); Trestian, Ramona (35868237900); Nguyen, Huan X. (57199967463)","57220465729; 35868237900; 57199967463","Data-Driven Network Performance Prediction for B5G Networks: A Graph Neural Network Approach","2022","10.1109/ICCE55644.2022.9852048","https://www.scopus.com/inward/record.uri?eid=2-s2.0-85139192150&doi=10.1109%2fICCE55644.2022.9852048&partnerID=40&md5=df15776b8f1c41e60bb06ed7f005fd9e","Middlesex University, Design Engineering and Mathematics, London, United Kingdom","Yaqoob M., Middlesex University, Design Engineering and Mathematics, London, United Kingdom; Trestian R., Middlesex University, Design Engineering and Mathematics, London, United Kingdom; Nguyen H.X., Middlesex University, Design Engineering and Mathematics, London, United Kingdom","Extreme connectivity, dynamic resource provisioning and demand of quality assurance in 5G and Beyond 5G(B5G) networks calls for advance network modeling solutions. We need functional network models that are able to produce accurate prediction of Key Performance Indicators (KPI) such as latency, overall delay, jitter or packet loss at low cost. Graph Neural Networks (GNN) have already shown great potential for network performance prediction, because of their ability to understand the network configurations. In this paper, we focus on improving the generalization capabilities of GNN in relatively complex IP transport network scenarios of future generation networks. We take RouteNet GNN as a reference model and present an alternative GNN. We train both models with relatively smaller network scenarios while for evaluation we use complex and large network configurations. After hyper-parameter tuning for RouteNet and proposed GNN, the results show that our model outperforms baseline architecture in evaluation phase. The validation losses for scenarios not seen during training phase, are significantly lower than the RouteNet.  © 2022 IEEE.","English"
"Blume M.; Lins S.; Sunvaev A.","Blume, Maximilian (57984360900); Lins, Sebastian (56318996100); Sunvaev, Ali (57984361000)","57984360900; 56318996100; 57984361000","Understanding Interdependencies among Fog System Characteristics","2022","10.1109/CBI54897.2022.00021","https://www.scopus.com/inward/record.uri?eid=2-s2.0-85142818928&doi=10.1109%2fCBI54897.2022.00021&partnerID=40&md5=1f8858d96558f88a25795a39fedf9fb9","Institute of Applied Informatics and Formal Description Methods (AIFB), Karlsruhe Institute of Technology, Karlsruhe, Germany","Blume M., Institute of Applied Informatics and Formal Description Methods (AIFB), Karlsruhe Institute of Technology, Karlsruhe, Germany; Lins S., Institute of Applied Informatics and Formal Description Methods (AIFB), Karlsruhe Institute of Technology, Karlsruhe, Germany; Sunvaev A., Institute of Applied Informatics and Formal Description Methods (AIFB), Karlsruhe Institute of Technology, Karlsruhe, Germany","Fog computing adds decentralized computing, storage, and networking capabilities with dedicated nodes as an intermediate layer between cloud data centers and edge devices to solve latency, bandwidth, and resilience issues. However, in-troducing a fog layer imposes new system design challenges. Fog systems not only exhibit a multitude of key system characteristics (e.g., security, resilience, interoperability) but are also beset with various interdependencies among their key characteristics that require developers' attention. Such interdependencies can either be trade-offs with improving the fog system on one characteristic impairing it on another, or synergies with improving the system on one characteristic also improving it on another. As system developers face a multifaceted and complex set of potential system design measures, it is challenging for them to oversee all potentially resulting interdependencies, mitigate trade-offs, and foster synergies. Until now, existing literature on fog system architecture has only analyzed such interdependencies in isolation for specific characteristics, thereby limiting the applicability and generalizability of their proposed system designs if other than the considered characteristics are critical. We aim to fill this gap by conducting a literature review to (1) synthesize the most relevant characteristics of fog systems and design measures to achieve them, and (2) derive interdependences among all key characteristics. From reviewing 147 articles on fog system architectures, we reveal 11 key characteristics and 39 interdependencies. We supplement the key characteristics with a description, reason for their relevance, and related design measures derived from literature to deepen the understanding of a fog system's potential and clarify semantic ambiguities. For the interdependencies, we explain and differentiate each one as positive (synergies) or negative (trade-offs), guiding practitioners and researchers in future design choices to avoid pitfalls and unleash the full potential of fog computing.  © 2022 IEEE.","English"
"Polese M.; Dohler M.; Dressler F.; Erol-Kantarci M.; Jana R.; Knopp R.; Melodia T.","Polese, Michele (57190585567); Dohler, Mischa (12791370000); Dressler, Falko (8897738000); Erol-Kantarci, Melike (36161830500); Jana, Rittwik (7006870644); Knopp, Raymond (7102122228); Melodia, Tommaso (6602320889)","57190585567; 12791370000; 8897738000; 36161830500; 7006870644; 7102122228; 6602320889","Empowering the 6G Cellular Architecture With Open RAN","2024","10.1109/JSAC.2023.3334610","https://www.scopus.com/inward/record.uri?eid=2-s2.0-85179054336&doi=10.1109%2fJSAC.2023.3334610&partnerID=40&md5=859617170b98f0fceb66e82c6c5d3ed8","Institute for the Wireless Internet of Things, Northeastern University, Boston, 02115, MA, United States; Advanced Technology Group, Ericsson Inc., Santa Clara, 95054, CA, United States; Tu Berlin, School of Electrical Engineering and Computer Science, Berlin, 10623, Germany; University of Ottawa, School of Electrical Engineering and Computer Science, Ottawa, K1N 6N5, ON, Canada; Google, New York City, 10030, NY, United States; Eurecom, Biot, Sophia Antipolis, 06410, France","Polese M., Institute for the Wireless Internet of Things, Northeastern University, Boston, 02115, MA, United States; Dohler M., Advanced Technology Group, Ericsson Inc., Santa Clara, 95054, CA, United States; Dressler F., Tu Berlin, School of Electrical Engineering and Computer Science, Berlin, 10623, Germany; Erol-Kantarci M., University of Ottawa, School of Electrical Engineering and Computer Science, Ottawa, K1N 6N5, ON, Canada; Jana R., Google, New York City, 10030, NY, United States; Knopp R., Eurecom, Biot, Sophia Antipolis, 06410, France; Melodia T., Institute for the Wireless Internet of Things, Northeastern University, Boston, 02115, MA, United States","Innovation and standardization in 5G have brought advancements to every facet of the cellular architecture. This ranges from the introduction of new frequency bands and signaling technologies for the radio access network (RAN), to a core network underpinned by micro-services and network function virtualization (NFV). However, like any emerging technology, the pace of real-world deployments does not instantly match the pace of innovation. To address this discrepancy, one of the key aspects under continuous development is the RAN with the aim of making it more open, adaptive, functional, and easy to manage. In this paper, we highlight the transformative potential of embracing novel cellular architectures by transitioning from conventional systems to the progressive principles of Open RAN. This promises to make 6G networks more agile, cost-effective, energy-efficient, and resilient. It opens up a plethora of novel use cases, ranging from ubiquitous support for autonomous devices to cost-effective expansions in regions previously underserved. The principles of Open RAN encompass: (i) a disaggregated architecture with modular and standardized interfaces; (ii) cloudification, programmability and orchestration; and (iii) AI-enabled data-centric closed-loop control and automation. We first discuss the transformative role Open RAN principles have played in the 5G era. Then, we adopt a system-level approach and describe how these Open RAN principles will support 6G RAN and architecture innovation. We qualitatively discuss potential performance gains that Open RAN principles yield for specific 6G use cases. For each principle, we outline the steps that research, development and standardization communities ought to take to make Open RAN principles central to next-generation cellular network designs.  © 1983-2012 IEEE.","English"
"Yungaicela-Naula N.M.; Sharma V.; Scott-Hayward S.","Yungaicela-Naula, Noe M. (57203986401); Sharma, Vishal (55682655583); Scott-Hayward, Sandra (54917376600)","57203986401; 55682655583; 54917376600","Misconfiguration in O-RAN: Analysis of the impact of AI/ML","2024","10.1016/j.comnet.2024.110455","https://www.scopus.com/inward/record.uri?eid=2-s2.0-85191354560&doi=10.1016%2fj.comnet.2024.110455&partnerID=40&md5=4caaf33bbc6ca6912015bd50db234db1","Centre for Secure Information Technologies (CSIT), Queen's University Belfast, Northern Ireland, Belfast, BT3 9DT, United Kingdom","Yungaicela-Naula N.M., Centre for Secure Information Technologies (CSIT), Queen's University Belfast, Northern Ireland, Belfast, BT3 9DT, United Kingdom; Sharma V., Centre for Secure Information Technologies (CSIT), Queen's University Belfast, Northern Ireland, Belfast, BT3 9DT, United Kingdom; Scott-Hayward S., Centre for Secure Information Technologies (CSIT), Queen's University Belfast, Northern Ireland, Belfast, BT3 9DT, United Kingdom","User demand on network communication infrastructure has never been greater with applications such as extended reality, holographic telepresence, and wireless brain–computer interfaces challenging current networking capabilities. Open RAN (O-RAN) is critical to supporting new and anticipated uses of 6G and beyond. It promotes openness and standardization, increased flexibility through the disaggregation of Radio Access Network (RAN) components, supports programmability, flexibility, and scalability with technologies such as Software-Defined Networking (SDN), Network Function Virtualization (NFV), and cloud, and brings automation through the RAN Intelligent Controller (RIC). Furthermore, the use of xApps, rApps, and Artificial Intelligence/Machine Learning (AI/ML) within the RIC enables efficient management of complex RAN operations. However, due to the open nature of O-RAN and its support for heterogeneous systems, the possibility of misconfiguration problems becomes critical. In this paper, we present a thorough analysis of the potential misconfiguration issues in O-RAN with respect to integration and operation, the use of SDN and NFV, and, specifically, the use of AI/ML. The opportunity for AI/ML to be used to identify these misconfigurations is investigated. A case study is presented to illustrate the direct impact on the end user of conflicting policies amongst xApps along with a potential AI/ML-based solution to this problem. This research presents a first analysis of the impact of AI/ML on misconfiguration challenges in O-RAN. © 2024 The Author(s)","English"
"Aryal N.; Bertin E.; Crespi N.","Aryal, Nischal (57959948400); Bertin, Emmanuel (22333792600); Crespi, Noel (17433279200)","57959948400; 22333792600; 17433279200","Open Radio Access Network challenges for Next Generation Mobile Network","2023","10.1109/ICIN56760.2023.10073507","https://www.scopus.com/inward/record.uri?eid=2-s2.0-85151954911&doi=10.1109%2fICIN56760.2023.10073507&partnerID=40&md5=07babaf86e62e12d6968e40d5fbf4ec5","Orange Innovation, Caen, 14000, France; Institut Polytechnique de Paris, Telecom SudParis, Samovar, Palaiseau, 91120, France","Aryal N., Orange Innovation, Caen, 14000, France, Institut Polytechnique de Paris, Telecom SudParis, Samovar, Palaiseau, 91120, France; Bertin E., Orange Innovation, Caen, 14000, France, Institut Polytechnique de Paris, Telecom SudParis, Samovar, Palaiseau, 91120, France; Crespi N., Institut Polytechnique de Paris, Telecom SudParis, Samovar, Palaiseau, 91120, France","Due to the tightly-coupled hardware and software architecture of existing RAN systems and their non-flexibility, disaggregation of software and hardware can bring many unprecedented opportunities regarding enabling the entrance of multiple small-scale infrastructure providers to enter the RAN market, which creates more competitive and innovative RAN ecosystem. Moreover, mobile network operators (MNOs) will also have the advantage of selecting the services according to their network requirements. Open Radio Access Network (O-RAN) builds a multi-vendor RAN ecosystem and utilizes openness and intelligence to address the complexity of network functionalities, increase development agility, and provide more cost-effective platforms due to softwarization and the avoidance of dedicated hardware. However, O-RAN faces many challenges, such as interoperability, convergence, and AI/ML management which still need to be addressed before its wide deployment. This paper surveys the existing issues in the Open RAN ecosystem and explores existing solutions.  © 2023 IEEE.","English"
"Li Y.; Qin Y.","Li, Yuancheng (56436141600); Qin, Yongtai (57748448300)","56436141600; 57748448300","Real-Time Cost Optimization Approach Based on Deep Reinforcement Learning in Software-Defined Security Middle Platform","2023","10.3390/info14040209","https://www.scopus.com/inward/record.uri?eid=2-s2.0-85153673316&doi=10.3390%2finfo14040209&partnerID=40&md5=58946cb055aefaeb21ad295052ad54a3","School of Control and Computer Engineering, North China Electric Power University, Beijing, 102206, China","Li Y., School of Control and Computer Engineering, North China Electric Power University, Beijing, 102206, China; Qin Y., School of Control and Computer Engineering, North China Electric Power University, Beijing, 102206, China","In today’s business environment, reducing costs is crucial due to the variety of Internet of Things (IoT) devices and security infrastructure. However, applying security measures to complex business scenarios can lead to performance degradation, making it a challenging task. To overcome this problem, we propose a novel algorithm based on deep reinforcement learning (DRL) for optimizing cost in multi-party computation software-defined security middle platforms (MPC-SDSmp) in real-time. To accomplish this, we first integrate fragmented security requirements and infrastructure into the MPC-SDSmp cloud model with privacy protection capabilities to reduce deployment costs. By leveraging the power of DRL and cloud computing technology, we enhance the real-time matching and dynamic adaptation capabilities of the security middle platform (Smp). This enables us to generate a real-time scheduling strategy for Smp resources that meet low-cost goals to reduce operating costs. Our experimental results demonstrate that the proposed method not only reduces the costs by 13.6% but also ensures load balancing, improves the quality-of-service (QoS) satisfaction by 18.7%, and reduces the average response time by 34.2%. Moreover, our solution is highly robust and better suited for real-time environments compared to the existing methods. © 2023 by the authors.","English"
"Arzo S.T.; Bassoli R.; Granelli F.; Fitzek F.H.P.","Arzo, Sisay Tadesse (55979134900); Bassoli, Riccardo (55598393900); Granelli, Fabrizio (6701655006); Fitzek, Frank H. P. (9434654200)","55979134900; 55598393900; 6701655006; 9434654200","Multi-Agent Based Autonomic Network Management Architecture","2021","10.1109/TNSM.2021.3059752","https://www.scopus.com/inward/record.uri?eid=2-s2.0-85100916553&doi=10.1109%2fTNSM.2021.3059752&partnerID=40&md5=c74a79e063744a5bb5bc7c879ffe9497","Department of Information Engineering and Computer Science, University of Trento, Trento, Italy; Deutsche Telekom Chair of Communication Networks, Institute of Communication Technology, Faculty of Electrical and Computer Engineering, Technische Universität Dresden, Dresden, Germany; Centre for Tactile Internet with Humanin-the-Loop, Cluster of Excellence, Dresden, 01067, Germany","Arzo S.T., Department of Information Engineering and Computer Science, University of Trento, Trento, Italy; Bassoli R., Deutsche Telekom Chair of Communication Networks, Institute of Communication Technology, Faculty of Electrical and Computer Engineering, Technische Universität Dresden, Dresden, Germany; Granelli F., Deutsche Telekom Chair of Communication Networks, Institute of Communication Technology, Faculty of Electrical and Computer Engineering, Technische Universität Dresden, Dresden, Germany; Fitzek F.H.P., Deutsche Telekom Chair of Communication Networks, Institute of Communication Technology, Faculty of Electrical and Computer Engineering, Technische Universität Dresden, Dresden, Germany, Centre for Tactile Internet with Humanin-the-Loop, Cluster of Excellence, Dresden, 01067, Germany","The advent of network softwarization is enabling multiple innovative solutions through software-defined networking (SDN) and network function virtualization (NFV). Specifically, network softwarization paves the way for autonomic and intelligent networking, which has gained popularity in the research community. Along with the arrival of 5G and beyond, which interconnects billions of devices, the complexity of network management is significantly increasing both investments and operational costs. Autonomic networking is the creation of self-organizing, self-managing, and self-protecting networks, to afford the network management complexes and heterogeneous networks. To achieve full network automation, various aspects of networking need to be addressed. So, this article proposes a novel architecture for the multi-agent-based network automation of the network management system (MANA-NMS). The architecture rely on network function atomization, which defines atomic decision-making units. Such units could represent virtual network functions. These atomic units are autonomous and adaptive. First, the article presents a theoretical discussion of the challenges arisen by automating the decision-making process. Next, the proposed multi-agent system is presented along with its mathematical modeling. Finally, MANA-NMS architecture is mathematically evaluated from functionality, reliability, latency, and resource consumption performance perspectives.  © 2004-2012 IEEE.","English"
"Banerjee A.; Mwanje S.S.; Carle G.","Banerjee, Anubhab (57217445356); Mwanje, Stephen S. (55532732200); Carle, Georg (11441022800)","57217445356; 55532732200; 11441022800","Optimal configuration determination in Cognitive Autonomous Networks","2021","","https://www.scopus.com/inward/record.uri?eid=2-s2.0-85113653325&partnerID=40&md5=314c25a1497c77c2f2e24ddeb321c89d","Nokia Bell Labs, Munich, Germany; Technical University of Munich, Dept. of Informatics, Germany","Banerjee A., Nokia Bell Labs, Munich, Germany, Technical University of Munich, Dept. of Informatics, Germany; Mwanje S.S., Nokia Bell Labs, Munich, Germany; Carle G., Technical University of Munich, Dept. of Informatics, Germany","Cognitive Autonomous Networks (CAN) promises to raise the level of operational autonomy in mobile networks through the introduction of Artificial Intelligence (AI) and Machine Learning (ML) in the network processes. In CAN, learning based functions, called Cognitive Functions (CF), adjust network control parameters to optimize their objectives which are different Key Performance Indicator (KPI). As the CFs work in parallel, there is often an overlap among their activities regarding control parameter adjustment, i.e., at one point of time, multiple CFs may want to change a single control parameter albeit by different degrees or to different values depending on their respective levels of interest in that parameter. To resolve this dispute, a coordination mechanism is required for sharing the parameter among the independent CFs according to their individual interest levels. In this paper we provide the design of such a Controller in CAN to determine the optimal control parameter value. The Controller first quantifies the impact of that parameter on the objective of each CF, based on which the Controller determines the optimal value using Eisenberg-Gale solution. A numerical evaluation shows that compared to state-of-the-art, the proposed Controller can improve performance by up to 7.7%, while implementation in a simulation environment shows that the proposed Controller is feasible for use in a real life scenario. © 2021 IFIP.","English"
"Khalili H.; Khodashenas P.S.; Siddiqui S.","Khalili, Hamzeh (56448381100); Khodashenas, Pouria Sayyad (56342438700); Siddiqui, Shuaib (37051441800)","56448381100; 56342438700; 37051441800","On the orchestration of integrated satellite components in 5G networks and beyond","2020","10.1109/ICTON51198.2020.9203354","https://www.scopus.com/inward/record.uri?eid=2-s2.0-85092453454&doi=10.1109%2fICTON51198.2020.9203354&partnerID=40&md5=8915257749343f4f3a0b848f80d8be1c","i2CAT Foundation, C\Gran Capita 2-4 Edifici Nexus I, Barcelona, 08034, Spain","Khalili H., i2CAT Foundation, C\Gran Capita 2-4 Edifici Nexus I, Barcelona, 08034, Spain; Khodashenas P.S., i2CAT Foundation, C\Gran Capita 2-4 Edifici Nexus I, Barcelona, 08034, Spain; Siddiqui S., i2CAT Foundation, C\Gran Capita 2-4 Edifici Nexus I, Barcelona, 08034, Spain","In support of inclusion of non-terrestrial network, 3GPP standardization recently developed several technical reports and specifications on the possible role of satellite systems along with the terrestrial network communications. The newest 3GPP study items under 5G created opportunity to integrate satellite systems, even beyond 5G networks. Integration between these two technologies will bring new range of features such as universal multi-access, dynamic management and ubiquitous connectivity, as well as increasing coverage, availability and reliability. This can be achieved through virtualization of satellite ground segment components, APIs and orchestration platform. In this work, we proposed an orchestration solution to manage and coordinate inter and intra satellite communication (i.e. GEO, MEO, LEO), together with terrestrial network resources. The solution is highly flexible and allows easy configuring of satellite systems including, baseband user segment, network user segment and mission segment in order to respond adequately to service requirements and end-to-end service provisioning.  © 2020 IEEE.","English"
"Ajeyprasaath K.B.; Vetrivelan P.","Ajeyprasaath, K.B. (57991992700); Vetrivelan, P. (54917377500)","57991992700; 54917377500","A Hybrid Machine Learning Approach for Improvised QoE in Video Services over 5G Wireless Networks","2024","10.32604/cmc.2023.046911","https://www.scopus.com/inward/record.uri?eid=2-s2.0-85189028418&doi=10.32604%2fcmc.2023.046911&partnerID=40&md5=a7504ea24a092459a58e8499baf84c35","School of Electronics Engineering, Vellore Institute of Technology, Tamil Nadu, Chennai, 600 127, India","Ajeyprasaath K.B., School of Electronics Engineering, Vellore Institute of Technology, Tamil Nadu, Chennai, 600 127, India; Vetrivelan P., School of Electronics Engineering, Vellore Institute of Technology, Tamil Nadu, Chennai, 600 127, India","Video streaming applications have grown considerably in recent years. As a result, this becomes one of the most significant contributors to global internet traffic. According to recent studies, the telecommunications industry loses millions of dollars due to poor video Quality of Experience (QoE) for users. Among the standard proposals for standardizing the quality of video streaming over internet service providers (ISPs) is the Mean Opinion Score (MOS). However, the accurate finding of QoE by MOS is subjective and laborious, and it varies depending on the user. A fully automated data analytics framework is required to reduce the inter-operator variability characteristic in QoE assessment. This work addresses this concern by suggesting a novel hybrid XGBStackQoE analytical model using a two-level layering technique. Level one combines multiple Machine Learning (ML) models via a layer one Hybrid XGBStackQoE-model. Individual ML models at level one are trained using the entire training data set. The level two Hybrid XGBStackQoE-Model is fitted using the outputs (meta-features) of the layer one ML models. The proposed model outperformed the conventional models, with an accuracy improvement of 4 to 5 percent, which is still higher than the current traditional models. The proposed framework could significantly improve video QoE accuracy. © 2024 Tech Science Press. All rights reserved.","English"
"Hassane O.; Khendek F.; Mustafiz S.; Toeroe M.","Hassane, Omar (57211170583); Khendek, Ferhat (6602511025); Mustafiz, Sadaf (8694698100); Toeroe, Maria (24339650700)","57211170583; 6602511025; 8694698100; 24339650700","A model traceability framework for network service management","2020","10.1145/3419804.3420267","https://www.scopus.com/inward/record.uri?eid=2-s2.0-85096949977&doi=10.1145%2f3419804.3420267&partnerID=40&md5=5283dc52a7ba48a112fb61e20df7731e","Concordia University Electrical and Computer Engineering, Montreal, QC, Canada; Ryerson University, Computer Science, Toronto, ON, Canada; Ericsson Inc., Montreal, QC, Canada","Hassane O., Concordia University Electrical and Computer Engineering, Montreal, QC, Canada; Khendek F., Concordia University Electrical and Computer Engineering, Montreal, QC, Canada; Mustafiz S., Ryerson University, Computer Science, Toronto, ON, Canada; Toeroe M., Ericsson Inc., Montreal, QC, Canada","Automating enactment along with traceability management of processes using model-driven engineering methods could be of significant benefit to the Network Functions Virtualization (NFV) paradigm in view of its move towards zero-touch automation of the orchestration and management of network services (NS). Earlier, we proposed an integrated process modelling and enactment environment with traceability support, MAPLE-T, for NS management. In this paper, we extend MAPLE-T with the notion of intents. We propose the usage of intents at both the process model (PM) and model-transformation levels as part of our traceability information. We define intents as information representing the objective of the PM actions/activities and their implementations. We extend MAPLE-T with traceability visualization support to visualize trace links relating models at different levels through the captured intents. The intent-enriched traceability information and the enhanced visualization enable semantically richer traceability analysis. We apply our traceability generation and analysis approach to the NS design process in order to show the benefits of intents not only for the process, but also for the whole NS lifecycle management operations. © 2020 Association for Computing Machinery.","English"
"Slamnik-Kriještorac N.; Botero M.C.; Cominardi L.; Latré S.; Marquez-Barja J.M.","Slamnik-Kriještorac, Nina (57211988055); Botero, Miguel Camelo (57837828700); Cominardi, Luca (36634005000); Latré, Steven (24470054300); Marquez-Barja, Johann M. (36185955700)","57211988055; 57837828700; 36634005000; 24470054300; 36185955700","An ML-driven framework for edge orchestration in a vehicular NFV MANO environment","2023","10.1109/CCNC51644.2023.10060659","https://www.scopus.com/inward/record.uri?eid=2-s2.0-85150649629&doi=10.1109%2fCCNC51644.2023.10060659&partnerID=40&md5=2330a02fb35cff431716daccfb542fe2","University of Antwerp - Imec, IDLab - Faculty of Applied Engineering, Belgium; ZettaScale, France","Slamnik-Kriještorac N., University of Antwerp - Imec, IDLab - Faculty of Applied Engineering, Belgium; Botero M.C., University of Antwerp - Imec, IDLab - Faculty of Applied Engineering, Belgium; Cominardi L., ZettaScale, France; Latré S., University of Antwerp - Imec, IDLab - Faculty of Applied Engineering, Belgium; Marquez-Barja J.M., University of Antwerp - Imec, IDLab - Faculty of Applied Engineering, Belgium","To properly orchestrate challenging services such as those deployed for Vehicle-to-Everything (V2X) use cases, MANO systems need to be intelligent and automated. Network Function Virtualization (NFV) and Machine Learning (ML) provide opportunities for automating MANO operations, and this paper presents our MI-enhAnced Edge Service orchesTRatiOn (MAESTRO) algorithm that makes proactive ML-driven decisions for edge service relocation to ensure Quality of Service (QoS) guarantees for V2X services. Moreover, to validate the effectiveness of our proposed solution, we have performed the experimentation using real-life testbeds for high computing and smart mobility i.e., Smart Highway and Virtual Wall, located in Antwerp and Gent, Belgium. The contribution of our paper is two-fold: i) we study the interrelation between the Key Performance Indicators (KPIs) measured at the vehicle client side, and the infrastructure metrics at the edge computing nodes and ii) we propose and evaluate an ML-based quality-aware algorithm that automates edge service orchestration to decrease average latency while guaranteeing high service availability and reliability.  © 2023 IEEE.","English"
"Ikeuchi H.; Takahashi Y.; Matsuda K.; Toyono T.","Ikeuchi, Hiroki (57207987651); Takahashi, Yosuke (59284282700); Matsuda, Kotaro (57234207200); Toyono, Tsuyoshi (55886250200)","57207987651; 59284282700; 57234207200; 55886250200","Recovery Process Visualization based on Automaton Construction","2021","","https://www.scopus.com/inward/record.uri?eid=2-s2.0-85113634226&partnerID=40&md5=23cfe252a486879aacf7bc38f2cbd8bb","Ntt Network Technology Laboratories, Ntt Corporation, Tokyo, 180-8585, Japan","Ikeuchi H., Ntt Network Technology Laboratories, Ntt Corporation, Tokyo, 180-8585, Japan; Takahashi Y., Ntt Network Technology Laboratories, Ntt Corporation, Tokyo, 180-8585, Japan; Matsuda K., Ntt Network Technology Laboratories, Ntt Corporation, Tokyo, 180-8585, Japan; Toyono T., Ntt Network Technology Laboratories, Ntt Corporation, Tokyo, 180-8585, Japan","Since information and communications technology systems become large and complex, artificial intelligence (AI) technologies for automatic failure recovery have recently been developed. While AI-based failure recovery is promising, it raises an issue of interpretability, i.e., the problem in which operators cannot understand the target system behavior during the recovery process. To overcome this issue, we propose a method for constructing human-interpretable automata that describe the recovery process for each type of failure in accordance with the concept of proactive operation including chaos engineering. We define a new class of automata called observation-labeled finite automata (OLDFAs) with an observation function, which enable us to express recovery processes of the target system that can output high-dimensional data in a mathematical form. Our method constructs an OLDFA consistent with the target system on the basis of the L* algorithm and clustering techniques. We also propose a method of creating a recovery process workflow (RPW) by merging OLDFAs for distinct failures. The RPW makes visible to operators what types of failures the target system is likely to currently have after specific actions have been taken and observations obtained. This would be beneficial in that operators can understand what AI-based operation takes the actions for and what states the target system is likely to be in during the recovery process. To evaluate the effectiveness of our methods, we carried out numerical simulations and experiments with container-based systems, showing our methods successfully construct automata and that the created RPW is interpretable. © 2021 IFIP.","English"
"Bunyakitanon M.; Vasilakos X.; Nejabati R.; Simeonidou D.","Bunyakitanon, Monchai (57212035189); Vasilakos, Xenofon (23092076600); Nejabati, Reza (8723651100); Simeonidou, Dimitra (12784155200)","57212035189; 23092076600; 8723651100; 12784155200","End-to-End Performance-Based Autonomous VNF Placement with Adopted Reinforcement Learning","2020","10.1109/TCCN.2020.2988486","https://www.scopus.com/inward/record.uri?eid=2-s2.0-85088915627&doi=10.1109%2fTCCN.2020.2988486&partnerID=40&md5=a174a0be0071e6faef4dc64e18c89a0f","Smart Internet Lab, University of Bristol, Bristol, BS8 1UB, United Kingdom","Bunyakitanon M., Smart Internet Lab, University of Bristol, Bristol, BS8 1UB, United Kingdom; Vasilakos X., Smart Internet Lab, University of Bristol, Bristol, BS8 1UB, United Kingdom; Nejabati R., Smart Internet Lab, University of Bristol, Bristol, BS8 1UB, United Kingdom; Simeonidou D., Smart Internet Lab, University of Bristol, Bristol, BS8 1UB, United Kingdom","The autonomous placement of Virtual Network Functions (VNFs) is a key aspect of Zero-touch network and Service Management (ZSM) in Fifth Generation (5G) networking. Therefore, current orchestration frameworks need to be enhanced, accordingly. To address this need, this work presents an Adapted REinforcement Learning VNF Performance Prediction module for Autonomous VNF Placement, namely AREL3P. Our solution design bears a dual novelty. First, it leverages end-to-end service-level performance predictions for placing VNFs. Second, whereas the majority of other Machine Learning efforts in the literature use Supervised Learning (SL) techniques, AREL3P is based on a particular form of Reinforcement Learning adapted to predictions. This makes placement decisions more resilient to dynamic conditions, as well as portable to other network nodes, and able to generalize in heterogeneous network environments. Backed by a meticulous performance evaluation over a real 5G end-to-end testbed, we verify the above properties after integrating AREL3P to Open Source Management and Orchestration (OSM MANO) decisions. Among other highlights, we show increased VNF performance predictions accuracy by 40-45%, and an overall improved VNF placement efficiency against other SL benchmarks reflected by near-optimal decision scores in 23 out of a total of 27 investigated scenarios.  © 2015 IEEE.","English"
"Suchitra V.; Kumar R.; Saha P.; Nayak D.B.; Ratha H.K.","Suchitra, V. (57225040356); Kumar, Rajesh (58836169200); Saha, Pradip (58502243000); Nayak, D.B. (58585920000); Ratha, Hare Krishna (6505538148)","57225040356; 58836169200; 58502243000; 58585920000; 6505538148","Design of Network Monitoring System for IoT and Autonomous Network using Python","2023","10.1109/ViTECoN58111.2023.10157023","https://www.scopus.com/inward/record.uri?eid=2-s2.0-85165536462&doi=10.1109%2fViTECoN58111.2023.10157023&partnerID=40&md5=82186b507ad61ea8c2fb689146df4a0c","DRDO, Communication Directorate Integrated Test Range, Chandipur, India","Suchitra V., DRDO, Communication Directorate Integrated Test Range, Chandipur, India; Kumar R., DRDO, Communication Directorate Integrated Test Range, Chandipur, India; Saha P., DRDO, Communication Directorate Integrated Test Range, Chandipur, India; Nayak D.B., DRDO, Communication Directorate Integrated Test Range, Chandipur, India; Ratha H.K., DRDO, Communication Directorate Integrated Test Range, Chandipur, India","The design and development of an open standard, scalable platform, and interoperable, Network Monitoring System (NMS) is always an inspiration and challenging for IoT and Autonomous systems which are namely deployed over a local and remote environment. The developed system is a novel approach towards scalable and open platform-based NMS using Python programming language. It has a feature to mark the performance and faults of all connected nodes over a network. It utilizes Simple Network Management Protocol (SNMP) and a Syslog-based monitoring module. With the quality of the real-time monitoring system, it ensures an individual link status and its summary and depicts its updates in real-time GUI updater, and store data in MySQL database. It provides easy visualization of network stations and allows the concerned to take appropriate action accordingly. © 2023 IEEE.","English"
"Banerjee A.; Mwanje S.S.; Carle G.","Banerjee, Anubhab (57217445356); Mwanje, Stephen S. (55532732200); Carle, Georg (11441022800)","57217445356; 55532732200; 11441022800","Toward Control and Coordination in Cognitive Autonomous Networks","2022","10.1109/TNSM.2021.3116308","https://www.scopus.com/inward/record.uri?eid=2-s2.0-85116920592&doi=10.1109%2fTNSM.2021.3116308&partnerID=40&md5=cba581636ed49fd40ec552f75f938bbc","Cognitive Network Management Research, Nokia Bell Labs, Munich, Germany; Department of Informatics, Technical University of Munich, Munich, Germany","Banerjee A., Cognitive Network Management Research, Nokia Bell Labs, Munich, Germany; Mwanje S.S., Cognitive Network Management Research, Nokia Bell Labs, Munich, Germany; Carle G., Department of Informatics, Technical University of Munich, Munich, Germany","The incorporation of Artificial Intelligence (AI) and Machine Learning (ML) in mobile networks is expected to raise the degree of automation by proposing Cognitive Autonomous Networks (CAN). In CAN, learning based functions, called Cognitive Functions (CFs), adjust network control parameters to optimize specific Key Performance Indicators (KPIs). The CFs share the same resources, and this very often introduces an overlap among their target control parameter adjustment, i.e., at one point of time, multiple CFs may want to change the same control parameter albeit by different amounts depending on their respective levels of interest in that parameter. Correspondingly, a Controller is required in CAN to coordinate the sharing of the parameter among the independent CFs to meet their varying extents of interests. Although a Nash Social Welfare Function (NSWF) based Controller was introduced at first, to overcome the problems of this Controller a second Controller was introduced based on Eisenberg-Gale Solution (EGS). To use an EGS based Controller, impact of each network control parameter on each CF, called Config-Weight (CW), needs to be calculated. In this paper we propose a Shapley value based method for CW calculation, prove the optimality of the method mathematically and by simulation, provide a comparison between the Controllers in a simulation environment that resembles 5G network and find that up to 9.18% improvement can be obtained using the EGS based Controller. © 2004-2012 IEEE.","English"
"Imae A.; Koyama O.; Mino K.; Tomo I.; Yamaguchi M.; Oyama K.; Ikeda K.; Yamada M.","Imae, Akihiro (57221280891); Koyama, Osanori (9336723800); Mino, Keigo (57221281523); Tomo, Ippei (57254032900); Yamaguchi, Minoru (56328617000); Oyama, Kento (57221293327); Ikeda, Kanami (55560237500); Yamada, Makoto (7405747532)","57221280891; 9336723800; 57221281523; 57254032900; 56328617000; 57221293327; 55560237500; 7405747532","Cost-effective router/switch control system based on software-defined networking over world wide web","2021","10.24507/ijicic.17.05.1617","https://www.scopus.com/inward/record.uri?eid=2-s2.0-85114664648&doi=10.24507%2fijicic.17.05.1617&partnerID=40&md5=cb1335faa10e8cee6602e926b1bce528","Graduate School of Engineering, Osaka Prefecture University, 1-1 Gakuen-cho, Naka-ku, Osaka, Sakai, 599-8531, Japan; College of Engineering, Osaka Prefecture University, 1-1 Gakuen-cho, Naka-ku, Osaka, Sakai, 599-8531, Japan","Imae A., Graduate School of Engineering, Osaka Prefecture University, 1-1 Gakuen-cho, Naka-ku, Osaka, Sakai, 599-8531, Japan; Koyama O., Graduate School of Engineering, Osaka Prefecture University, 1-1 Gakuen-cho, Naka-ku, Osaka, Sakai, 599-8531, Japan; Mino K., Graduate School of Engineering, Osaka Prefecture University, 1-1 Gakuen-cho, Naka-ku, Osaka, Sakai, 599-8531, Japan; Tomo I., College of Engineering, Osaka Prefecture University, 1-1 Gakuen-cho, Naka-ku, Osaka, Sakai, 599-8531, Japan; Yamaguchi M., Graduate School of Engineering, Osaka Prefecture University, 1-1 Gakuen-cho, Naka-ku, Osaka, Sakai, 599-8531, Japan; Oyama K., Graduate School of Engineering, Osaka Prefecture University, 1-1 Gakuen-cho, Naka-ku, Osaka, Sakai, 599-8531, Japan; Ikeda K., Graduate School of Engineering, Osaka Prefecture University, 1-1 Gakuen-cho, Naka-ku, Osaka, Sakai, 599-8531, Japan; Yamada M., Graduate School of Engineering, Osaka Prefecture University, 1-1 Gakuen-cho, Naka-ku, Osaka, Sakai, 599-8531, Japan","Software-defined networking (SDN), which enables networks to be controlled centrally and can change parameters flexibly such as their topology, settings for packet-exchanging, and quality of service is one of the network virtualization technologies that have attracted significant attention recently. Besides, it has been widely used because it reduces network administrator’s workloads of network management. However, SDN-enabled network devices are generally expensive, and the network construction cost is a significant factor when SDN is deployed in a network of enterprises and data centers. In this paper, from the viewpoint of the cost and network management workload, we propose a router/switch control system for Internet protocol over an optical network with database function over World Wide Web using cost-effective Internet of Things devices. We designed and constructed the proposed system. Besides, we conducted experiments using the remote control function in the proposed system, which can change the port status of network devices. The experiment results proved that the proposed system works correctly. Therefore, by using the proposed system, SDN-enabled network construction cost can be significantly reduced compared to replacing legacy network devices with SDN-enabled network devices. To be more precise, the cost of a single SDN-enabled network device can be reduced to the cost of a single Raspberry Pi as IoT device, and the total cost can be reduced in proportion to the scale of the network. Furthermore, we discuss future studies to be considered for further cost reduction. © ICIC International 2021.","English"
"Vasilakos X.; Moazzeni S.; Bravalheri A.; Jaisudthi P.; Nejabati R.; Simeonidou D.","Vasilakos, Xenofon (23092076600); Moazzeni, Shadi (57200505769); Bravalheri, Anderson (55203531800); Jaisudthi, Pratchaya (57221304637); Nejabati, Reza (8723651100); Simeonidou, Dimitra (12784155200)","23092076600; 57200505769; 55203531800; 57221304637; 8723651100; 12784155200","iOn-Profiler: Intelligent Online Multi-Objective VNF Profiling With Reinforcement Learning","2024","10.1109/TNSM.2024.3352821","https://www.scopus.com/inward/record.uri?eid=2-s2.0-85182917898&doi=10.1109%2fTNSM.2024.3352821&partnerID=40&md5=00850e94930e63cb4374d5ee1706d3b0","University of Bristol, Smart Internet Lab, Department of Electrical and Electronic Engineering, Bristol, BS8 1UB, United Kingdom","Vasilakos X., University of Bristol, Smart Internet Lab, Department of Electrical and Electronic Engineering, Bristol, BS8 1UB, United Kingdom; Moazzeni S., University of Bristol, Smart Internet Lab, Department of Electrical and Electronic Engineering, Bristol, BS8 1UB, United Kingdom; Bravalheri A., University of Bristol, Smart Internet Lab, Department of Electrical and Electronic Engineering, Bristol, BS8 1UB, United Kingdom; Jaisudthi P., University of Bristol, Smart Internet Lab, Department of Electrical and Electronic Engineering, Bristol, BS8 1UB, United Kingdom; Nejabati R., University of Bristol, Smart Internet Lab, Department of Electrical and Electronic Engineering, Bristol, BS8 1UB, United Kingdom; Simeonidou D., University of Bristol, Smart Internet Lab, Department of Electrical and Electronic Engineering, Bristol, BS8 1UB, United Kingdom","Leveraging the potential of Virtualised Network Functions (VNFs) requires a clear understanding of the link between resource consumption and performance. The current state of the art tries to do that by utilising machine learning and specifically Supervised Learning (SL) models for given network environments and VNF types assuming single-objective optimisation targets. Taking a different approach, iOn-Profiler poses a novel VNF profiler optimising multi-resource type allocation and performance objectives using adapted Reinforcement Learning (RL). Our approach can meet key performance indicator targets while minimising multi-resource type consumption and optimising the VNF output rate compared to existing single-objective solutions. Our experimental evaluation with three real-world VNF types over a total of 39 study scenarios (13 per VNF), for three resource types (virtual CPU, memory, and network link capacity), verifies the accuracy of resource allocation predictions and corresponding successful profiling decisions via a benchmark comparison between our RL model and SL models. We also conduct a complementary exhaustive search-space study revealing that different resources impact performance in varying ways per VNF type, implying the necessity of multi-objective optimisation, individualised examination per VNF type, and adaptable online profile learning, such as with the autonomous online learning approach of iOn-Profiler.  © 2004-2012 IEEE.","English"
"Nyanteh A.O.; Li M.; Abbod M.F.; Al-Raweshidy H.","Nyanteh, Andrews O. (57193607029); Li, Maozhen (7405263968); Abbod, Maysam F. (7004273385); Al-Raweshidy, Hamed (35586300900)","57193607029; 7405263968; 7004273385; 35586300900","CloudSimHypervisor: Modeling and Simulating Network Slicing in Software-Defined Cloud Networks","2021","10.1109/ACCESS.2021.3079501","https://www.scopus.com/inward/record.uri?eid=2-s2.0-85105876972&doi=10.1109%2fACCESS.2021.3079501&partnerID=40&md5=f2d8937532f098e8a79dd548c116ac23","Department of Electronics and Computer Engineering, Brunel University London, Uxbridge, United Kingdom","Nyanteh A.O., Department of Electronics and Computer Engineering, Brunel University London, Uxbridge, United Kingdom; Li M., Department of Electronics and Computer Engineering, Brunel University London, Uxbridge, United Kingdom; Abbod M.F., Department of Electronics and Computer Engineering, Brunel University London, Uxbridge, United Kingdom; Al-Raweshidy H., Department of Electronics and Computer Engineering, Brunel University London, Uxbridge, United Kingdom","Software-Defined Networking (SDN) is an innovative technology which provides a programmable network control which is decoupled from the physical infrastructure. Network Virtualization (NV) is the phenomenon where a given physical network infrastructure and its resources are abstracted to create multiple logical virtual network slices of the underlying substrate. NV enables independent virtual networks to co-exist on one or more shared physical network infrastructure. Edge computing makes use of the edge resources in close proximity to end-users to reduce service delay and the network traffic volume in the end-to-end networks. Similarly, network slicing which is a key enabling technology for 5G networks is designed to support different services from different platforms at different scales enables sharing of physical network infrastructure on many different virtual network layers. These innovative technologies and strategies have gained significant attention from both academia and industry as they have the potential to maximize network resource utilization and optimize end-to-end network service delivery in 5G solutions deployment. To enable continuous simulation and development of applicable 5G networking concepts using these technologies, there is a need for an accessible and easy-to-learn testbed which is able to efficiently measure the performance of physical and virtual network capacities, provisioning approaches and management of multiple architectural models using large-scale network slicing configurations in a repeatable and controllable manner. These tools and toolkits provide scalable, lightweight and controlled cloud simulation environments necessary to analyse network traffic flows, allocation capacities and policies and the behaviour of multiple heterogeneous networks at an extremely low cost as compared to the huge financial commitments involved in conducting similar experiments in a real-life event. Existing solutions do not support Network Slicing and end- to -end heterogenous network automation which are key enablers of 5G network implementation. Hence in this paper, the CloudSimHypervisor framework is developed in this based on CloudSimSDN-NFV. The complete architecture and features of the CloudSimHypervisor framework and some used cases are presented in this paper. We validate the CloudSimHypervisor framework with two use case experiments in the cloud computing environment: Joint compute and network resource utilization and network traffic prioritization. Results from these experiments display the efficiency of the CloudSimHypervisor in estimating and measuring processing speed, transmission speed, compute and network usage efficiency and energy consumption.  © 2013 IEEE.","English"
"Wu W.; Liu J.; Li S.; Zhao Y.; Mao J.; Peng S.; Huang T.; Liu Y.","Wu, Weihong (57210175534); Liu, Jiang (35747993800); Li, Sijia (59290410800); Zhao, Yutong (57475328500); Mao, Jianwei (57225817585); Peng, Shuping (57219159379); Huang, Tao (56438364100); Liu, Yunjie (36614414800)","57210175534; 35747993800; 59290410800; 57475328500; 57225817585; 57219159379; 56438364100; 36614414800","AIIN: An APN-Integrated Approach Toward Reactive Telemetry Notification for IFIT","2024","10.1109/JIOT.2023.3311809","https://www.scopus.com/inward/record.uri?eid=2-s2.0-85171542020&doi=10.1109%2fJIOT.2023.3311809&partnerID=40&md5=d126798223232cafb08437f19ae169c2","Beijing University of Posts and Telecommunications, State Key Laboratory of Networking and Switching Technology, Beijing, 100876, China; Purple Mountain Laboratories, Future Network Research Center, Nanjing, 211111, China; Huawei Technologies, Data Communication Research Department, Beijing, 100080, China","Wu W., Beijing University of Posts and Telecommunications, State Key Laboratory of Networking and Switching Technology, Beijing, 100876, China, Purple Mountain Laboratories, Future Network Research Center, Nanjing, 211111, China; Liu J., Beijing University of Posts and Telecommunications, State Key Laboratory of Networking and Switching Technology, Beijing, 100876, China, Purple Mountain Laboratories, Future Network Research Center, Nanjing, 211111, China; Li S., Beijing University of Posts and Telecommunications, State Key Laboratory of Networking and Switching Technology, Beijing, 100876, China; Zhao Y., Beijing University of Posts and Telecommunications, State Key Laboratory of Networking and Switching Technology, Beijing, 100876, China; Mao J., Huawei Technologies, Data Communication Research Department, Beijing, 100080, China; Peng S., Huawei Technologies, Data Communication Research Department, Beijing, 100080, China; Huang T., Beijing University of Posts and Telecommunications, State Key Laboratory of Networking and Switching Technology, Beijing, 100876, China, Purple Mountain Laboratories, Future Network Research Center, Nanjing, 211111, China; Liu Y., Beijing University of Posts and Telecommunications, State Key Laboratory of Networking and Switching Technology, Beijing, 100876, China, Purple Mountain Laboratories, Future Network Research Center, Nanjing, 211111, China","In situ flow information telemetry (IFIT) is a state-of-the-art in-band telemetry framework for operator networks and can serve as the information foundation for network intelligence in the emerging sixth-generation regime. However, the performance advantage of IFIT comes at the cost of excessive telemetry data notification overhead, which makes it challenging to promote IFIT extensively. Therefore, we propose an approach named APN-integrated IFIT information notification (AIIN) to provide data notification overhead adaptability to IFIT. AIIN introduces a requirement-aware capability and reactive differentiated treatment into IFIT. In AIIN, we first enhance application-aware networking (APN) and integrate it into IFIT notification to support the explicit expression of data notification requirements. Then, oriented toward the different timeliness (telemetry data lag time) and accuracy (telemetry data retention rate) requirements expressed in APN, we design different behavioral treatment models to define reactive functions and procedures to make network devices explicitly process these requirements without decisions. The AIIN prototype is implemented on P4 switches. We also deploy the prototype on the China Environment for Network Innovation (CENI) network. Emulation results show that AIIN can achieve nanosecond line speed performance with differentiated and reactive data notification overhead reduction and, in the best case, can reduce bandwidth occupation by approximately 84%.  © 2014 IEEE.","English"
"Bunyakitanon M.; da Silva A.P.; Vasilakos X.; Nejabati R.; Simeonidou D.","Bunyakitanon, Monchai (57212035189); da Silva, Aloizio Pereira (15064555600); Vasilakos, Xenofon (23092076600); Nejabati, Reza (8723651100); Simeonidou, Dimitra (12784155200)","57212035189; 15064555600; 23092076600; 8723651100; 12784155200","AUTO-3P: An autonomous VNF performance prediction & placement framework based on machine learning","2020","10.1016/j.comnet.2020.107433","https://www.scopus.com/inward/record.uri?eid=2-s2.0-85088923551&doi=10.1016%2fj.comnet.2020.107433&partnerID=40&md5=eb8d862f5d75df87375b160d604cdfb3","University of Bristol (UNIVBRIS), Bristol, United Kingdom; Northeastern University, Massachusetts, United States; US Ignite Inc. PAWR Project Office, Washington, DC, United States","Bunyakitanon M., University of Bristol (UNIVBRIS), Bristol, United Kingdom; da Silva A.P., Northeastern University, Massachusetts, United States, US Ignite Inc. PAWR Project Office, Washington, DC, United States; Vasilakos X., University of Bristol (UNIVBRIS), Bristol, United Kingdom; Nejabati R., University of Bristol (UNIVBRIS), Bristol, United Kingdom; Simeonidou D., University of Bristol (UNIVBRIS), Bristol, United Kingdom","We propose Auto-3P, an Autonomous module for Virtual Network Functions Performance Prediction and Placement at network cloud and edge facilities based on Machine Learning (ML). Auto-3P augments the autonomous placement capabilities of MANagement and Orchestration frameworks (MANOs) by considering both resource availability at hosting nodes and the implied impact of a VNF node placement decisions on the whole service level end-to-end performance. Unlike that, most existing placement methods take a rather myopic approach after manual rule-based decisions, and/or based exclusively on a host-centric view that focuses merely on node-local resource availability and network metrics. We evaluate and validate Auto-3P with real-field trials in the context of a well-defined Smart City Safety use case using a real end-to-end application over a real city-based testbed. We meticulously conduct repeated tests to assess (i) the accuracy of our adopted prediction models; and (ii) their placement performance against three other existing MANO approaches, namely, a “Traditional”, a “Latency-aware” and a “Random” one, as well as against a collection of well-known Time Series Forecasting (TSF) methods. Our results show that the accuracy of our ML models outperforms the one by TSF models, with the most prominent accuracy performances being exhibited by models such as K-Nearest Neighbors Regression (K-NNR), Decision Tree (DT), and Support Vector Regression (SVR). What is more, the resulted end-to-end service level performance of our approach outperforms “Traditional”, “Latency-aware”, and Random MANO placement. Last, Auto-3P achieves load balancing at selected VNF hosts without degrading end-to-end service level delay, and without a need for a (fixed) overload threshold check, unlike what is suggested by other works in the literature for coping with heavy system-wide load conditions. © 2020 Elsevier B.V.","English"
"Leivadeas A.; Falkner M.","Leivadeas, Aris (54929931000); Falkner, Matthias (57170367000)","54929931000; 57170367000","A Survey on Intent-Based Networking","2023","10.1109/COMST.2022.3215919","https://www.scopus.com/inward/record.uri?eid=2-s2.0-85140747550&doi=10.1109%2fCOMST.2022.3215919&partnerID=40&md5=a70aee04400e481cf7d402e30fe09ca3","University of Quebec, École de Technologie Supérieure, Department of Software and Information Technology Engineering, Montreal, H3C 3P8, QC, Canada; Cisco Systems Inc., Cisco's Sp Sales Cto Group, Ottawa, K2K 3E8, ON, Canada","Leivadeas A., University of Quebec, École de Technologie Supérieure, Department of Software and Information Technology Engineering, Montreal, H3C 3P8, QC, Canada; Falkner M., Cisco Systems Inc., Cisco's Sp Sales Cto Group, Ottawa, K2K 3E8, ON, Canada","Current and future network services and applications are expected to revolutionize our society and lifestyle. At the same time, the abundant possibilities that new network technologies offer to end users, network operators and administrators have created a cumbersome network configuration process to accommodate all different stakeholders and applications. Thus, lately, there is a need to simplify the management and configuration of the network, through possibly an autonomic and automatic way. Intent Based Networking (IBN) is such a paradigm that envisions flexible, agile, and simplified network configuration with minimal external intervention. This paper provides a detailed survey of how the IBN concept works and what are the main components to guarantee a fully autonomous IBN system (IBNS). Particular emphasis is given on the intent expression, intent translation, intent resolution, intent activation and intent assurance components, which form the closed loop automation system of an IBNS. The survey concludes with identifying open challenges and future directions of the problem at hand. © 1998-2012 IEEE.","English"
"Lake D.; Wang N.; Tafazolli R.; Samuel L.","Lake, David (57196974867); Wang, Ning (8883516500); Tafazolli, Rahim (7007108795); Samuel, Louis (57210659531)","57196974867; 8883516500; 7007108795; 57210659531","Softwarization of 5G Networks-Implications to Open Platforms and Standardizations","2021","10.1109/ACCESS.2021.3071649","https://www.scopus.com/inward/record.uri?eid=2-s2.0-85104201051&doi=10.1109%2fACCESS.2021.3071649&partnerID=40&md5=0ae6fb5b8e59f3bfa42fb9df41e317e3","5G Innovation Centre, Institute for Communication Systems, University of Surrey, Guildford, GU2 7XH, United Kingdom; Emerging Technologies and Incubation Group, Cisco Systems, London, EC2M 7EB, United Kingdom","Lake D., 5G Innovation Centre, Institute for Communication Systems, University of Surrey, Guildford, GU2 7XH, United Kingdom; Wang N., 5G Innovation Centre, Institute for Communication Systems, University of Surrey, Guildford, GU2 7XH, United Kingdom; Tafazolli R., 5G Innovation Centre, Institute for Communication Systems, University of Surrey, Guildford, GU2 7XH, United Kingdom; Samuel L., Emerging Technologies and Incubation Group, Cisco Systems, London, EC2M 7EB, United Kingdom","Softwarization has been deemed as a key feature of 5G networking in the sense that the support of network functions migrates from traditional hardware-based solutions to software based ones. While the main rationale of 5G softwarization is to achieve high degree of flexibility/ programmability as well as reduction of total cost of ownership (TCO), it remains an interesting but significant issue on how to strike a desirable balance between system openness and necessary standardization in the context of 5G. The aim of this article is to systematically survey relevant enabling technologies, platforms and tools for 5G softwarization, together with ongoing standardization activities at relevant SDOs (Standards Developing Organizations). Based on these, we aim to shed light on the future evolution of 5G technologies in terms of softwarization versus standardization requirements and options.  © 2013 IEEE.","English"
"Gomez J.; Kfoury E.F.; Crichigno J.; Srivastava G.","Gomez, Jose (56808741000); Kfoury, Elie F. (57193086604); Crichigno, Jorge (57202968073); Srivastava, Gautam (57202588447)","56808741000; 57193086604; 57202968073; 57202588447","A survey on network simulators, emulators, and testbeds used for research and education","2023","10.1016/j.comnet.2023.110054","https://www.scopus.com/inward/record.uri?eid=2-s2.0-85173987726&doi=10.1016%2fj.comnet.2023.110054&partnerID=40&md5=23cc8ea73501eaf2cdbcd4b81824e5ed","College of Engineering and Computing, University of South Carolina, Columbia, United States; Department of Mathematics and Computer Science, Brandon University, Canada; Department of Computer Science and Mathematics, Lebanese American University, Beirut, Lebanon","Gomez J., College of Engineering and Computing, University of South Carolina, Columbia, United States; Kfoury E.F., College of Engineering and Computing, University of South Carolina, Columbia, United States; Crichigno J., College of Engineering and Computing, University of South Carolina, Columbia, United States; Srivastava G., Department of Mathematics and Computer Science, Brandon University, Canada, Department of Computer Science and Mathematics, Lebanese American University, Beirut, Lebanon","Network operators and researchers constantly search for platforms to evaluate future deployments and test new research ideas. When experimenting, they usually face challenges in deciding on an appropriate platform to validate the advantages and limitations of their proposed system. These challenges include finding an experimentation environment that balances traffic realism, scalability, and cost. An experimenter can evaluate systems, protocols, and security implementations using simulators, emulators, or testbeds to validate the expected behavior of the proposed idea. Simulators and emulators provide a controlled environment to conduct reproducible experiments but lack realism. Testbeds provide realism and scale depending on the available resources. However, real equipment can be costly and unavailable for many experimenters. The inability to test networking ideas in a realistic environment at a large scale presents a barrier for companies, institutions, and network vendors to implement new features, thus, slowing down innovation. In the past few decades, the networking community developed new platforms to test new ideas and deployments at scale, with realism, and at lower costs. These platforms also enable the instruction of networking concepts, cybersecurity, distributed computing, storage systems, and science applications. From the learner's side, practical hands-on experience is required to internalize concepts and improve troubleshooting skills. Learning these concepts can be challenging due to the multidisciplinary nature of networking instruction, where a learner must have a background in several computing areas (e.g., operating systems, programming languages, and computer architecture). This paper presents experimentation platforms used to conduct research in computer networks and evaluates the potential of these platforms for instructing networking courses. This paper examines the literature and presents a taxonomy of network experimentation platforms. It also discusses challenges, analyzes the limitations, and suggests future perspectives by providing an overview of the tools, a description of the underlying resources (i.e., hardware and software), and a summary of the supported experiments. The paper aims to assist experimenters and educators in deciding which platform is more suitable for their experimentation needs and discuss the challenges and future directions related to the network experimentation platforms. © 2023","English"
"Ma J.; Guo Y.; Fang C.; Zhang Q.","Ma, Jiali (57360949600); Guo, Yuanbo (8567316200); Fang, Chen (57194449451); Zhang, Qi (57194379407)","57360949600; 8567316200; 57194449451; 57194379407","Digital Twin-Based Zero-Touch Management for IoT","2022","10.3390/electronics11244104","https://www.scopus.com/inward/record.uri?eid=2-s2.0-85144857977&doi=10.3390%2felectronics11244104&partnerID=40&md5=82efdfe41ea7dea5864fdcdcf335cc0d","Department of Cryptogram Engineering, Information Engineering University, Zhengzhou, 450001, China","Ma J., Department of Cryptogram Engineering, Information Engineering University, Zhengzhou, 450001, China; Guo Y., Department of Cryptogram Engineering, Information Engineering University, Zhengzhou, 450001, China; Fang C., Department of Cryptogram Engineering, Information Engineering University, Zhengzhou, 450001, China; Zhang Q., Department of Cryptogram Engineering, Information Engineering University, Zhengzhou, 450001, China","The rapid development of the Internet of Things (IoT) requires network automation, to improve management efficiency and reduce manual operations. Zero-touch network is a promising technology for empowering network management automation by creating virtualized networks for software-based solutions. However, the traditional software-defined network (SDN) technology is not suitable for IoT devices, due to its massive, heterogeneous, and distributed characteristics. In this paper, we introduce digital twin technology (DT) into the IoT, and propose a DT modeling method through ontology and knowledge graph technologies, which maps IoT elements in the digital space and provides the advantages of centralized control, device abstraction, and flexible control of management. Then, referring to the conceptual architecture of a zero-touch network, a DT-based zero-touch management framework suitable for IoT is established. Finally, aiming at specific device management and network optimization problems in the IoT, a zero-touch management scheme with digital twin technology as the core and intention as the driver is proposed, and the effectiveness of the proposed method is demonstrated using an example. © 2022 by the authors.","English"
"Lee G.-M.; Lee C.-W.; Roh B.-H.","Lee, Gyu-Min (56430193000); Lee, Cheol-Woong (56911245700); Roh, Byeong-Hee (7003919007)","56430193000; 56911245700; 7003919007","QoS Support Path Selection for Inter-Domain Flows Using Effective Delay and Directed Acyclic Graph in Multi-Domain SDN","2022","10.3390/electronics11142245","https://www.scopus.com/inward/record.uri?eid=2-s2.0-85137302385&doi=10.3390%2felectronics11142245&partnerID=40&md5=0d6920a6dcf0e53ff77d7d70eb903d0a","Department of Computer Engineering, Ajou University, Suwon, 16499, South Korea; Department of AI Convergence Network, Ajou University, Suwon, 16499, South Korea","Lee G.-M., Department of Computer Engineering, Ajou University, Suwon, 16499, South Korea; Lee C.-W., Department of AI Convergence Network, Ajou University, Suwon, 16499, South Korea; Roh B.-H., Department of Computer Engineering, Ajou University, Suwon, 16499, South Korea, Department of AI Convergence Network, Ajou University, Suwon, 16499, South Korea","Currently, network applications, such as audio, video, and augmented reality, have different stringent service requirements. They require service provision through end-to-end connections via other networks with different operating environments or service conditions. Therefore, network operators require information on their own and other networks to provide end-to-end services traversing several networks while guaranteeing their quality of service (QoS) requirements. This study proposes an inter-domain flow decision method that satisfies QoS requirements using a directed acyclic graph (DAG) in multi-domain and hierarchical software defined networking (SDN) networks. There are multiple local networks with SDN controllers that are connected to the global SDN controller. The flow decision in the proposed method is based on the effective bandwidth theory of the martingale process. The effectiveness of the proposed method is demonstrated by comparing it with existing SDN-based path selection methods using the Riverbed Modeler (older, OPNET) and OpenDaylight SDN controllers. © 2022 by the authors.","English"
"Bayazeed A.; Khorzom K.; Aljnidi M.","Bayazeed, Adnan (57224929025); Khorzom, Khaldoun (57193360390); Aljnidi, Mohamad (15019234400)","57224929025; 57193360390; 15019234400","A survey of self-coordination in self-organizing network","2021","10.1016/j.comnet.2021.108222","https://www.scopus.com/inward/record.uri?eid=2-s2.0-85108646734&doi=10.1016%2fj.comnet.2021.108222&partnerID=40&md5=ee52df107e8bab89be524747b3af5860","Higher Institute for Applied Sciences and Technology (HIAST)","Bayazeed A., Higher Institute for Applied Sciences and Technology (HIAST); Khorzom K., Higher Institute for Applied Sciences and Technology (HIAST); Aljnidi M., Higher Institute for Applied Sciences and Technology (HIAST)","Self-organizing network (SON) is a well-known approach to reduce the complexity and the cost of cellular network management. It aims at replacing the manual configuration and optimization with the functionalities of self-configuration, self-optimization and self-healing. Due to the important role of SON, the problem of conflicts between SON functions has been seriously considered over the last decade. In order to resolve this problem, 3GPP has introduced the functionality of self-coordination which is responsible for conflict avoidance and resolution. However, the conflict-free execution of SON functions remains a challenge as it requires the coordination mechanisms to address all potential interactions between SON functionalities, anticipate their impact on the network and evaluate their execution results. Self-coordination in SON is therefore considered as an open research field since it directly affects the performance of SON functionalities and as a result affects the network stability. In this paper, we provide a survey of SON conflicts and self-coordination methodologies that can be used for conflicts avoidance and resolution, and review the recent solutions to state-of-the-art, including papers in this research area. Finally, we point out major challenges and research issues to be addressed in the future. © 2021 Elsevier B.V.","English"
"Papadopoulos K.; Papadimitriou P.; Papagianni C.","Papadopoulos, Konstantinos (16025720800); Papadimitriou, Panagiotis (13411139900); Papagianni, Chrysa (55961331700)","16025720800; 13411139900; 55961331700","PFA-INT: Lightweight In-Band Network Telemetry with Per-Flow Aggregation","2021","10.1109/NFV-SDN53031.2021.9665016","https://www.scopus.com/inward/record.uri?eid=2-s2.0-85125018294&doi=10.1109%2fNFV-SDN53031.2021.9665016&partnerID=40&md5=ffb86e26b58051935cd350e2ea0e4241","University of Macedonia, Greece; University of Amsterdam, Netherlands","Papadopoulos K., University of Macedonia, Greece; Papadimitriou P., University of Macedonia, Greece; Papagianni C., University of Amsterdam, Netherlands","In-band network telemetry (INT), empowered by programmable dataplanes such as P4, comprises a viable approach to network monitoring and telemetry analysis. However, P4's INT and other existing frameworks for INT yield a substantial transmission overhead, which grows linearly with the number of hops, as well as with the number of telemetry variables.In this respect, we present a lightweight INT framework that exercises per-flow aggregation (PFA), i.e., spreads the telemetry values across the packets of a flow. In order to enable the required switch coordination, without any centralized controller intervention, we utilize per-flow telemetry states, which are maintained within P4 switches. We further leverage on Bloom Filters in order to compress the state lookup tables within P4 switches. Our proposed INT framework, namely PFA-INT, encompasses all required functionality for the continuous tracing of telemetry values over the entire duration of flows. Our evaluation results indicate that PFA-INT yields high monitoring accuracy with a fixed transmission overhead. We also study potential implications on path tracing, when the BF collision rate is increased. Even in such conditions, the continuous tracing of monitoring values help alleviate such implications and correctly retrieve telemetry values.  © 2021 IEEE.","English"
"Yilma G.M.; Yousaf Z.F.; Sciancalepore V.; Costa-Perez X.","Yilma, Girma M. (57211814370); Yousaf, Zarrar F. (24438683700); Sciancalepore, Vincenzo (55822580000); Costa-Perez, Xavier (11939775200)","57211814370; 24438683700; 55822580000; 11939775200","Benchmarking open source NFV MANO systems: OSM and ONAP","2020","10.1016/j.comcom.2020.07.013","https://www.scopus.com/inward/record.uri?eid=2-s2.0-85088369614&doi=10.1016%2fj.comcom.2020.07.013&partnerID=40&md5=6254fb2c138b923f3a7ac7bcf8610e99","NEC Laboratories GmbH, Kurfürsten-Anlage 36, Heidelberg, 69115, Germany","Yilma G.M., NEC Laboratories GmbH, Kurfürsten-Anlage 36, Heidelberg, 69115, Germany; Yousaf Z.F., NEC Laboratories GmbH, Kurfürsten-Anlage 36, Heidelberg, 69115, Germany; Sciancalepore V., NEC Laboratories GmbH, Kurfürsten-Anlage 36, Heidelberg, 69115, Germany; Costa-Perez X., NEC Laboratories GmbH, Kurfürsten-Anlage 36, Heidelberg, 69115, Germany","With the increasing trend in softwarization and virtualization of network functions and systems, NFV management and orchestration (MANO) solutions are being developed to meet the agile and flexible management requirements of virtualized network services in the 5G era and beyond. In this regard, ETSI ISG NFV has specified a standard MANO system that is used as a reference by vendors as well as open-source MANO projects. These MANO systems are inherently very complex and have a direct impact on the overall performance of NFV systems. However, unlike traditional networking functions and systems, there are no well-defined test methods and KPIs based on which the performance of the NFV-MANO system can be tested, validated and benchmarked. Given the absence of formal MANO specific evaluation techniques based on which the performance and features of a MANO system can be quantified, and compared against, we introduce in this paper a formal benchmarking methodology and KPIs for MANO systems. For illustration purposes, we analyze and compare the performance of the two most popular open-source NFV MANO projects, namely ONAP and OSM, using a complex open-source virtual customer premises equipment (vCPE) VNF. Our results show the current features support, performance to be expected and gaps to be covered in future releases. © 2020","English"
"Okunaiya O.; Austin R.; Zhu S.Y.","Okunaiya, Olasupo (59216068900); Austin, Ron (55876960700); Zhu, Shao Ying (58575564900)","59216068900; 55876960700; 58575564900","ChatGPT-enabled Network Automation using API-based Prompts","2024","10.1109/NOMS59830.2024.10574943","https://www.scopus.com/inward/record.uri?eid=2-s2.0-85198341591&doi=10.1109%2fNOMS59830.2024.10574943&partnerID=40&md5=0af741989e4d2f2b7b1a033919c2c98d","Birmingham City University, College of Computing, Birmingham, United Kingdom","Okunaiya O., Birmingham City University, College of Computing, Birmingham, United Kingdom; Austin R., Birmingham City University, College of Computing, Birmingham, United Kingdom; Zhu S.Y., Birmingham City University, College of Computing, Birmingham, United Kingdom","In the rapidly evolving world of network provisioning and management, the traditional approach to device configuration has proven to be error-prone and time-consuming, especially in large-scale deployments. The emergence of network automation has sought to address these challenges by leveraging software to perform tasks which were traditionally executed manually by network engineers. However, utilizing these tools requires technical expertise. This study explores the potential of using Large Language Models (LLMs), specifically ChatGPT, to generate Ansible Playbooks for automating network deployment tasks. The goal is to eliminate the need for network engineers to prepare automation scripts. An application named ""Bubbln""was developed to prompt ChatGPT through APIs and execute the ChatGPT-generated playbooks on a network of four Cisco routers. A systematic evaluation of this approach reveals impressive results including 99% accuracy, 100% reliability, a 62% improvement in efficiency compared to traditional approach and a 13.52% efficiency gain over manually prepared playbook approach. These results highlight ChatGPT as a promising tool to enhance existing network automation approaches. © 2024 IEEE.","English"
"Barbosa R.; Fonseca J.; Araújo M.; Corujo D.","Barbosa, Raul (8920858800); Fonseca, João (57226437982); Araújo, Marco (57923373300); Corujo, Daniel (23008345900)","8920858800; 57226437982; 57923373300; 23008345900","VINIA: Voice-Enabled Intent-Based Networking for Industrial Automation","2024","10.2298/CSIS230213002B","https://www.scopus.com/inward/record.uri?eid=2-s2.0-85185661118&doi=10.2298%2fCSIS230213002B&partnerID=40&md5=9097cf1935afa051b2cf8e29d6bf21ff","Capgemini Engineering, Porto, Portugal; Universidade de Aveiro and Instituto de Telecomunicações, Aveiro, Portugal","Barbosa R., Capgemini Engineering, Porto, Portugal, Universidade de Aveiro and Instituto de Telecomunicações, Aveiro, Portugal; Fonseca J., Capgemini Engineering, Porto, Portugal, Universidade de Aveiro and Instituto de Telecomunicações, Aveiro, Portugal; Araújo M., Capgemini Engineering, Porto, Portugal; Corujo D., Universidade de Aveiro and Instituto de Telecomunicações, Aveiro, Portugal","Intent Based Networking (IBN) is a promising approach for automating and managing large and complex networks. Integrating Voice-enabled Virtual Assistants (VVAs) with IBN and Software Defined Networking (SDN) has improved network management efficiency and flexibility. However, there is still room for optimization improvement in installing intents in industrial scenarios. Network Orchestration Automation plays an important role within the Beyond 5G and 6G Networks, considering existing practices for orchestrating 5G Network Functions. This work presents an extended preliminary architecture for a voice-enabled IBN system called VINIA for industrial network automation. The new approach allows the configuration of more network assets (e.g., 5G networks), leveraging Network Orchestrators and Network Slice Managers, thus improving the system’s capabilities. The results provide insights into this solution’s potential benefits and limitations to enhance the automation of industrial networks’ management and orchestration procedures. © 2024, ComSIS Consortium. All rights reserved.","English"
"Barakabitze A.A.; Mkwawa I.-H.; Hines A.; Walshe R.","Barakabitze, Alcardo Alex (56826013000); Mkwawa, Is-Haka (27867988900); Hines, Andrew (35179621200); Walshe, Ray (16033597800)","56826013000; 27867988900; 35179621200; 16033597800","QoE-Aware Dynamic Resource Management in Future Softwarized and Virtualized Networks","2023","10.1109/ACCESS.2023.3309599","https://www.scopus.com/inward/record.uri?eid=2-s2.0-85169703256&doi=10.1109%2fACCESS.2023.3309599&partnerID=40&md5=6a36af6b6f5e2724a9123f811345b5df","University College Dublin, School of Computer Science, Dublin, D04 V1W8, 4, Ireland; University of Plymouth, School of Engineering, Computing and Mathematics, Plymouth, PL4 8AA, United Kingdom; Dublin City University, School of Computing, Dublin, D09 V209, 9, Ireland","Barakabitze A.A., University College Dublin, School of Computer Science, Dublin, D04 V1W8, 4, Ireland; Mkwawa I.-H., University of Plymouth, School of Engineering, Computing and Mathematics, Plymouth, PL4 8AA, United Kingdom; Hines A., University College Dublin, School of Computer Science, Dublin, D04 V1W8, 4, Ireland; Walshe R., Dublin City University, School of Computing, Dublin, D09 V209, 9, Ireland","With the advent of multimedia streaming services such as 4K/8K and extended reality, managing and optimizing multimedia service delivery to end-users remains a challenge for mobile network operators, Internet service providers, and over-the-top (OTT) providers. To solve the present concerns and challenges associated with multimedia traffic management and quality of experience (QoE) in next-generation networks, new network and service management approaches for multimedia services are required. Network softwarization and virtualization paradigms that leverage software defined networking (SDN) and network function virtualization (NFV) are considered as key technologies for network and service management in future softwarized networks. This paper adopts SDN control logic to implement a dynamic QoE-aware resource management approach in future softwarized and virtualized networks. We propose QoESoft, a QoE-aware network softwarization approach for multimedia streaming services that (a) performs a dynamic link and switch resources management, and (b) improves end-user' QoE in softwarized systems. We introduce two important components, the QoE-sdnFlow monitor and QoE-sdnFlow manager as an extension to the SDN controller to monitor and manage the overall utilization of resources of mapped virtual links and nodes. We present a practical implementation of the QoESoft approach using a dash.js reference player where the bitrate decision adaptation logic and video segment download process are modified by introducing two components: the BandwidthPredictor and the Reporting functions. The BandwidthPredictor component ensures that the video bitrate is selected based on the available resources on the client's side in a dynamic manner. The Reporting module provides the current streaming status of the dash.js player (e.g., stall duration, bitrate switching, startup delay, and video QoE). In addition, we present the initial evaluations of virtual network survivability and an economical analysis that maximizes the profit for OTTs/ISPs by providing better QoE to customers. The performance of the proposed approach is analyzed through extensive experiments using a Laboratory for Image and Video Engineering - Amazon Prime Video (LIVE-APV) Streaming Database running over the developed softwarized - DASH- based platform based on the Mininet and POX controller. Preliminary results indicate that QoESoft outperforms the baseline approach in terms of link resources utilization and switch resources utilization, low-live latency, startup delays, bitrate switching, stall duration and video QoE. © 2013 IEEE.","English"
"Dabaghi-Zarandi F.","Dabaghi-Zarandi, Fahimeh (57193380981)","57193380981","Local Traffic-aware Green Algorithm based on Sleep-scheduling in autonomous networks","2022","10.1016/j.simpat.2021.102418","https://www.scopus.com/inward/record.uri?eid=2-s2.0-85117581643&doi=10.1016%2fj.simpat.2021.102418&partnerID=40&md5=b7b230e9d5ef398d79b5dc58c001e972","Computer Engineering Department, Vali-e-Asr University of Rafsanjan, Rafsanjan, Iran","Dabaghi-Zarandi F., Computer Engineering Department, Vali-e-Asr University of Rafsanjan, Rafsanjan, Iran","Over recent years, green communication has been investigated to reduce the economic costs and environmental pollution caused by network infrastructures. There exist many approaches to conserve energy in autonomous networks while according to over-provisioning of networking resources for peak traffic periods, sleep-scheduling based approach is one of effective methods between them. In this regards, in this paper, a new Local Traffic-aware Green Algorithm based on Sleep-scheduling (LTGAS) is proposed in autonomous wired networks in order to reduce energy consumption during low traffic periods. This proposal is a dynamic solution that considers online and local traffic knowledge to switch off some underutilized network nodes and links during low traffic periods and re-switch on some sleep devices in congestion situations. In addition, LTGAS is executed in fully distributed mode without any centralized controller and uses only information provided by link-state protocols like OSPF. Moreover, this solution does not have to gather global traffic knowledge of network during a sleep-scheduling decision, resulting in low complexity and low network overhead. The results obtained by the real network scenario show that LTGAS switches off up to 38% of network nodes and up to 96% of the maximum number of switchable links during low traffic periods. In addition, LTGAS has a low effect on network performance metrics, including end-to-end delay, packet delivery ratio and average link utilization, compared with similar proposals while switches off more number of network devices rather than other approaches. © 2021 Elsevier B.V.","English"
"Kahani N.; Bagherzadeh M.; Ahmadi R.; Dingel J.","Kahani, Nafiseh (56017916900); Bagherzadeh, Mojtaba (59334985100); Ahmadi, Reza (57194281904); Dingel, Juergen (6603459509)","56017916900; 59334985100; 57194281904; 6603459509","Leveraging modeling concepts and techniques to address challenges in network management","2023","10.1109/MODELS58315.2023.00021","https://www.scopus.com/inward/record.uri?eid=2-s2.0-85182319256&doi=10.1109%2fMODELS58315.2023.00021&partnerID=40&md5=4c05438009938b9f9e37a25adbec9ab5","Carleton University, Ottawa, Canada; Cisco Systems, Ottawa, Canada; Ecole de Technologie Superieure (ETS), Montreal, Canada; Queen's University, Kingston, Canada","Kahani N., Carleton University, Ottawa, Canada; Bagherzadeh M., Cisco Systems, Ottawa, Canada; Ahmadi R., Ecole de Technologie Superieure (ETS), Montreal, Canada; Dingel J., Queen's University, Kingston, Canada","Managing a large enterprise network is a challenging task that involves configuring and monitoring a large number of networking devices from different vendors. To simplify network management, modeling techniques have been extensively applied to model network configurations and monitoring data. The most recent proposed solution in this context are OpenConfig models, which enable vendor-neutral automation. However, adopting networking models requires significant effort and cooperation from various stakeholders.The focus of this paper is to explore the challenges associated with adopting networking models, specifically OpenConfig models, from three primary viewpoints: network engineers, internet service/content providers, and networking software/hardware vendors. We also discuss possible solutions via application of software modeling techniques to aid in the successful adoption of networking models.  © 2023 IEEE.","English"
"Mwanje S.S.; Kajo M.; Majumdar S.; Carle G.","Mwanje, Stephen S. (55532732200); Kajo, Marton (57193013660); Majumdar, Sayantini (57217211230); Carle, Georg (11441022800)","55532732200; 57193013660; 57217211230; 11441022800","Environment Modeling and Abstraction of Network States for Cognitive Functions","2020","10.1109/NOMS47738.2020.9110333","https://www.scopus.com/inward/record.uri?eid=2-s2.0-85086761182&doi=10.1109%2fNOMS47738.2020.9110333&partnerID=40&md5=4c80cfb138b29ff316d9a155c027d89a","Nokia Bell Labs, Germany; Technical University of Munich, Department of Informatics, Germany; Technical University of Munich, Department of Electrical and Computer Engineering, Germany","Mwanje S.S., Nokia Bell Labs, Germany; Kajo M., Technical University of Munich, Department of Informatics, Germany; Majumdar S., Technical University of Munich, Department of Electrical and Computer Engineering, Germany; Carle G., Technical University of Munich, Department of Informatics, Germany","Cognitive Autonomous Networks (CANs) promise to overcome the shortcomings of current Self-Organizing Network (SON) implementations, i.e., the limited flexibility and adaptability to changing environments, by applying cognition. In CAN, intelligent network automation functions, herein called Cognitive Functions (CFs), apply machine learning techniques to learn context-specific behavioral policies with which to automate network operations. For proper operation, the CAN system needs to learn the environment in which the functions are operating and to abstract the environment and performance observations into states to which the CFs must respond. This paper proposes a design and implementation of an Environmental-state Modeling and Abstraction (EMA) engine that could be tasked to learn the required abstract states in a consistent way across multiple CFs. © 2020 IEEE.","English"
"De La Fuente J.F.; Recondo A.P.; Wong L.; Harvey P.","De La Fuente, Jaime Fúster (58485673900); Recondo, Álvaro Pendás (58486535300); Wong, Leon (58585919000); Harvey, Paul (57219686747)","58485673900; 58486535300; 58585919000; 57219686747","Enabling Auditable Trust in Autonomous Networks with Ethereum and IPFS","2023","10.1109/NOMS56928.2023.10154327","https://www.scopus.com/inward/record.uri?eid=2-s2.0-85164678034&doi=10.1109%2fNOMS56928.2023.10154327&partnerID=40&md5=f035b21f2bff3609d1d374ffe488c639","Rakuten Mobile, Tokyo, Japan; University of Oviedo, Gijón, Spain; University of Glasgow, Glasgow, United Kingdom","De La Fuente J.F., Rakuten Mobile, Tokyo, Japan; Recondo A.P., University of Oviedo, Gijón, Spain; Wong L., Rakuten Mobile, Tokyo, Japan; Harvey P., University of Glasgow, Glasgow, United Kingdom","Operation and management of telecommunication networks are increasingly difficult with the demands and behaviors of users exceeding the capacity of network engineers to keep pace. This has led to increased automation of the network, enabled by various forms of intelligent software. One such proposal from the ITU-T Focus Group on Autonomous Networks (standardization group) is an architecture to achieve self-driven automation (i.e. autonomy) of network operation, whereby technology from different operators and third parties is self-assembled and deployed in production networks. This raises questions and challenges regarding transparency, auditability, and trust while maintaining interoperability.This work presents an initial study of a distributed and decentralized marketplace to bring transparent and auditable trust to the proposed architecture without sacrificing interoperable functionality. We demonstrated this by our proof of concept implementation of both the proposed architecture and marketplace based on the combination of Ethereum and IPFS. © 2023 IEEE.","English"
"Liyanage M.; Pham Q.-V.; Dev K.; Bhattacharya S.; Maddikunta P.K.R.; Gadekallu T.R.; Yenduri G.","Liyanage, Madhusanka (55481055000); Pham, Quoc-Viet (56884048100); Dev, Kapal (57190336390); Bhattacharya, Sweta (55808089600); Maddikunta, Praveen Kumar Reddy (57219858463); Gadekallu, Thippa Reddy (57217062630); Yenduri, Gokul (57223040078)","55481055000; 56884048100; 57190336390; 55808089600; 57219858463; 57217062630; 57223040078","A survey on Zero touch network and Service Management (ZSM) for 5G and beyond networks","2022","10.1016/j.jnca.2022.103362","https://www.scopus.com/inward/record.uri?eid=2-s2.0-85129476978&doi=10.1016%2fj.jnca.2022.103362&partnerID=40&md5=844756b0dfaa6876f90f40e17aa0dc14","School of Computer Science, University Collage Dublin, Ireland and Centre for Wireless Communications, University of Oulu, Finland; Korean Southeast Center for the 4th Industrial Revolution Leader Education, Pusan National University, Busan, South Korea; Department of Institute of Intelligent Systems, University of Johannesburg, South Africa; School of Information Technology, Vellore Institute of Technology, Vellore, India","Liyanage M., School of Computer Science, University Collage Dublin, Ireland and Centre for Wireless Communications, University of Oulu, Finland; Pham Q.-V., Korean Southeast Center for the 4th Industrial Revolution Leader Education, Pusan National University, Busan, South Korea; Dev K., Department of Institute of Intelligent Systems, University of Johannesburg, South Africa; Bhattacharya S., School of Information Technology, Vellore Institute of Technology, Vellore, India; Maddikunta P.K.R., School of Information Technology, Vellore Institute of Technology, Vellore, India; Gadekallu T.R., School of Information Technology, Vellore Institute of Technology, Vellore, India; Yenduri G., School of Information Technology, Vellore Institute of Technology, Vellore, India","Faced with the rapid increase in smart Internet-of-Things (IoT) devices and the high demand for new business-oriented services in the fifth-generation (5G) and beyond network, the management of mobile networks is getting complex. Thus, traditional Network Management and Orchestration (MANO) approaches cannot keep up with rapidly evolving application requirements. This challenge has motivated the adoption of the Zero-touch network and Service Management (ZSM) concept to adapt the automation into network services management. By automating network and service management, ZSM offers efficiency to control network resources and enhance network performance visibility. The ultimate target of the ZSM concept is to enable an autonomous network system capable of self-configuration, self-monitoring, self-healing, and self-optimization based on service-level policies and rules without human intervention. Thus, the paper focuses on conducting a comprehensive survey of E2E ZSM architecture and solutions for 5G and beyond networks. The article begins by presenting the fundamental ZSM architecture and its essential components and interfaces. Then, a comprehensive review of the state-of-the-art for key technical areas, i.e., ZSM automation, cross-domain E2E service lifecycle management, and security aspects, are presented. Furthermore, the paper contains a summary of recent standardization efforts and research projects towards the ZSM realization in 5G and beyond networks. Finally, several lessons learned from the literature and open research problems related to ZSM realization are also discussed in this paper. © 2022 The Author(s)","English"
"Schlette D.; Caselli M.; Pernul G.","Schlette, Daniel (57215594945); Caselli, Marco (57198076213); Pernul, Gunther (6604039051)","57215594945; 57198076213; 6604039051","A Comparative Study on Cyber Threat Intelligence: The Security Incident Response Perspective","2021","10.1109/COMST.2021.3117338","https://www.scopus.com/inward/record.uri?eid=2-s2.0-85119583436&doi=10.1109%2fCOMST.2021.3117338&partnerID=40&md5=4e2cc83e2d1c9c0377eddb7f7dc44d8e","Chair of Information Systems, University of Regensburg, Regensburg, Germany; Department of Cybersecurity Technology, Siemens, AG, Munich, Germany","Schlette D., Chair of Information Systems, University of Regensburg, Regensburg, Germany; Caselli M., Department of Cybersecurity Technology, Siemens, AG, Munich, Germany; Pernul G., Chair of Information Systems, University of Regensburg, Regensburg, Germany","Cyber Threat Intelligence (CTI) is threat information intended for security purposes. However, use for incident response demands standardization. This study examines the broader security incident response perspective. Introducing 18 core concepts, we assist efforts to establish and assess current standardization approaches. We further provide the reader with a detailed analysis of 6 incident response formats. While we synthesize structural elements, we point to characteristics and show format deficiencies. Also, we describe how core concepts can be used to determine a suitable format for a given use case. Our surveys' findings indicate a consistent focus on incident response actions within all formats. Besides, playbooks are used to represent procedures. Different use cases suggest that organizations can leverage and combine multiple formats. Finally, we discuss open research challenges to fully realize incident response potentials.  © 2021 IEEE.","English"
"Askri A.; Hadj-Kacem I.; Jemaa S.B.; Mokrani K.","Askri, Aymen (57204115476); Hadj-Kacem, Imed (35203319900); Jemaa, Sana Ben (16175202400); Mokrani, Kahina (58562598700)","57204115476; 35203319900; 16175202400; 58562598700","Deep learning based context classification for cognitive network management","2023","10.1109/VTC2023-Spring57618.2023.10199317","https://www.scopus.com/inward/record.uri?eid=2-s2.0-85169839587&doi=10.1109%2fVTC2023-Spring57618.2023.10199317&partnerID=40&md5=c4129332c1f8cf1ab9ef2fcb44b4f8d5","Orange Labs, France","Askri A., Orange Labs, France; Hadj-Kacem I., Orange Labs, France; Jemaa S.B., Orange Labs, France; Mokrani K., Orange Labs, France","Self-Organizing Network (SON) is a crucial technology characterizing the behaviour of future mobile networks. Complex cellular networks' deployment, operation and maintenance are managed autonomously by multiple SON functions (SFs) with dedicated objectives. Designing appropriate configurations of SON is challenging as it requires comprehensive modelling of all their interactions. Previous works addressed this point and proposed cognitive management solutions to learn the optimal SON configurations through direct communication with the network. Some of these works have overcome SON's shortcomings, such as limited flexibility and adaptability to changing environments. This paper discusses a context-specific policy that uses machine learning (ML) to learn the network environment. This way, the cognitive management solution finds the convenient SON configuration for each network context that is identified with a higher value of automation.  © 2023 IEEE.","English"
"Azariah W.; Bimo F.A.; Lin C.-W.; Cheng R.-G.; Nikaein N.; Jana R.","Azariah, Wilfrid (57858264400); Bimo, Fransiscus Asisi (57857196300); Lin, Chih-Wei (57858264500); Cheng, Ray-Guang (8694536300); Nikaein, Navid (12139968700); Jana, Rittwik (7006870644)","57858264400; 57857196300; 57858264500; 8694536300; 12139968700; 7006870644","A Survey on Open Radio Access Networks: Challenges, Research Directions, and Open Source Approaches","2024","10.3390/s24031038","https://www.scopus.com/inward/record.uri?eid=2-s2.0-85184663144&doi=10.3390%2fs24031038&partnerID=40&md5=9c0a377b0f12a35fcfd5776013073443","Department of Electronic and Computer Engineering, National Taiwan University of Science and Technology, No. 43, Section 4, Keelung Rd, Da’an, District, Taipei City, 106335, Taiwan; Department of Communication Systems, EURECOM, Campus SophiaTech, 450 Route des Chappes, Biot, 06410, France; Google LLC, 1600 Amphitheatre Parkway, Mountain View, 94043, CA, United States","Azariah W., Department of Electronic and Computer Engineering, National Taiwan University of Science and Technology, No. 43, Section 4, Keelung Rd, Da’an, District, Taipei City, 106335, Taiwan; Bimo F.A., Department of Electronic and Computer Engineering, National Taiwan University of Science and Technology, No. 43, Section 4, Keelung Rd, Da’an, District, Taipei City, 106335, Taiwan; Lin C.-W., Department of Electronic and Computer Engineering, National Taiwan University of Science and Technology, No. 43, Section 4, Keelung Rd, Da’an, District, Taipei City, 106335, Taiwan; Cheng R.-G., Department of Electronic and Computer Engineering, National Taiwan University of Science and Technology, No. 43, Section 4, Keelung Rd, Da’an, District, Taipei City, 106335, Taiwan; Nikaein N., Department of Communication Systems, EURECOM, Campus SophiaTech, 450 Route des Chappes, Biot, 06410, France; Jana R., Google LLC, 1600 Amphitheatre Parkway, Mountain View, 94043, CA, United States","The open radio access network (RAN) aims to bring openness and intelligence to the traditional closed and proprietary RAN technology and offer flexibility, performance improvement, and cost-efficiency in the RAN’s deployment and operation. This paper provides a comprehensive survey of the Open RAN development. We briefly summarize the RAN evolution history and the state-of-the-art technologies applied to Open RAN. The Open RAN-related projects, activities, and standardization is then discussed. We then summarize the challenges and future research directions required to support the Open RAN. Finally, we discuss some solutions to tackle these issues from the open source perspective. © 2024 by the authors.","English"
"Hauser F.; Häberle M.; Merling D.; Lindner S.; Gurevich V.; Zeiger F.; Frank R.; Menth M.","Hauser, Frederik (57194178229); Häberle, Marco (57210256801); Merling, Daniel (57203006936); Lindner, Steffen (57218627190); Gurevich, Vladimir (57215812303); Zeiger, Florian (16647732200); Frank, Reinhard (57215359167); Menth, Michael (6603833672)","57194178229; 57210256801; 57203006936; 57218627190; 57215812303; 16647732200; 57215359167; 6603833672","A survey on data plane programming with P4: Fundamentals, advances, and applied research","2023","10.1016/j.jnca.2022.103561","https://www.scopus.com/inward/record.uri?eid=2-s2.0-85146266093&doi=10.1016%2fj.jnca.2022.103561&partnerID=40&md5=2cc5dbb13db905466ff5a733dd25f70d","University of Tuebingen, Department of Computer Science, Chair of Communication Networks, Tuebingen, Germany; Intel, Barefoot Division (BXD), United States; Siemens AG, Corporate Technology, Munich, Germany","Hauser F., University of Tuebingen, Department of Computer Science, Chair of Communication Networks, Tuebingen, Germany; Häberle M., University of Tuebingen, Department of Computer Science, Chair of Communication Networks, Tuebingen, Germany; Merling D., University of Tuebingen, Department of Computer Science, Chair of Communication Networks, Tuebingen, Germany; Lindner S., University of Tuebingen, Department of Computer Science, Chair of Communication Networks, Tuebingen, Germany; Gurevich V., Intel, Barefoot Division (BXD), United States; Zeiger F., Siemens AG, Corporate Technology, Munich, Germany; Frank R., Siemens AG, Corporate Technology, Munich, Germany; Menth M., University of Tuebingen, Department of Computer Science, Chair of Communication Networks, Tuebingen, Germany","Programmable data planes allow users to define their own data plane algorithms for network devices including appropriate data plane application programming interfaces (APIs) which may be leveraged by user-defined software-defined networking (SDN) control. This offers great flexibility for network customization, be it for specialized, commercial appliances, e.g., in 5G or data center networks, or for rapid prototyping in industrial and academic research. Programming protocol-independent packet processors (P4) has emerged as the currently most widespread abstraction, programming language, and concept for data plane programming. It is developed and standardized by an open community, and it is supported by various software and hardware platforms. In the first part of this paper we give a tutorial of data plane programming models, the P4 programming language, architectures, compilers, targets, and data plane APIs. We also consider research efforts to advance P4 technology. In the second part, we categorize a large body of literature of P4-based applied research into different research domains, summarize the contributions of these papers, and extract prototypes, target platforms, and source code availability. For each research domain, we analyze how the reviewed works benefit from P4’s core features. Finally, we discuss potential next steps based on our findings. © 2022","English"
"Boskov I.; Yetgin H.; Fortuna C.; Mohorcic M.","Boskov, Ivan (57221141357); Yetgin, Halil (55323124900); Fortuna, Carolina (25122210000); Mohorcic, Mihael (6603024958)","57221141357; 55323124900; 25122210000; 6603024958","Performance evaluation of COINS framework for wireless network automation","2021","10.1109/EuCNC/6GSummit51104.2021.9482454","https://www.scopus.com/inward/record.uri?eid=2-s2.0-85112635038&doi=10.1109%2fEuCNC%2f6GSummit51104.2021.9482454&partnerID=40&md5=45b5faaa3309d7747d5262edfc434ad1","Jožef Stefan Institute, Department of Communication Systems, Ljubljana, SI-1000, Slovenia; Jožef Stefan International Postgraduate School, Jamova 39, Ljubljana, SI-1000, Slovenia; Bitlis Eren University, Department of Electrical and Electronics Engineering, Bitlis, 13000, Turkey","Boskov I., Jožef Stefan Institute, Department of Communication Systems, Ljubljana, SI-1000, Slovenia, Jožef Stefan International Postgraduate School, Jamova 39, Ljubljana, SI-1000, Slovenia; Yetgin H., Jožef Stefan Institute, Department of Communication Systems, Ljubljana, SI-1000, Slovenia, Bitlis Eren University, Department of Electrical and Electronics Engineering, Bitlis, 13000, Turkey; Fortuna C., Jožef Stefan Institute, Department of Communication Systems, Ljubljana, SI-1000, Slovenia; Mohorcic M., Jožef Stefan Institute, Department of Communication Systems, Ljubljana, SI-1000, Slovenia, Jožef Stefan International Postgraduate School, Jamova 39, Ljubljana, SI-1000, Slovenia","With the evolution of mobile communications towards fifth-generation (5G) and beyond, all layers of the wireless networks are increasingly virtualized and software-controlled using automated tools. DevOps tools enabling smooth and fast testing through continuous integration (CI) and rapid deployment through continuous delivery (CD) of the software in cloud environments are permeating also communication infrastructures, eventually leading to the so-called 'zero-touch network automation'. Such automation frameworks have been actively used in wireless testing infrastructures, such as FIRE and GENI. For instance, the continuous integration in wireless (COINS) technology development framework has been used in the LOG-a-TEC testbed facility of the FIRE federation. In this paper, we propose a task-based operational structure of COINS for a thorough evaluation of the time for operation (TFO) performance of each task. Moreover, we analyse the impact of different experiments and the number of nodes participating in the experiment on the TFO performance of the COINS framework. The results; i) demonstrate that the device tasks within COINS framework are the bottleneck occupying up to 92.6% of the total TFO, and ii) reveal that the TFO performances of the receive details task on the device side and the gather results task on the server side are significantly diminished with the increased number of nodes participating in the same type of experiment. © 2021 IEEE.","English"
"Altamimi S.; Altamimi B.; Cote D.; Shirmohammadi S.","Altamimi, Sa'di (57209969808); Altamimi, Basel (57743401600); Cote, David (59039539800); Shirmohammadi, Shervin (6602324454)","57209969808; 57743401600; 59039539800; 6602324454","Toward a Superintelligent Action Recommender for Network Operation Centers Using Reinforcement Learning","2023","10.1109/ACCESS.2023.3248652","https://www.scopus.com/inward/record.uri?eid=2-s2.0-85149416425&doi=10.1109%2fACCESS.2023.3248652&partnerID=40&md5=3e0db5fb78a2884ee490bf2bce640201","University of Ottawa, School of Electrical Engineering and Computer Science, Ottawa, K1N 6N5, ON, Canada; Ciena Corporation, Blue Planet Analytics, Ottawa, K2K 0L1, ON, Canada","Altamimi S., University of Ottawa, School of Electrical Engineering and Computer Science, Ottawa, K1N 6N5, ON, Canada; Altamimi B., University of Ottawa, School of Electrical Engineering and Computer Science, Ottawa, K1N 6N5, ON, Canada; Cote D., Ciena Corporation, Blue Planet Analytics, Ottawa, K2K 0L1, ON, Canada; Shirmohammadi S., University of Ottawa, School of Electrical Engineering and Computer Science, Ottawa, K1N 6N5, ON, Canada","Today's Network Operation Centres (NOC) consist of teams of network professionals responsible for monitoring and taking actions for their network's health. Most of these NOC actions are relatively complex and executed manually; only the simplest tasks can be automated with rules-based software. But today's networks are getting larger and more complex. Therefore, deciding what action to take in the face of non-trivial problems has essentially become an art that depends on collective human intelligence of NOC technicians, specialized support teams organized by technology domains, and vendors' technical support. But this model is getting increasingly expensive and inefficient; hence, the automation of all or at least some NOC tasks is now considered a desirable step towards autonomous and self-healing networks. In this article, we investigate whether an autonomous NOC can achieve superintelligence; i.e., recommend or take actions that lead to better results than those achieved by rules designed by human experts. Our investigation is inspired by the superintelligence achieved in computer games recently. Specifically, we build an Action Recommendation Engine using Reinforcement Learning, train it with expert rules, and let it explore actions by itself. We then show that it can learn new and more efficient strategies that outperform expert rules designed by humans. This can be used in the face of network problems to either quickly recommend actions to NOC technicians or autonomously take actions for fast recovery.  © 2013 IEEE.","English"
"Papadopoulos K.; Papadimitriou P.; Papagianni C.","Papadopoulos, Konstantinos (16025720800); Papadimitriou, Panagiotis (13411139900); Papagianni, Chrysa (55961331700)","16025720800; 13411139900; 55961331700","Deterministic and Probabilistic P4-Enabled Lightweight In-Band Network Telemetry","2023","10.1109/TNSM.2023.3301839","https://www.scopus.com/inward/record.uri?eid=2-s2.0-85166764937&doi=10.1109%2fTNSM.2023.3301839&partnerID=40&md5=21e9c158e8168c22a44efcabc2ab22bb","University of Macedonia, Department of Applied Informatics, Thessaloniki, 540 06, Greece; University of Amsterdam, Department of Informatics Institute, Amsterdam, 1098 XH, Netherlands","Papadopoulos K., University of Macedonia, Department of Applied Informatics, Thessaloniki, 540 06, Greece; Papadimitriou P., University of Macedonia, Department of Applied Informatics, Thessaloniki, 540 06, Greece; Papagianni C., University of Amsterdam, Department of Informatics Institute, Amsterdam, 1098 XH, Netherlands","In-band network telemetry (INT), empowered by programmable dataplanes such as P4, comprises a viable approach to network monitoring and telemetry analysis. However, P4-INT as well as other existing frameworks for INT yield a substantial transmission overhead, which grows linearly with the number of hops and the number of telemetry values. To address this issue, we present a deterministic and a probabilistic technique for lightweight INT, termed as DLINT and PLINT, respectively. In particular, DLINT exercises per-flow aggregation by spreading the telemetry values across the packets of a flow. DLINT relies on switch coordination through the use of per-flow telemetry states, maintained within P4 switches. Furthermore, DLINT utilizes Bloom Filters (BF) in order to compress the state lookup tables within P4 switches. On the other hand, PLINT employs a probabilistic approach based on reservoir sampling. PLINT essentially empowers every INT node to insert telemetry values with equal probability within each packet. Our evaluation results corroborate that both proposed techniques alleviate the transmission overhead of P4-INT, while maintaining a high degree of monitoring accuracy. In addition, we perform a comparative evaluation between DLINT and PLINT. DLINT is more effective in conveying path traces to the telemetry server, whereas PLINT detects more promptly path updates exploiting its more efficient INT header space utilization.  © 2004-2012 IEEE.","English"
"Attaoui W.; Sabir E.; Elbiaze H.; Guizani M.","Attaoui, Wissal (57204522198); Sabir, Essaid (24339160300); Elbiaze, Halima (6506391883); Guizani, Mohsen (7004750176)","57204522198; 24339160300; 6506391883; 7004750176","VNF and CNF Placement in 5G: Recent Advances and Future Trends","2023","10.1109/TNSM.2023.3264005","https://www.scopus.com/inward/record.uri?eid=2-s2.0-85153359952&doi=10.1109%2fTNSM.2023.3264005&partnerID=40&md5=d9a1eab1befbc6078b05589a9169982e","INWI Corporate, Intelligent Network and Mobile Charging Department, Casablanca, 20190, Morocco; University of Quebec at Montreal, Department of Computer Science, Montreal, H2L 2C4, QC, Canada; Mohamed Bin Zayed University of Artificial Intelligence, Machine Learning Department, Abu Dhabi, United Arab Emirates","Attaoui W., INWI Corporate, Intelligent Network and Mobile Charging Department, Casablanca, 20190, Morocco; Sabir E., University of Quebec at Montreal, Department of Computer Science, Montreal, H2L 2C4, QC, Canada; Elbiaze H., University of Quebec at Montreal, Department of Computer Science, Montreal, H2L 2C4, QC, Canada; Guizani M., Mohamed Bin Zayed University of Artificial Intelligence, Machine Learning Department, Abu Dhabi, United Arab Emirates","With the growing demand for openness, scalability, and granularity, mobile network function virtualization (NFV) has emerged as a key enabler for the most of mobile network operators. NFV decouples network functions from hardware devices. This decoupling allows network services, called Virtualized Network Functions (VNFs), to be hosted on commodity hardware which simplifies and enhances service deployment and management for providers, improves flexibility, and leads to efficient and scalable resource usage, and lower costs. The proper placement of VNFs in the hosting infrastructures is one of the main technical challenges. This placement significantly influences the network's performance, reliability, and operating costs. The VNF placement is NP-Hard. Therefore, there is a need for placement methods that can cope with the complexity of the problem and find appropriate solutions in a reasonable duration. The primary purpose of this study is to provide a taxonomy of optimization techniques used to tackle the VNF placement problems. We classify the studied papers based on performance metrics, methods, algorithms, and environment. Virtualization is not limited to simply replacing physical machines with virtual machines or VNFs, but may also include micro-services, containers, and cloud-native systems. In this context, the second part of our article focuses on the placement of Containers Network Functions (CNFs) in edge/fog computing. Many issues have been considered as traffic congestion, resource utilization, energy consumption, performance degradation, etc. For each matter, various solutions are proposed through different surveys and research papers in which each one addresses the placement problem in a specific manner by suggesting single objective or multi-objective methods based on different types of algorithms such as heuristic, meta-heuristic, and machine learning algorithms.  © 2004-2012 IEEE.","English"
"Lü H.-R.; Li Q.; Shen G.-B.; Zhou J.-E.; Jiang Y.; Li W.-C.; Liu K.; Qi Z.-Y.","Lü, Hong-Run (58833999400); Li, Qing (56541948500); Shen, Geng-Biao (57200044055); Zhou, Jian-Er (57323994600); Jiang, Yong (55733670600); Li, Wei-Chao (57206848111); Liu, Kai (58833999500); Qi, Zhu-Yun (57194610620)","58833999400; 56541948500; 57200044055; 57323994600; 55733670600; 57206848111; 58833999500; 57194610620","Survey on In-band Network Telemetry; [带内网络遥测方法综述]","2023","10.13328/j.cnki.jos.006635","https://www.scopus.com/inward/record.uri?eid=2-s2.0-85178168830&doi=10.13328%2fj.cnki.jos.006635&partnerID=40&md5=956c7c91eb36602ce9b5743b74f324b5","Tsinghua Shenzhen International Graduate School, Tsinghua University, Shenzhen, 518055, China; Pengcheng Laboratory, Shenzhen, 518055, China; Southern University of Science and Technology, Shenzhen, 518055, China","Lü H.-R., Tsinghua Shenzhen International Graduate School, Tsinghua University, Shenzhen, 518055, China, Pengcheng Laboratory, Shenzhen, 518055, China; Li Q., Pengcheng Laboratory, Shenzhen, 518055, China; Shen G.-B., Tsinghua Shenzhen International Graduate School, Tsinghua University, Shenzhen, 518055, China; Zhou J.-E., Southern University of Science and Technology, Shenzhen, 518055, China; Jiang Y., Tsinghua Shenzhen International Graduate School, Tsinghua University, Shenzhen, 518055, China, Pengcheng Laboratory, Shenzhen, 518055, China; Li W.-C., Pengcheng Laboratory, Shenzhen, 518055, China; Liu K., Pengcheng Laboratory, Shenzhen, 518055, China; Qi Z.-Y., Pengcheng Laboratory, Shenzhen, 518055, China","Network measurement is the basis of scenes including network performance monitoring, traffic management, and fault diagnosis, and in-band network telemetry (INT) has become the focus of network measurement research due to its timeliness, accuracy, and scalability. With the emergence and development of programmable data planes, many practical INT solutions have been proposed thanks to their rich information feedback and flexible function deployment. First, this study analyzes the principles and deployment challenges of typical INT solutions INT and AM-PM. Second, according to the optimization measures and extension of INT, it studies the characteristics of the optimization mechanism from the aspects of the data collection process and multi-tasking, as well as the feasibility of technology extension in terms of wireless networks, optical networks, and hybrid networks. Third, in view of the applications of INT in typical scenes, the characteristics of these INT applications are comparatively investigated from the perspectives of in-network performance sensing, network-level telemetry systems, traffic scheduling, and fault diagnosis. Finally, a research summary of INT is made, and the future research directions are predicted. © 2023 Chinese Academy of Sciences. All rights reserved.","Chinese"
"da Costa D.B.; Zhao Q.; Chafii M.; Bader F.; Debbah M.","da Costa, Daniel Benevides (57984362600); Zhao, Qiyang (57218209045); Chafii, Marwa (56342179200); Bader, Faouzi (18036536600); Debbah, Mérouane (35588784300)","57984362600; 57218209045; 56342179200; 18036536600; 35588784300","6G: Vision, Applications, and Challenges","2024","10.1007/978-3-031-37920-8_2","https://www.scopus.com/inward/record.uri?eid=2-s2.0-85179894581&doi=10.1007%2f978-3-031-37920-8_2&partnerID=40&md5=a634d1328aad37fe8e3bdc3b2368c9eb","Technology Innovation Institute, Masdar City, Abu Dhabi, United Arab Emirates; New York University Abu Dhabi, Abu Dhabi, United Arab Emirates; NYU Wireless, NYU Tandon School of Engineering, New York, NY, United States","da Costa D.B., Technology Innovation Institute, Masdar City, Abu Dhabi, United Arab Emirates; Zhao Q., Technology Innovation Institute, Masdar City, Abu Dhabi, United Arab Emirates; Chafii M., New York University Abu Dhabi, Abu Dhabi, United Arab Emirates, NYU Wireless, NYU Tandon School of Engineering, New York, NY, United States; Bader F., Technology Innovation Institute, Masdar City, Abu Dhabi, United Arab Emirates; Debbah M., Technology Innovation Institute, Masdar City, Abu Dhabi, United Arab Emirates","Global initiative and research on 6G have grown rapidly since 2018. The rollout of 5G is driving our life, industry, and society toward a connected and smart world. 6G is envisioned not only as a successor but also as a disruptor of 5G. It will further enhance the capability, energy and spectral efficiencies, and quality of experience and will also bring a fully intelligent, secure, and sustainable world. In this chapter, we will provide our vision on what 6G will be as well as its potential applications and main challenges for its successful implementation. We will start by presenting a brief overview of 5G technologies and the inherent standardization process, along with some discussions on the capability gaps toward 2030. A preliminary discussion on 6G objectives, technologies, and roadmap will be first provided. After this introductory part, this chapter will discuss more in-depth our vision toward 6G. In particular, the enabling technologies and challenges for guaranteeing (i) all things sensed and connected, (ii) all things intelligent, (iii) all things sustainable, and (iv) all things secured will be discussed. The chapter will be concluded by summarizing the main technologies toward 6G. © 2024, The Author(s), under exclusive license to Springer Nature Switzerland AG.","English"
"Mwanje S.S.; Kajó M.; Ali-Tolppa J.","Mwanje, Stephen S. (55532732200); Kajó, Márton (57193013660); Ali-Tolppa, Janne (57188873498)","55532732200; 57193013660; 57188873498","Modeling and Abstraction of Network and Environment States Using Deep Learning","2020","10.1109/MNET.001.2000031","https://www.scopus.com/inward/record.uri?eid=2-s2.0-85097337159&doi=10.1109%2fMNET.001.2000031&partnerID=40&md5=d5359acb483fe2299f5b58904c6103cd","Nokia Bell Labs, United States; Technical University of Munich, Germany","Mwanje S.S., Nokia Bell Labs, United States; Kajó M., Nokia Bell Labs, United States, Technical University of Munich, Germany; Ali-Tolppa J., Nokia Bell Labs, United States","CANs promise to apply cognition to overcome shortcomings of self-organizing networks, such as limited flexibility and adaptability to changing environments. in CAN, machine-learning-based network automation functions, called CFS, learn context-specific policies for automating network operations. For this, CFS need a common abstract description of the network states to which they respond. This article presents a design and implementation of an EMA engine that could be tasked with learning the required abstract states in a consistent way across multiple CFS. © 1986-2012 IEEE.","English"
"Xing J.; Hsu K.-F.; Xia Y.; Cai Y.; Li Y.; Zhang Y.; Chen A.","Xing, Jiarong (57215302893); Hsu, Kuo-Feng (57215871949); Xia, Yiting (58728806500); Cai, Yan (59012422800); Li, Yanping (59011615500); Zhang, Ying (55943832800); Chen, Ang (55447347100)","57215302893; 57215871949; 58728806500; 59012422800; 59011615500; 55943832800; 55447347100","Occam: A Programming System for Reliable Network Management","2024","10.1145/3627703.3650086","https://www.scopus.com/inward/record.uri?eid=2-s2.0-85191979888&doi=10.1145%2f3627703.3650086&partnerID=40&md5=cfc0e11be7c7b1bb8b4f6d9929f76c27","Rice University, United States; Meta; Max Planck Institute for Informatics, Germany; University of Michigan, United States","Xing J., Rice University, United States; Hsu K.-F., Meta; Xia Y., Max Planck Institute for Informatics, Germany; Cai Y., Meta; Li Y., Meta; Zhang Y., Meta; Chen A., University of Michigan, United States","The complexity of large networks makes their management a daunting task. State-of-the-art network management tools use workflow systems for automation, but they do not adequately address the substantial challenges in operation reliability. This paper presents Occam, a programming system that simplifies the development of reliable network management tasks. We leverage the fact that most modern network management systems are backed with a source-of-truth database, and thus customize database techniques to the context of network management. Occam exposes an easy-to-use programming model for network operators to express the key management logic, while shielding them from reliability concerns, such as operational conflicts and task atomicity. Instead, the Occam runtime provides these reliability guardrails automatically. Our evaluation demonstrates Occam's effectiveness in simplifying management tasks, minimizing network vulnerable time and assisting with failure recovery.  © 2024 ACM.","English"
"Fortuna C.; Yetgin H.; Mohorcic M.","Fortuna, Carolina (25122210000); Yetgin, Halil (55323124900); Mohorcic, Mihael (6603024958)","25122210000; 55323124900; 6603024958","Smart Infrastructures: Artificial Intelligence-Enabled Lifecycle Automation","2023","10.1109/MIE.2022.3165673","https://www.scopus.com/inward/record.uri?eid=2-s2.0-85129370599&doi=10.1109%2fMIE.2022.3165673&partnerID=40&md5=b0d7c8bf400e95ef0194449668b4ea74","Networked Embedded Systems Laboratory, Jožef Stefan Institute, Ljubljana, 1000, Slovenia; Bitlis Eren University, Department of Electrical and Electronics Engineering, Bitlis, Merkez, 13100, Turkey; Jožef Stefan Institute, Department of Communication Systems and A Scientific Counselor, Ljubljana, 1000, Slovenia; Jožef Stefan International Postgraduate School, Ljubljana, 1000, Slovenia","Fortuna C., Networked Embedded Systems Laboratory, Jožef Stefan Institute, Ljubljana, 1000, Slovenia; Yetgin H., Bitlis Eren University, Department of Electrical and Electronics Engineering, Bitlis, Merkez, 13100, Turkey; Mohorcic M., Jožef Stefan Institute, Department of Communication Systems and A Scientific Counselor, Ljubljana, 1000, Slovenia, Jožef Stefan International Postgraduate School, Ljubljana, 1000, Slovenia","The deployment and maintenance of large smart infrastructures used for powering data-driven decision making, regardless of retrofitted or newly deployed infrastructures, still lack automation and mostly rely on extensive manual effort. In this article, we focus on the two main challenges in the lifecycle of smart infrastructures: deployment and operation, each of which is rather generic and applies to all infrastructures. We discuss the existing technologies designed to help improve and automate deployment and operation for smart infrastructures in general and use the smart grid as a guiding example to ground some examples across the article. Next, we identify and discuss opportunities where the broad field of artificial intelligence (AI) can help further improve and automate the lifecycle of smart infrastructures to eventually improve their reliability and drive down their deployment and operation costs. Finally, based on the usage of AI for web and social networks as well as our previous experience in AI for networks and cyber-physical systems, we provide decision guidelines for the adoption of AI.  © 2007-2011 IEEE.","English"
"Larsen L.M.P.; Christiansen H.L.; Ruepp S.; Berger M.S.","Larsen, Line M.P. (57203890756); Christiansen, Henrik L. (55240740100); Ruepp, Sarah (15770056200); Berger, Michael S. (55897459600)","57203890756; 55240740100; 15770056200; 55897459600","The Evolution of Mobile Network Operations: A Comprehensive Analysis of Open RAN Adoption","2024","10.1016/j.comnet.2024.110292","https://www.scopus.com/inward/record.uri?eid=2-s2.0-85186712135&doi=10.1016%2fj.comnet.2024.110292&partnerID=40&md5=0ba9f238d4ee6ddcdf2ef3df0881d019","Department of Mobile Innovation, TDC NET, Teglholmsgade, Copenhagen, 0900, Denmark; Department of Electronics and Photonics Engineering, Technical University of Denmark, Oersteds Plads, Kgs. Lyngby, 2800, Denmark","Larsen L.M.P., Department of Mobile Innovation, TDC NET, Teglholmsgade, Copenhagen, 0900, Denmark, Department of Electronics and Photonics Engineering, Technical University of Denmark, Oersteds Plads, Kgs. Lyngby, 2800, Denmark; Christiansen H.L., Department of Mobile Innovation, TDC NET, Teglholmsgade, Copenhagen, 0900, Denmark; Ruepp S., Department of Electronics and Photonics Engineering, Technical University of Denmark, Oersteds Plads, Kgs. Lyngby, 2800, Denmark; Berger M.S., Department of Electronics and Photonics Engineering, Technical University of Denmark, Oersteds Plads, Kgs. Lyngby, 2800, Denmark","As Mobile Network Operators (MNOs) seek to revolutionise their infrastructures and meet the growing demands of a data-centric world, the adoption of open RAN (Radio Access Network) technology has emerged as a compelling solution. This paper offers a comprehensive exploration of open RAN's transformative potential within the MNO landscape and investigates the concrete implementation opportunity of Open-RAN (O-RAN). Starting out by providing an exhaustive overview of the state of the art in open RAN technology, research and deployments, leads to an in-depth analysis of the decision roadmap of open RAN adoption. This roadmap considers the network design, vendor criteria and implementation strategy. This paper contributes with a comprehensive examination of components and an overview of increasingly complex design opportunities including functional split and accelerator options. Thus, it serves as an enlightening and pragmatic guide for MNOs navigating the transition to opening the interfaces in their RAN. Finally the paper proposes a pragmatic exploration of implementation strategies, providing insights to the drawbacks MNOs will face and proposed solutions. Hence, this paper highlights how the O-RAN system is built in modules, which adds additional importance to the increasingly complex design phase when multiple aspects must be evaluated to become the (r)evolution of mobile networks. © 2024 The Authors","English"
"Yu P.; Zhang J.; Fang H.; Li W.; Feng L.; Zhou F.; Xiao P.; Guo S.","Yu, Peng (36664072900); Zhang, Junye (57221634854); Fang, Honglin (57475198100); Li, Wenjing (55718709600); Feng, Lei (55844978300); Zhou, Fanqin (56027064900); Xiao, Pei (23567387400); Guo, Song (58594251100)","36664072900; 57221634854; 57475198100; 55718709600; 55844978300; 56027064900; 23567387400; 58594251100","Digital Twin Driven Service Self-Healing with Graph Neural Networks in 6G Edge Networks","2023","10.1109/JSAC.2023.3310063","https://www.scopus.com/inward/record.uri?eid=2-s2.0-85169685082&doi=10.1109%2fJSAC.2023.3310063&partnerID=40&md5=8343e908af8e231cfd03b147d91250a8","Beijing University of Posts and Telecommunications, State Key Laboratory of Networking and Switching Technology, Beijing, 100876, China; Institute for Communication Systems, Home of 5GIC and 6GIC, University of Surrey, Department of Wireless Communications, Surrey, Guildford, GU2 7XH, United Kingdom; The Hong Kong Polytechnic University, Department of Computing, Hong Kong","Yu P., Beijing University of Posts and Telecommunications, State Key Laboratory of Networking and Switching Technology, Beijing, 100876, China; Zhang J., Beijing University of Posts and Telecommunications, State Key Laboratory of Networking and Switching Technology, Beijing, 100876, China; Fang H., Beijing University of Posts and Telecommunications, State Key Laboratory of Networking and Switching Technology, Beijing, 100876, China; Li W., Beijing University of Posts and Telecommunications, State Key Laboratory of Networking and Switching Technology, Beijing, 100876, China; Feng L., Beijing University of Posts and Telecommunications, State Key Laboratory of Networking and Switching Technology, Beijing, 100876, China; Zhou F., Beijing University of Posts and Telecommunications, State Key Laboratory of Networking and Switching Technology, Beijing, 100876, China; Xiao P., Institute for Communication Systems, Home of 5GIC and 6GIC, University of Surrey, Department of Wireless Communications, Surrey, Guildford, GU2 7XH, United Kingdom; Guo S., The Hong Kong Polytechnic University, Department of Computing, Hong Kong","6G edge networks strive to offer ubiquitous intelligent services, requiring a greater emphasis on network stability and reliability. However, current networks present a low automation degree of the operation, administration and maintenance process. Consequently, active service migration away from abnormal network nodes and links, as well as automatic and transparent service recovery from sudden anomalies, become challenging tasks. These conditions underscore the urgency for an innovative service self-healing mechanism for 6G edge networks. Digital twin (DT) technology uses modeling to represent physical entities, thereby facilitating lifecycle management. However, the application of DT technology in networks is still a burgeoning field of study. In this paper, we explore the DT-driven service self-healing mechanism in 6G edge networks. Initially, we design a DT-based architecture for service self-healing. Subsequently, we construct a performance prediction mechanism leveraging graph neural networks (GNNs) to devise an efficient prediction model, which aims to accurately infer network performance and promptly detect abnormal network conditions. To maintain fine-grained service stability amidst potential network anomalies, we propose a DT-driven service redeployment mechanism enhanced by GNNs. Comprehensive experimental results reveal that our proposed mechanism can accurately predict flow-level delays and identify abnormal links and nodes. Furthermore, the DT-driven service redeployment mechanism effectively reduces service delay and enhances network load balance.  © 1983-2012 IEEE.","English"
"Limani X.; Miranda G.; E Silva C.F.M.; Shen X.; Pan C.; Jiang X.; Zhang C.; Marquez-Barja J.M.","Limani, Xhulio (58044784000); Miranda, Gilson (57191039446); E Silva, Carlos F. M. (56427835800); Shen, Xiaoman (58704460100); Pan, Chun (58588781300); Jiang, Xingfeng (58704460200); Zhang, Chi (57195991252); Marquez-Barja, Johann M. (36185955700)","58044784000; 57191039446; 56427835800; 58704460100; 58588781300; 58704460200; 57195991252; 36185955700","Guaranteeing Critical Communications by Using Fuzzy Logic Based Intelligent Control Systems in Wi-Fi Networks","2023","10.1109/ICT-DM58371.2023.10286921","https://www.scopus.com/inward/record.uri?eid=2-s2.0-85177436523&doi=10.1109%2fICT-DM58371.2023.10286921&partnerID=40&md5=ec7eaa27b14d3944d9834642b77dd8bb","University of Antwerp, IDLab, Imec, Antwerp, Belgium; Huawei Technologies Co., Ltd., China","Limani X., University of Antwerp, IDLab, Imec, Antwerp, Belgium; Miranda G., University of Antwerp, IDLab, Imec, Antwerp, Belgium; E Silva C.F.M., Huawei Technologies Co., Ltd., China; Shen X., Huawei Technologies Co., Ltd., China; Pan C., Huawei Technologies Co., Ltd., China; Jiang X., Huawei Technologies Co., Ltd., China; Zhang C., Huawei Technologies Co., Ltd., China; Marquez-Barja J.M., University of Antwerp, IDLab, Imec, Antwerp, Belgium","In the face of intensifying global challenges, including climate change, geopolitical turbulence, and both natural and anthropogenic disasters, the urgency of effective disaster management has been brought to the forefront. Risk reduction, preparedness for response, and recovery is of crucial importance in this context. Communication technologies play an essential role in disaster management, and among the technologies used, Wi-Fi networks play a significant part. When traditional communication systems are overloaded or break down during a disaster scenario, Wi-Fi networks can provide an alternative means of information dissemination and coordination for response teams, as well as communication for victims affected. In this paper, we introduce a novel slicing algorithm that, using a logic similar to human thinking, aims to dynamically optimize the resource allocation over Wi-Fi networks for critical services. By exploiting In-band Network Telemetry (INT) techniques to monitor the network, our work aims to dynamically prioritize certain critical services by applying network slicing techniques in real time even under difficult network conditions, thus improving the role of Wi-Fi networks in disaster management situations.  © 2023 IEEE.","English"
"Banerjee A.; Mwanje S.S.; Carle G.","Banerjee, Anubhab (57217445356); Mwanje, Stephen S. (55532732200); Carle, Georg (11441022800)","57217445356; 55532732200; 11441022800","On the implementation of Cognitive Autonomous Networks","2021","10.1002/itl2.317","https://www.scopus.com/inward/record.uri?eid=2-s2.0-85123421070&doi=10.1002%2fitl2.317&partnerID=40&md5=7998ccd514c28a243dc4f90e5d7bd1b1","Nokia Bell Labs, Munich, Germany; Department of Informatics, Technical University of Munich, Munich, Germany","Banerjee A., Nokia Bell Labs, Munich, Germany, Department of Informatics, Technical University of Munich, Munich, Germany; Mwanje S.S., Nokia Bell Labs, Munich, Germany; Carle G., Department of Informatics, Technical University of Munich, Munich, Germany","Cognitive Autonomous Networks (CAN) is a promising approach for advancing network management automation using machine learning based functions called Cognitive Functions (CFs). Thereby, the CFs interact with the environment to learn and decide suitable network configurations to optimize their objectives. To minimize conflicts among the actions of multiple CFs, the CFs send their proposed configurations to a Controller, which in turn computes the final value that optimizes the combined interest of all the CFs. However, simulating real-life CAN deployments is challenging since: (a) the CFs have to reactively and interactively learn on the underlying system, and (b) the Controller must compute the optimal configurations in a dynamic environment with interdependent functions. In this letter, we present a scheme for implementing CAN in a simulation environment highlighting the critical design aspects for generating expected outcomes. Our results validate the proposed implementation design as the desired realistic behavior is obtained from CAN. © 2021 John Wiley & Sons, Ltd.","English"
"Banerjee A.; Mwanje S.S.; Carle G.","Banerjee, Anubhab (57217445356); Mwanje, Stephen S. (55532732200); Carle, Georg (11441022800)","57217445356; 55532732200; 11441022800","On Detection of Manipulative Cognitive Functions in Cognitive Autonomous Networks","2021","10.23919/CNSM52442.2021.9615518","https://www.scopus.com/inward/record.uri?eid=2-s2.0-85123425030&doi=10.23919%2fCNSM52442.2021.9615518&partnerID=40&md5=db353b042177cdfe5986159cd965ba64","Nokia Bell Labs, Munich, Germany; Technical University of Munich, Dept. of Informatics, Germany","Banerjee A., Nokia Bell Labs, Munich, Germany; Mwanje S.S., Nokia Bell Labs, Munich, Germany; Carle G., Technical University of Munich, Dept. of Informatics, Germany","Introduction of artificial intelligence is expected to raise the degree of automation in mobile networks by succeeding Self Organizing Networks (SON) with Cognitive Autonomous Networks (CAN). In CAN, learning based Cognitive Functions (CFs) work on different network parameters to optimize specific Key Performance Indicators (KPIs). However, learning ability of a CF poses a serious threat to the stability of the system. A manipulative CF (like a rogue agent) may use its learning capabilities to understand the working procedure of the system and manipulate it to achieve its own objective. Existence of such a CF can cause severe performance degradation of the overall system. In this paper we propose a simple yet effective machine learning based approach to detect manipulative CF(s) in CAN. We evaluate the performance of our proposed solution in a simulation environment that closely resembles a real life 5G scenario and provide analysis of the results with necessary precautions to be taken in a multi vendor scenario.  © 2021 IFIP.","English"
"Kajo M.; Schnellbach J.; Mwanje S.S.; Carle G.","Kajo, Marton (57193013660); Schnellbach, Janik (57222901967); Mwanje, Stephen S. (55532732200); Carle, Georg (11441022800)","57193013660; 57222901967; 55532732200; 11441022800","Robust Deep Learning against Corrupted Data in Cognitive Autonomous Networks","2022","10.1109/NOMS54207.2022.9789774","https://www.scopus.com/inward/record.uri?eid=2-s2.0-85133207733&doi=10.1109%2fNOMS54207.2022.9789774&partnerID=40&md5=6a99c254348a2f4421b08aeae18b4572","Technical University of Munich, Department of Informatics, Germany; Technical University of Munich, Germany; Nokia","Kajo M., Technical University of Munich, Department of Informatics, Germany, Nokia; Schnellbach J., Technical University of Munich, Germany, Nokia; Mwanje S.S., Nokia; Carle G., Technical University of Munich, Department of Informatics, Germany","Neural-net-based deep learning algorithms are starting to be utilized in many network functions. Deep neural nets are traditionally not resistant against missing or corrupted inputs, a scenario which is likely to happen in mobile networks. If the data corruption does not stem from malicious intent, the task of reconstructing missing inputs is called imputation. In this paper, we discuss how such imputation methods could be utilized in network functions, to make the network robust against non-adversarial data corruption. We propose an integrated approach, where the imputation is undertaken by the same model which implements the machine learning task in the network function. We evaluate state-of-the-art imputation methods and our integrated imputation thoroughly, using data generated in a mobile network simulator. Our results show excellent performance with the integrated imputation, but also raises some questions with regards to how deep-learning-based network functions should be used in such scenarios. © 2022 IEEE.","English"
"Chowdhury S.R.; Boutaba R.; Francois J.","Chowdhury, Shihabur Rahman (7201666510); Boutaba, Raouf (7004345240); Francois, Jerome (19638543800)","7201666510; 7004345240; 19638543800","LINT: Accuracy-adaptive and Lightweight In-band Network Telemetry","2021","","https://www.scopus.com/inward/record.uri?eid=2-s2.0-85113640661&partnerID=40&md5=d9ca195d5587624346df12166af5faa2","University of Waterloo, David R. Cheriton School of Computer Science; Inria - Nancy Grand Est, France","Chowdhury S.R., University of Waterloo, David R. Cheriton School of Computer Science; Boutaba R., University of Waterloo, David R. Cheriton School of Computer Science; Francois J., Inria - Nancy Grand Est, France","In-band Network Telemetry (INT) has recently emerged as a means of achieving per-packet near real-time visibility into the network. INT capable network devices can directly embed device internal state such as packet processing time, queue occupancy and link utilization information in each passing packet. INT is enabling new network monitoring applications and is currently being used in production for providing fine-grained feedback to congestion control mechanisms. The microscopic network visibility facilitated by INT comes at the expense of increased data plane overhead. INT piggybacks telemetry information on user data traffic and can significantly increase packet size. A direct consequence of increasing packet size for carrying telemetry data is a substantial drop in network goodput. This paper aims at striking a balance between reducing INT data plane overhead and the accuracy of network view constructed from telemetry data. To this end, we propose LINT, an accuracy-adaptive and Lightweight INT mechanism that can be implemented on commodity programmable devices. Our evaluation of LINT using real network traces on a fat tree topology demonstrates that LINT can reduce INT data plane overhead by ≈25% while ensuring more than 0.9 recall for monitoring queries trying to identify congested flows and switches in the network. © 2021 IFIP.","English"
"Banerjee A.; Mwanje S.S.; Carle G.","Banerjee, Anubhab (57217445356); Mwanje, Stephen S. (55532732200); Carle, Georg (11441022800)","57217445356; 55532732200; 11441022800","An Intent-Driven Orchestration of Cognitive Autonomous Networks for RAN management","2021","10.23919/CNSM52442.2021.9615505","https://www.scopus.com/inward/record.uri?eid=2-s2.0-85123436191&doi=10.23919%2fCNSM52442.2021.9615505&partnerID=40&md5=67e2e42da7a169c2f1a5e4a26115a2c7","Nokia Bell Labs, Munich, Germany; Technical University of Munich, Dept. of Informatics, Germany","Banerjee A., Nokia Bell Labs, Munich, Germany; Mwanje S.S., Nokia Bell Labs, Munich, Germany; Carle G., Technical University of Munich, Dept. of Informatics, Germany","Intent Based Networks (IBNs) are mainly used to transform a user's intent into network configuration, operation, and maintenance strategies. In this paper we propose an a generic end-to-end design of an intent based network management system which we further customize to use in RAN control parameter and KPI management utilizing an existing technology (Cognitive Autonomous Network (CAN)). We introduce three new concepts in intent based network management: intent specification platform (ISP), formal intent and Intent Fulfillment System (IFS), which are not only relevant for this specific use case but can also be used by other network components. We discuss how our proposed solution can be implemented in Python as a standalone module so that it can be used with suitable networking simulators. Along with these, we also provide an overview of standardization impact of our research to show that it conforms with the worldwide mobile network management standardization efforts.  © 2021 IFIP.","English"
"Mulyana E.; Fakih G.","Mulyana, Eueung (8637673800); Fakih, Gulam (57668627400)","8637673800; 57668627400","Network Automation with a Single Source of Truth in a Heterogeneous Environment","2022","10.15676/ijeei.2022.14.1.6","https://www.scopus.com/inward/record.uri?eid=2-s2.0-85129533031&doi=10.15676%2fijeei.2022.14.1.6&partnerID=40&md5=60ed40b630f8f91a8b2b1303edc79279","School of Electrical Engineering and Informatics, Bandung Institute of Technology, Indonesia","Mulyana E., School of Electrical Engineering and Informatics, Bandung Institute of Technology, Indonesia; Fakih G., School of Electrical Engineering and Informatics, Bandung Institute of Technology, Indonesia","The unprecedented growth of data and network traffic has steadily increased the complexity of management and operations in data centers. This poses many challenges since resources have to be managed flawlessly and efficiently while satisfying many operational constraints. In this article we propose a scheme for network automation in a heterogeneous environment with a single source of truth. We demonstrate the applicability of such a scheme to provision L2/L3 Virtual Private Network services involving several devices in a typical Spine-Leaf architecture. The devices are initiated in a Zero-Touch Provisioning scenario, form an underlay network and communicate with each other through eBGP protocol. The proposed solution utilizes open source tools and technologies such as Ansible for the automation process and NetBox as the only source of truth for configuration data. Our experiment with three types of devices in a typical network scenario shows that the proposed scheme has achieved the targeted automation goal by reducing the required provisioning time by 70%-92%. The results also indicate a clear benefit compared to manually provisioned systems. © 2022, School of Electrical Engineering and Informatics. All rights reserved.","English"
"Mahdi M.N.; Ahmad A.R.; Qassim Q.S.; Natiq H.; Subhi M.A.; Mahmoud M.","Mahdi, Mohammed Najah (56727803900); Ahmad, Abdul Rahim (35589598800); Qassim, Qais Saif (36613541700); Natiq, Hayder (57200216084); Subhi, Mohammed Ahmed (57205154762); Mahmoud, Moamin (55247787300)","56727803900; 35589598800; 36613541700; 57200216084; 57205154762; 55247787300","From 5g to 6g technology: Meets energy, internet-of-things and machine learning: A survey","2021","10.3390/app11178117","https://www.scopus.com/inward/record.uri?eid=2-s2.0-85114237678&doi=10.3390%2fapp11178117&partnerID=40&md5=0ee43035cfaebafde157dff2c06d0ef7","Institute of Informatics and Computing in Energy, Universiti Tenaga Nasional, Kajang, 43000, Malaysia; College of Computing and Informatics (CCI), Universiti Tenaga Nasional, Kajang, 43000, Malaysia; College of Technology, University of Technology and Applied Sciences, Ibri, 511, Oman; Department of Computer Technology, Information Technology Collage, Imam Ja’afar Al-Sadiq University, Baghdad, 10064, Iraq; Department of Computer Engineering Techniques, Al Hikma University College, Baghdad, 10064, Iraq","Mahdi M.N., Institute of Informatics and Computing in Energy, Universiti Tenaga Nasional, Kajang, 43000, Malaysia; Ahmad A.R., College of Computing and Informatics (CCI), Universiti Tenaga Nasional, Kajang, 43000, Malaysia; Qassim Q.S., College of Technology, University of Technology and Applied Sciences, Ibri, 511, Oman; Natiq H., Department of Computer Technology, Information Technology Collage, Imam Ja’afar Al-Sadiq University, Baghdad, 10064, Iraq; Subhi M.A., Department of Computer Engineering Techniques, Al Hikma University College, Baghdad, 10064, Iraq; Mahmoud M., Institute of Informatics and Computing in Energy, Universiti Tenaga Nasional, Kajang, 43000, Malaysia","Due to the rapid development of the fifth-generation (5G) applications, and increased demand for even faster communication networks, we expected to witness the birth of a new 6G technology within the next ten years. Many references suggested that the 6G wireless network standard may arrive around 2030. Therefore, this paper presents a critical analysis of 5G wireless networks’, significant technological limitations and reviews the anticipated challenges of the 6G communication networks. In this work, we have considered the applications of three of the highly demanding domains, namely: energy, Internet-of-Things (IoT) and machine learning. To this end, we present our vision on how the 6G communication networks should look like to support the applications of these domains. This work presents a thorough review of 370 papers on the application of energy, IoT and machine learning in 5G and 6G from three major libraries: Web of Science, ACM Digital Library, and IEEE Explore. The main contribution of this work is to provide a more comprehensive perspective, challenges, requirements, and context for potential work in the 6G communication standard. © 2021 by the authors. Licensee MDPI, Basel, Switzerland.","English"
"Zhan K.; Yang H.; Li J.; Zhao G.; Wang B.; Zhang J.","Zhan, Kaixuan (57207358733); Yang, Hui (57109468100); Li, Jun (57194400444); Zhao, Guanliang (57215056590); Wang, Bohui (57211254965); Zhang, Jie (55720473000)","57207358733; 57109468100; 57194400444; 57215056590; 57211254965; 55720473000","Demonstration of Intent Defined Optical Network: Toward Artificial Intelligence-Based Optical Network Automation","2020","10.1109/IWCMC48107.2020.9148441","https://www.scopus.com/inward/record.uri?eid=2-s2.0-85089706778&doi=10.1109%2fIWCMC48107.2020.9148441&partnerID=40&md5=11d66322f3e9ffc32fbe9f85e0972f7a","State Key Laboratory of Information Photonics and Optical Communications, Beijing University of Posts and Telecommunication, Beijing, China; 504 Research Institutes, China Aerospace Science and Technology Corporation, Xi'an, China","Zhan K., State Key Laboratory of Information Photonics and Optical Communications, Beijing University of Posts and Telecommunication, Beijing, China; Yang H., State Key Laboratory of Information Photonics and Optical Communications, Beijing University of Posts and Telecommunication, Beijing, China; Li J., 504 Research Institutes, China Aerospace Science and Technology Corporation, Xi'an, China; Zhao G., State Key Laboratory of Information Photonics and Optical Communications, Beijing University of Posts and Telecommunication, Beijing, China; Wang B., State Key Laboratory of Information Photonics and Optical Communications, Beijing University of Posts and Telecommunication, Beijing, China; Zhang J., State Key Laboratory of Information Photonics and Optical Communications, Beijing University of Posts and Telecommunication, Beijing, China","We demonstrate a novel intent defined optical network (IDON) platform that introduces self-adapted generation and optimization (SAGO) policy, utilizing closed-loop policy generation and closed-loop intent guarantee to achieve zero-touch operation of optical network. © 2020 IEEE.","English"
"Banerjee A.; Mwanje S.S.; Carle G.","Banerjee, Anubhab (57217445356); Mwanje, Stephen S. (55532732200); Carle, Georg (11441022800)","57217445356; 55532732200; 11441022800","Trust and Performance in Future AI-Enabled, Open, Multi-Vendor Network Management Automation","2023","10.1109/TNSM.2022.3214296","https://www.scopus.com/inward/record.uri?eid=2-s2.0-85139864356&doi=10.1109%2fTNSM.2022.3214296&partnerID=40&md5=d6064557650915e8a6ce05bca899d786","Nokia Standards, Department of Architecture, Security and Automation, Munich, 81541, Germany; Technical University of Munich, Department of Informatics, Munich, 80333, Germany","Banerjee A., Nokia Standards, Department of Architecture, Security and Automation, Munich, 81541, Germany, Technical University of Munich, Department of Informatics, Munich, 80333, Germany; Mwanje S.S., Nokia Standards, Department of Architecture, Security and Automation, Munich, 81541, Germany; Carle G., Technical University of Munich, Department of Informatics, Munich, 80333, Germany","Cognitive Autonomous Networks (CAN) promise to advance Self Organizing Networks (SON) by applying artificial intelligence to significantly raise the degree of automation in mobile networks. In CAN, Cognitive Functions (CFs) learn the optimal configuration parameter values to optimize specific network metrics, with the execution coordinated via a controller. In open, multi-vendor systems however, the CF's learning ability may raise a new risk: a manipulative CF (MCF) may learn not only its objective, but also to manipulate the coordination system in pursuit of that objective. In this paper we propose and evaluate our proposed functionality, called CoDeRa, that neutralizes manipulative CF behavior. However, although CoDeRa is effective against MCFs, it is inadequate to resolving error propagation in CF coordination, caused by corrupted network data, for which we have proposed an alternate simpler and cost efficient network management architecture. Our evaluation shows that the proposed design is robust against the observed concerns, and in context of ongoing worldwide standardization efforts, we summarize the relevance and implications of our proposed architecture.  © 2004-2012 IEEE.","English"
"Banerjee A.; Mwanje S.S.; Carle G.","Banerjee, Anubhab (57217445356); Mwanje, Stephen S. (55532732200); Carle, Georg (11441022800)","57217445356; 55532732200; 11441022800","Contradiction Management in Intent-driven Cognitive Autonomous RAN","2022","10.23919/IFIPNetworking55013.2022.9829768","https://www.scopus.com/inward/record.uri?eid=2-s2.0-85136299343&doi=10.23919%2fIFIPNetworking55013.2022.9829768&partnerID=40&md5=c2f188d2497965c028023ea5ad5f10c2","Nokia Bell Labs, Munich, Germany; Technical University of Munich, Dept. of Informatics, Germany","Banerjee A., Nokia Bell Labs, Munich, Germany, Technical University of Munich, Dept. of Informatics, Germany; Mwanje S.S., Nokia Bell Labs, Munich, Germany; Carle G., Technical University of Munich, Dept. of Informatics, Germany","Intent Based Networks (IBN) is a prominent feature in the design of the AI-enabled B5G networks. Intents are primarily used to transform the intention of a human operator into network configuration, operation, and maintenance strategies. Although IBN provides future network automation technologies, it also raises the risk of contradiction(s) in an intent which arises during the runtime and cannot be predicted or resolved beforehand. In this paper we propose a new design which helps to detect and remove contradiction(s) in the optimal way during the runtime and evaluate it. We evaluate our proposed solution in a simulation environment and also provide a brief overview of standardization impact of our work to show that it conforms with the worldwide mobile network standardization efforts.  © 2022 IFIP.","English"
"Zanbouri K.; Noor-A-Rahim M.; John J.; Sreenan C.J.; Poor H.V.; Pesch D.","Zanbouri, Kouros (57212168473); Noor-A-Rahim, Md. (56102801300); John, Jobish (57224642806); Sreenan, Cormac J. (7004298391); Poor, H. Vincent (59132297200); Pesch, Dirk (6603467436)","57212168473; 56102801300; 57224642806; 7004298391; 59132297200; 6603467436","A Comprehensive Survey of Wireless Time-Sensitive Networking (TSN): Architecture, Technologies, Applications, and Open Issues","2024","10.1109/COMST.2024.3486618","https://www.scopus.com/inward/record.uri?eid=2-s2.0-85207877669&doi=10.1109%2fCOMST.2024.3486618&partnerID=40&md5=a1f387ecf05c56b3488dd580eb2ad568","University College Cork, School of Computer Science and IT, Ireland; Eindhoven University of Technology, Netherlands; Princeton University, Department of Electrical and Computer Engineering, United States","Zanbouri K., University College Cork, School of Computer Science and IT, Ireland; Noor-A-Rahim M., University College Cork, School of Computer Science and IT, Ireland; John J., Eindhoven University of Technology, Netherlands; Sreenan C.J., University College Cork, School of Computer Science and IT, Ireland; Poor H.V., Princeton University, Department of Electrical and Computer Engineering, United States; Pesch D., University College Cork, School of Computer Science and IT, Ireland","Time-sensitive networking (TSN) is expected to be a key component of critical machine-type communication networks in areas such as Industry 4.0, robotics and autonomous vehicles. With rising mobility requirements in industrial applications and the prevalence of wireless networks, wireless network integration into TSN is becoming increasingly important. This survey article presents a comprehensive review of the current literature on wireless TSN, including an overview of the architecture of a wireless TSN network and an examination of the various wireless technologies and protocols that can be or are used in such networks. In addition, the article discusses industrial applications of wireless TSN, among them industrial automation, robotics, and autonomous vehicles. The article concludes by summarizing the challenges and open issues related to the integration of TSN into wireless networks, and by offering suggestions for future research directions.  © 1998-2012 IEEE.","English"
"Ding S.; Li J.; Wu Y.; Wang D.; Zhang M.","Ding, Shengyi (59223623400); Li, Jin (58664050900); Wu, Yonghan (58109877900); Wang, Danshi (55819507100); Zhang, Min (57221262062)","59223623400; 58664050900; 58109877900; 55819507100; 57221262062","Transnet: A High-accuracy Network Delay Prediction Model via Transformer and GNN in 6G","2024","10.1109/WCNC57260.2024.10571101","https://www.scopus.com/inward/record.uri?eid=2-s2.0-85198852210&doi=10.1109%2fWCNC57260.2024.10571101&partnerID=40&md5=b7603f22cfe42ce22f1368e0811a26cb","Beijing University Of Posts And Telecommunications (BUPT), State Key Laboratory Of Information Photonics And Optical Communications, Beijing, China","Ding S., Beijing University Of Posts And Telecommunications (BUPT), State Key Laboratory Of Information Photonics And Optical Communications, Beijing, China; Li J., Beijing University Of Posts And Telecommunications (BUPT), State Key Laboratory Of Information Photonics And Optical Communications, Beijing, China; Wu Y., Beijing University Of Posts And Telecommunications (BUPT), State Key Laboratory Of Information Photonics And Optical Communications, Beijing, China; Wang D., Beijing University Of Posts And Telecommunications (BUPT), State Key Laboratory Of Information Photonics And Optical Communications, Beijing, China; Zhang M., Beijing University Of Posts And Telecommunications (BUPT), State Key Laboratory Of Information Photonics And Optical Communications, Beijing, China","In future 6G, bounded delay, ultra-high-reliability, and dedicated services will require high-performance network modeling techniques for the accuracy pre-validation such as network delay prediction. Recently, graph neural networks (GNNs) have been shown great potential for network delay prediction. GNNs are able to effectively capture complex topologies and node features in graph data by recursively aggregating the neighborhood information of nodes. To improve the ability to learn representations of graph data, GNNs are suitable for a variety of complex network modeling tasks with high flexibility and powerful scalability. However, the current GNN-based Routenet model can not capture the effect of the path on neighboring links, which is ineffective in complex topologies. To model the effects of the network path on neighboring links, this paper proposes a transformer-based GNN model named Transnet. In this model, the Transformer is first introduced to update the path and link states and describe the effects of the path on neighboring links based on the attention mechanism in the Transformer. Simulation results show that the delay prediction accuracy of the proposed Transnet obviously exceeds those of Routenet on multi-node topology in the Nsfnet and Synth50 datasets.  © 2024 IEEE.","English"
"Almeida G.M.; Bruno G.Z.; Huff A.; Hiltunen M.; Duarte E.P., Jr.; Both C.B.; Cardoso K.V.","Almeida, Gabriel Matheus (57350135100); Bruno, Gustavo Zanatta (57350256200); Huff, Alexandre (57207980315); Hiltunen, Matti (7004918593); Duarte, Elias Procopio (7005169293); Both, Cristiano Bonato (24823769500); Cardoso, Kleber Vieira (6603155158)","57350135100; 57350256200; 57207980315; 7004918593; 7005169293; 24823769500; 6603155158","RIC-O: Efficient Placement of a Disaggregated and Distributed RAN Intelligent Controller With Dynamic Clustering of Radio Nodes","2024","10.1109/JSAC.2023.3336159","https://www.scopus.com/inward/record.uri?eid=2-s2.0-85179038846&doi=10.1109%2fJSAC.2023.3336159&partnerID=40&md5=697dda8ca012750cadd066e4c9580592","Institute of Informatics (INF), Universidade Federal de Goiás (UFG), Goiás, 74690-900, Brazil; University of Vale Do Rio Dos Sinos (UNISINOS), Applied Computing Graduate Program (PPGCA), São Leopoldo, 93022-750, Brazil; Federal Technological University of Paraná (UTFPR), Toledo, 85902-490, Brazil; At&t Shannon Labs, Bedminster, 07921, NJ, United States; Federal University of Parana (UFPR), Department of Informatics (DInf), Curitiba, 85902-490, Brazil","Almeida G.M., Institute of Informatics (INF), Universidade Federal de Goiás (UFG), Goiás, 74690-900, Brazil; Bruno G.Z., University of Vale Do Rio Dos Sinos (UNISINOS), Applied Computing Graduate Program (PPGCA), São Leopoldo, 93022-750, Brazil; Huff A., Federal Technological University of Paraná (UTFPR), Toledo, 85902-490, Brazil; Hiltunen M., At&t Shannon Labs, Bedminster, 07921, NJ, United States; Duarte E.P., Jr., Federal University of Parana (UFPR), Department of Informatics (DInf), Curitiba, 85902-490, Brazil; Both C.B., University of Vale Do Rio Dos Sinos (UNISINOS), Applied Computing Graduate Program (PPGCA), São Leopoldo, 93022-750, Brazil; Cardoso K.V., Institute of Informatics (INF), Universidade Federal de Goiás (UFG), Goiás, 74690-900, Brazil","The Radio Access Network (RAN) is the segment of cellular networks that provides wireless connectivity to end-users. The O-RAN Alliance has been transforming the RAN industry by proposing open RAN specifications and the programmable Non-Real-Time and Near-Real-Time RAN Intelligent Controllers (Non-RT RIC and Near-RT RIC). Both RICs provide platforms for running applications called rApps and xApps, respectively, to optimize the RAN behavior. We investigate the disaggregation of the Near-RT RIC into components that meet stringent latency requirements while presenting a cost-effective solution. For example, the O-RAN Signalling Storm Protection requires the Near-RT RIC to support end-to-end control loop latencies as low as 10 ms. We propose the novel RIC Orchestrator (RIC-O) that optimizes the deployment of the Near-RT RIC components across the cloud-edge continuum. Edge computing nodes often present limited resources and are expensive compared to cloud computing. Performance-critical components of Near-RT RIC and certain xApps should run at the edge while other components can run on the cloud. Furthermore, RIC-O employs an efficient strategy to react to sudden changes and re-deploy components dynamically. The proposal is evaluated both analytically and through real-world experiments in an extended Kubernetes deployment implementing RIC-O and the disaggregated Near-RT RIC.  © 1983-2012 IEEE.","English"
"Abreu D.P.; Velasquez K.; Curado M.; Monteiro E.","Abreu, David Perez (59291798200); Velasquez, Karima (36807256600); Curado, Marilia (22333434000); Monteiro, Edmundo (7102113849)","59291798200; 36807256600; 22333434000; 7102113849","Unlocking Efficiency in B5G Networks: The Need for Adaptive Service Function Chains","2024","10.1109/ICCCN61486.2024.10637552","https://www.scopus.com/inward/record.uri?eid=2-s2.0-85203258733&doi=10.1109%2fICCCN61486.2024.10637552&partnerID=40&md5=133fb905237dd64903967edc89b09ed7","Instituto Pedro Nunes, Laboratory for Informatics and Systems, Coimbra, Portugal; University of Coimbra, CISUC, Department of Informatics Engineering, Coimbra, Portugal","Abreu D.P., Instituto Pedro Nunes, Laboratory for Informatics and Systems, Coimbra, Portugal, University of Coimbra, CISUC, Department of Informatics Engineering, Coimbra, Portugal; Velasquez K., University of Coimbra, CISUC, Department of Informatics Engineering, Coimbra, Portugal; Curado M., University of Coimbra, CISUC, Department of Informatics Engineering, Coimbra, Portugal; Monteiro E., University of Coimbra, CISUC, Department of Informatics Engineering, Coimbra, Portugal","Service Function Chains allow the dynamic generation of basic virtual network services in order to build more complex services. They constitute the basis of the flexibility support for 5G and Beyond 5G networks. In order to totally exploit their benefits, the Service Function Chains should adapt to specific user requirements and current network status. The existing mechanisms to compose and embed Service Function Chains mostly disregard energy metrics to guide their decisions, thus resulting in a lack of energy optimisation by network operators. This paper presents a revision of existing Service Function Chain composition and embedding approaches and a discussion of current and future research directions, focused on energy optimisation for adaptive Service Function Chains. Furthermore, an architecture to empower the green orchestration of adaptive Service Function Chains is also drafted.  © 2024 IEEE.","English"
"Papadopoulos K.; Papadimitriou P.","Papadopoulos, Konstantinos (16025720800); Papadimitriou, Panagiotis (13411139900)","16025720800; 13411139900","CLINT: Controller-Assisted Lightweight In-Band Network Telemetry","2024","10.1109/ACCESS.2024.3385674","https://www.scopus.com/inward/record.uri?eid=2-s2.0-85189818032&doi=10.1109%2fACCESS.2024.3385674&partnerID=40&md5=1e49424e46422c579abd5ced81d23931","University of Macedonia, Department of Applied Informatics, Thessaloniki, 546 36, Greece","Papadopoulos K., University of Macedonia, Department of Applied Informatics, Thessaloniki, 546 36, Greece; Papadimitriou P., University of Macedonia, Department of Applied Informatics, Thessaloniki, 546 36, Greece","The increasing need for high-precision monitoring and network-wide observability has spurred significant interest in In-Band Network Telemetry (INT), which empowers the collection of monitoring data directly from the dataplane, thus, alleviating the various shortcomings of passive monitoring techniques. INT, in some of its initial forms (e.g., P4-INT), tends to accumulate per-hop telemetry values within each packet, introducing substantial transmission overhead. Recent efforts to alleviate this shortcoming spread per-hop telemetry values among multiple packets, but eventually cause other implications, such as INT data redundancy or collisions during state lookup, stemming from the probabilistic data structures that they employ. Along these lines, we stress on the need for a lightweight INT approach with deterministic behavior. To this end, we present a new INT approach (Controller-Assisted Lightweight In-Band Network Telemetry - CLINT) that relies on a telemetry controller for the coordination of INT nodes, through the update of telemetry states, which indicate at each instance the telemetry action that should be applied to each incoming packet. We discuss in detail the operation of CLINT, as well as its prototype implementation using P4 BMv2 and the P4Runtime API. Our evaluation results indicate that CLINT outperforms two state-of-the-art lightweight INT techniques (i.e., PINT and DLINT) in terms of monitoring efficiency and network update detection, while maintaining an insignificant control communication overhead.  © 2013 IEEE.","English"
"Dzeparoska K.; Beigi-Mohammadi N.; Tizghadam A.; Leon-Garcia A.","Dzeparoska, Kristina (57201978207); Beigi-Mohammadi, Nasim (56037065600); Tizghadam, Ali (9041233300); Leon-Garcia, Alberto (7005019883)","57201978207; 56037065600; 9041233300; 7005019883","Towards a Self-Driving Management System for the Automated Realization of Intents","2021","10.1109/ACCESS.2021.3129990","https://www.scopus.com/inward/record.uri?eid=2-s2.0-85120082935&doi=10.1109%2fACCESS.2021.3129990&partnerID=40&md5=96cf9ecdad344bd09620c806f4bcabfa","Department of Electrical and Computer Engineering, University of Toronto, Toronto, ON, Canada; Department of Technology Strategy and Business Transformation, TELUS Communications Inc, Toronto, ON, Canada","Dzeparoska K., Department of Electrical and Computer Engineering, University of Toronto, Toronto, ON, Canada; Beigi-Mohammadi N., Department of Electrical and Computer Engineering, University of Toronto, Toronto, ON, Canada; Tizghadam A., Department of Technology Strategy and Business Transformation, TELUS Communications Inc, Toronto, ON, Canada; Leon-Garcia A., Department of Electrical and Computer Engineering, University of Toronto, Toronto, ON, Canada","Network management faces the interrelated challenges of increasing network complexity, meeting sophisticated business requirements, and being subject to human oversight. Self-driving networks possess the key properties to overcome such challenges. We present and implement a management system that addresses several elements of a self-driving network. Our system leverages intents, a policy-based paradigm and autonomic control loops. Intent-based networking allows us to formalize how an intent can be provided as input to a control loop, and how the complexities can be abstracted from the user. To realize and assure the intent, autonomic networking enables us to create Monitor-Analyze-Plan-Execute (MAPE) loops. Finally, we execute the control loops using a policy-based approach. We propose a policy abstraction to support requirements at different levels of abstraction, and an Application Programming Interface (API) layer to reduce management complexity from the user perspective. We propose a formal policy information model to model policies across layers of abstractions and to support simplified mapping and strong consistencies among various policy abstraction levels. We have implemented our proposal and present a proof-of-concept use-case to showcase the intent refinement. © 2013 IEEE.","English"
"Cinemre I.; Mehmood K.; Kralevska K.; Mahmoodi T.","Cinemre, Idris (57224202682); Mehmood, Kashif (57224546008); Kralevska, Katina (55321893400); Mahmoodi, Toktam (24473403200)","57224202682; 57224546008; 55321893400; 24473403200","Direct-Conflict Resolution in Intent-Driven Autonomous Networks","2023","","https://www.scopus.com/inward/record.uri?eid=2-s2.0-85187911121&partnerID=40&md5=de463612aa6b7f7d188c5f45bf7d6ab5","Dept. of Engineering, King's College London, London, United Kingdom; Dept. of Information Security and Communication Technology, Norwegian University of Science and Technology (NTNU), Trondheim, Norway","Cinemre I., Dept. of Engineering, King's College London, London, United Kingdom; Mehmood K., Dept. of Information Security and Communication Technology, Norwegian University of Science and Technology (NTNU), Trondheim, Norway; Kralevska K., Dept. of Information Security and Communication Technology, Norwegian University of Science and Technology (NTNU), Trondheim, Norway; Mahmoodi T., Dept. of Engineering, King's College London, London, United Kingdom","As network systems evolve, there is an escalating demand for automated tools to facilitate efficient management and configuration. This paper explores conflict resolution in Intent-Based Network (IBN) management, an innovative approach that holds promise for effective network administration, especially within radio access domain. Nevertheless, when multiple intents are in operation concurrently, conflicts may emerge, presenting a significant issue that remains under-addressed in the current literature. In response to this challenge, our research expands the range of conflict resolution strategies beyond the established Nash Bargaining Solution (NBS), to incorporate the Weighted Nash Bargaining Solution (WNBS), the Kalai-Smorodinsky Bargaining Solution (KSBS), and the Shannon Entropy Bargaining Solution (SEBS). These methods are employed with the objective to identify optimal parameter values, aiming to ensure fairness in conflict resolution. Through simulations, it is demonstrated that distinct antenna tilt values are yielded as the respective solutions for each method. Ultimately, based on Jain's Fairness Index, the KSBS is identified as the most equitable method under the given conditions. © VDE VERLAG GMBH - Berlin - Offenbach.","English"
"Kajo M.; Schultz B.; Carle G.","Kajo, Marton (57193013660); Schultz, Benedek (55256630000); Carle, Georg (11441022800)","57193013660; 55256630000; 11441022800","Deep Clustering of Mobile Network Data with Sparse Autoencoders","2020","10.1109/NOMS47738.2020.9110262","https://www.scopus.com/inward/record.uri?eid=2-s2.0-85086760724&doi=10.1109%2fNOMS47738.2020.9110262&partnerID=40&md5=06d82e757c13e12cbdec2fa63eed05f2","Technical University of Munich, Department of Informatics, Germany; Nokia Bell Labs, United States","Kajo M., Technical University of Munich, Department of Informatics, Germany; Schultz B., Nokia Bell Labs, United States; Carle G., Technical University of Munich, Department of Informatics, Germany","Unsupervised machine learning methods, such as clustering algorithms could be powerful tools for automation. By simplifying data through structuring, these algorithms can help network management use-cases where autonomous agency or elevated levels of cognition is required. Recent developments in deep learning allow clustering algorithms to gain unprecedented insight into the data, creating meaningful clusters as a result. In this paper, we propose a Sparse Clustering Autoencoder, capable of autonomously encoding cell behavior into a graph-like representation we call Network State Transition Graphs. We compare our proposed algorithm against other deep learning-based clustering algorithms, and demonstrate its utility on data from a real, large-scale mobile network deployment. © 2020 IEEE.","English"
"Xu Y.; Ni H.; Zhu X.","Xu, Yong (57253393000); Ni, Hong (16319494500); Zhu, Xiaoyong (57199707287)","57253393000; 16319494500; 57199707287","A Novel Multipath Transmission Scheme for Information-Centric Networking","2023","10.3390/fi15020080","https://www.scopus.com/inward/record.uri?eid=2-s2.0-85148877559&doi=10.3390%2ffi15020080&partnerID=40&md5=e6d7d8470f092fa7e3d6cc152a37caac","National Network New Media Engineering Research Center, Institute of Acoustics, Chinese Academy of Sciences, No. 21, North Fourth Ring Road, Haidian District, Beijing, 100190, China; School of Electronic, Electrical and Communication Engineering, University of Chinese Academy of Sciences, No. 19(A), Yuquan Road, Shijingshan District, Beijing, 100049, China","Xu Y., National Network New Media Engineering Research Center, Institute of Acoustics, Chinese Academy of Sciences, No. 21, North Fourth Ring Road, Haidian District, Beijing, 100190, China, School of Electronic, Electrical and Communication Engineering, University of Chinese Academy of Sciences, No. 19(A), Yuquan Road, Shijingshan District, Beijing, 100049, China; Ni H., National Network New Media Engineering Research Center, Institute of Acoustics, Chinese Academy of Sciences, No. 21, North Fourth Ring Road, Haidian District, Beijing, 100190, China, School of Electronic, Electrical and Communication Engineering, University of Chinese Academy of Sciences, No. 19(A), Yuquan Road, Shijingshan District, Beijing, 100049, China; Zhu X., National Network New Media Engineering Research Center, Institute of Acoustics, Chinese Academy of Sciences, No. 21, North Fourth Ring Road, Haidian District, Beijing, 100190, China, School of Electronic, Electrical and Communication Engineering, University of Chinese Academy of Sciences, No. 19(A), Yuquan Road, Shijingshan District, Beijing, 100049, China","Due to the overload of IP semantics, the traditional TCP/IP network has a number of problems in scalability, mobility, and security. In this context, information-centric networking (ICN) is proposed to solve these problems. To reduce the cost of deployment and smoothly evolve, the ICN architecture needs to be compatible with existing IP infrastructure. However, the rigid underlying IP routing regulation limits the data transmission efficiency of ICN. In this paper, we propose a novel multipath transmission scheme by utilizing the characteristics and functions of ICN to enhance data transmission. The process of multipath transmission can be regarded as a service, and a multipath transmission service ID (MPSID) is assigned. By using the ICN routers bound to the MPSID as relay nodes, multiple parallel paths between the data source and the receiver are constructed. Moreover, we design a path management mechanism, including path selection and path switching. It can determine the initial path based on historical transmission information and switch to other optimal paths according to the congestion degree during transmission. The experimental results show that our proposed method can improve the average throughput and reduce the average flow completion time and the average chunk completion time. © 2023 by the authors.","English"
"Kong Y.; Petrov D.; Raisanen V.; Ilin A.","Kong, Yangzhe (57233968500); Petrov, Dmitry (57216619921); Raisanen, Vilho (6603767293); Ilin, Alexander (6701756058)","57233968500; 57216619921; 6603767293; 6701756058","Path-Link Graph Neural Network for IP Network Performance Prediction","2021","","https://www.scopus.com/inward/record.uri?eid=2-s2.0-85113602999&partnerID=40&md5=1bce099c232b6a4779e3abf90a81ec57","Aalto University, Espoo, Finland; Nokia Bell Labs, Espoo, Finland","Kong Y., Aalto University, Espoo, Finland, Nokia Bell Labs, Espoo, Finland; Petrov D., Nokia Bell Labs, Espoo, Finland; Raisanen V., Nokia Bell Labs, Espoo, Finland; Ilin A., Aalto University, Espoo, Finland","Dynamic resource provisioning and quality assurance for the plethora of end-to-end slices running over 5G and B5G networks require advanced modeling capabilities. Graph Neural Networks (GNN) have already proven their efficiency for network performance prediction. GNN architecture matches well the structures usually met in communications networks. In this paper, the focus is on the IP transport network as one of the end-to-end 5G architecture domains. The recently published RouteNet GNN is taken as a reference and starting point for our study. RouteNet performance is verified by a new implementation in the PyTorch ML library. Next, an alternative Path-Link neural network (PLNet) architecture is proposed and evaluated. After hyper-parameter tuning for both models, the results show that PLNet and RouteNet achieve a similar accuracy level. The advantage of PLNet is in parallel architecture. It is demonstrated that its inference speed is not sensitive to the length of the network's paths. © 2021 IFIP.","English"
"Daher T.; Jemaa S.B.","Daher, Tony (57195636579); Jemaa, Sana Ben (16175202400)","57195636579; 16175202400","Contextual Bandit for Cognitive Management of Self-Organizing Networks","2021","","https://www.scopus.com/inward/record.uri?eid=2-s2.0-85113684457&partnerID=40&md5=c3857d722b4fdaf69d1fb0203e5cbd86","Orange Labs, Chatillon, France","Daher T., Orange Labs, Chatillon, France; Jemaa S.B., Orange Labs, Chatillon, France","Self-Organizing Networks (SON) concept is a technology that aims to improve the management and operation of mobile networks, through automatic configuration of network parameters. Even though SON functions are able to change network parameters automatically, the algorithms that run inside these functions still rely on parameters and rules that are manually defined by the operator, depending on its objectives. Thus, in order to realize a network that is self-organized as a whole, there is a clear need for a higher-level management entity that automatically translates operator objectives into SON configurations. In previous works, we have already studied and proposed an intelligent integrated management solution empowered with Reinforcement Learning (RL), namely the Cognitive Policy Based SON Management (C-PBSM).The C-PBSM is able to learn optimal SON configurations through direct interaction with the network. In this paper, we address crucial aspects of the mentioned approach, namely adaptability with different and varying network environments, transferability of the knowledge and the speed of convergence. We argue that the C-PBSM has major limitations with respect to these aspects. We consequently propose a context aware C-PBSM show that it is able to overcome the limitations of the C-PBSM. © 2021 IFIP.","English"
"Mendoza C.; McGarry M.P.","Mendoza, Christopher (57206898269); McGarry, Michael P. (7006361164)","57206898269; 7006361164","Determining Most Likely Links (MLL) for Network Fault Localization","2023","10.1109/OJCOMS.2023.3244684","https://www.scopus.com/inward/record.uri?eid=2-s2.0-85149402154&doi=10.1109%2fOJCOMS.2023.3244684&partnerID=40&md5=7c76351c924bd13f8caeb560d7c28055","University of Texas at El Paso, Department of Electrical and Computer Engineering, El Paso, 79968, TX, United States","Mendoza C., University of Texas at El Paso, Department of Electrical and Computer Engineering, El Paso, 79968, TX, United States; McGarry M.P., University of Texas at El Paso, Department of Electrical and Computer Engineering, El Paso, 79968, TX, United States","We propose and evaluate a technique that learns the probability of a network transmission link experiencing a fault by using outlier flows (in the performance sense) as training data. This technique autonomously determines the most likely links causing performance degradation in a communications network; a critical feature of zero-touch network management. Our new Network Link Outlier Factor (NLOF) with most likely links (NLOF:MLL) is experimentally compared to the existing literature (including our original NLOF) using classification performance measures: recall, precision, F1 -score, and time-to-detection. We utilize inferential statistics and a wide set of Mininet experiments to determine statistically significant performance differences. We find that our NLOF:MLL outperforms the existing literature wrt the important F1 -score while exhibiting a competitive time-to-detection.  © 2020 IEEE.","English"
"Ustok R.F.; Cihat Baktir A.; Biyar E.D.","Ustok, Refik Fatih (35103740600); Cihat Baktir, Ahmet (56042827300); Biyar, Elham Dehghan (57192159724)","35103740600; 56042827300; 57192159724","Asset Administration Shell as an Enabler of Intent-Based Networks for Industry 4.0 Automation","2022","10.1109/ETFA52439.2022.9921446","https://www.scopus.com/inward/record.uri?eid=2-s2.0-85141440384&doi=10.1109%2fETFA52439.2022.9921446&partnerID=40&md5=5077766ab75746b454c909ae7251b2fe","Ericsson Research, Istanbul, Turkey","Ustok R.F., Ericsson Research, Istanbul, Turkey; Cihat Baktir A., Ericsson Research, Istanbul, Turkey; Biyar E.D., Ericsson Research, Istanbul, Turkey","The factory operators lack 3GPP network knowledge and there is a requirement for industrial 5G networks to enable zero-touch automation which will translate factory business expectations to technical expectations. Integrating the intent-based operations is a key approach to implement intelligent network management system which can automatically verify, deploy, configure and optimize itself to meet the targets and goals. However, there is still a need for human intervention (e.g., factory operators) to place the intents. In this paper, we propose a solution based on Asset Administration Shell (AAS) to implement digital twins of the 5G network and 5G-capable factory devices. The proposed solution approach implements necessary submodels in AAS instances, so that the factory devices can place their own intents with minimized manual intervention. This framework is implemented and demonstrated with an automation system in conjunction with a 5G emulation environment.  © 2022 IEEE.","English"
"Polese M.; Bonati L.; D'Oro S.; Basagni S.; Melodia T.","Polese, Michele (57190585567); Bonati, Leonardo (57195373297); D'Oro, Salvatore (57210073635); Basagni, Stefano (6701353011); Melodia, Tommaso (6602320889)","57190585567; 57195373297; 57210073635; 6701353011; 6602320889","Understanding O-RAN: Architecture, Interfaces, Algorithms, Security, and Research Challenges","2023","10.1109/COMST.2023.3239220","https://www.scopus.com/inward/record.uri?eid=2-s2.0-85147300222&doi=10.1109%2fCOMST.2023.3239220&partnerID=40&md5=38e8ed5d2706f9c03ead9a8ba022db81","Institute for the Wireless Internet of Things, Northeastern University, Boston, 02115, MA, United States","Polese M., Institute for the Wireless Internet of Things, Northeastern University, Boston, 02115, MA, United States; Bonati L., Institute for the Wireless Internet of Things, Northeastern University, Boston, 02115, MA, United States; D'Oro S., Institute for the Wireless Internet of Things, Northeastern University, Boston, 02115, MA, United States; Basagni S., Institute for the Wireless Internet of Things, Northeastern University, Boston, 02115, MA, United States; Melodia T., Institute for the Wireless Internet of Things, Northeastern University, Boston, 02115, MA, United States","The Open Radio Access Network (RAN) and its embodiment through the O-RAN Alliance specifications are poised to revolutionize the telecom ecosystem. O-RAN promotes virtualized RANs where disaggregated components are connected via open interfaces and optimized by intelligent controllers. The result is a new paradigm for the RAN design, deployment, and operations: O-RAN networks can be built with multi-vendor, interoperable components, and can be programmatically optimized through a centralized abstraction layer and data-driven closed-loop control. Therefore, understanding O-RAN, its architecture, its interfaces, and workflows is key for researchers and practitioners in the wireless community. In this article, we present the first detailed tutorial on O-RAN. We also discuss the main research challenges and review early research results. We provide a deep dive of the O-RAN specifications, describing its architecture, design principles, and the O-RAN interfaces. We then describe how the O-RAN RAN Intelligent Controllers (RICs) can be used to effectively control and manage 3GPP-defined RANs. Based on this, we discuss innovations and challenges of O-RAN networks, including the Artificial Intelligence (AI) and Machine Learning (ML) workflows that the architecture and interfaces enable, security, and standardization issues. Finally, we review experimental research platforms that can be used to design and test O-RAN networks, along with recent research results, and we outline future directions for O-RAN development.  © 1998-2012 IEEE.","English"
"Li J.; Qi X.; Li J.; Su Z.; Su Y.; Liu L.","Li, Jiahui (57226734060); Qi, Xiaogang (8967056000); Li, Jiliang (57202421842); Su, Zhou (56237795400); Su, Yuan (57218168990); Liu, Lifang (36065177800)","57226734060; 8967056000; 57202421842; 56237795400; 57218168990; 36065177800","Fault Diagnosis in the Network Function Virtualization: A Survey, Taxonomy, and Future Directions","2024","10.1109/JIOT.2024.3362991","https://www.scopus.com/inward/record.uri?eid=2-s2.0-85184803288&doi=10.1109%2fJIOT.2024.3362991&partnerID=40&md5=44793869940ac59420cfe087c8963830","Xidian University, School of Mathematics and Statistics, Xi'an, 710126, China; Science and Technology on Near-Surface Detection Laboratory, Wuxi, 214035, China; Xi'An Jiaotong University, School of Cyber Science and Engineering, Xi'an, 710049, China; Xidian University, School of Computer Science and Technology, Xi'an, 710126, China; Science and Technology on Near-Surface Detection Laboratory, Wuxi, China","Li J., Xidian University, School of Mathematics and Statistics, Xi'an, 710126, China; Qi X., Xidian University, School of Mathematics and Statistics, Xi'an, 710126, China, Science and Technology on Near-Surface Detection Laboratory, Wuxi, 214035, China; Li J., Xi'An Jiaotong University, School of Cyber Science and Engineering, Xi'an, 710049, China; Su Z., Xi'An Jiaotong University, School of Cyber Science and Engineering, Xi'an, 710049, China; Su Y., Xi'An Jiaotong University, School of Cyber Science and Engineering, Xi'an, 710049, China; Liu L., Xidian University, School of Computer Science and Technology, Xi'an, 710126, China, Science and Technology on Near-Surface Detection Laboratory, Wuxi, China","The widespread application of ultradense and multivariate Internet of Things (IoT) benefits from network function virtualization (NFV) that provides flexible frameworks and effective management. NFV leverages the virtualization technologies to integrate the existing network functions of devices into standard servers, storages, and switches. Then, the network functions are achieved in software form to displace the private, dedicated, and closed network devices. However, NFV also brings instability and challenges to the network management where the network dynamics, lack of visibility, and high frequency and abundant types of faults will increase the difficulty. Therefore, diagnosing the faults embedded in the generic NFV framework is crucial for the effective adoption of NFV to the IoT environment and thus ensuring the user services. This article summarizes the differences and connections of fault diagnosis between the NFV framework and traditional networks, and introduces the challenges faced by NFV. Moreover, we provide a comprehensive survey of the state-of-The-Art fault detection methods for the NFV framework. After an in-depth discussion of the fault propagation characteristics, we further present a detailed taxonomy of the fault localization approaches. Finally, we highlight the future research directions to provide ample space for improvement in applying NFV to the IoT environment.  © 2014 IEEE.","English"
"Maxenti S.; D'Oro S.; Bonati L.; Polese M.; Capone A.; Melodia T.","Maxenti, Stefano (58770934100); D'Oro, Salvatore (57210073635); Bonati, Leonardo (57195373297); Polese, Michele (57190585567); Capone, Antonio (57201762539); Melodia, Tommaso (6602320889)","58770934100; 57210073635; 57195373297; 57190585567; 57201762539; 6602320889","ScalO-RAN: Energy-aware Network Intelligence Scaling in Open RAN","2024","10.1109/INFOCOM52122.2024.10621159","https://www.scopus.com/inward/record.uri?eid=2-s2.0-85201805636&doi=10.1109%2fINFOCOM52122.2024.10621159&partnerID=40&md5=355152f027dfc58c407c1fc3b8af9282","Northeastern University, Institute for the Wireless Internet of Things, Boston, MA, United States; Politecnico di Milano, Milan, Italy","Maxenti S., Northeastern University, Institute for the Wireless Internet of Things, Boston, MA, United States, Politecnico di Milano, Milan, Italy; D'Oro S., Northeastern University, Institute for the Wireless Internet of Things, Boston, MA, United States; Bonati L., Northeastern University, Institute for the Wireless Internet of Things, Boston, MA, United States; Polese M., Northeastern University, Institute for the Wireless Internet of Things, Boston, MA, United States; Capone A., Politecnico di Milano, Milan, Italy; Melodia T., Northeastern University, Institute for the Wireless Internet of Things, Boston, MA, United States","Network virtualization, software-defined infrastructure, and orchestration are pivotal elements in contemporary networks, yielding new vectors for optimization and novel capabilities. In line with these principles, O-RAN presents an avenue to bypass vendor lock-in, circumvent vertical configurations, enable network programmability, and facilitate integrated artificial intelligence (AI) support. Moreover, modern container orchestration frameworks (e.g., Kubernetes, Red Hat OpenShift) simplify the way cellular base stations, as well as the newly introduced RAN Intelligent Controllers (RICs), are deployed, managed, and orchestrated. While this enables cost reduction via infrastructure sharing, it also makes it more challenging to meet O-RAN control latency requirements, especially during peak resource utilization. For instance, the Near-real-time RIC is in charge of executing applications (xApps) that must take control decisions within one second, and we show that container platforms available today fail in guaranteeing such timing constraints. To address this problem, we propose ScalO-RAN, a control framework rooted in optimization and designed as an O-RAN rApp that allocates and scales AI-based O-RAN applications (xApps, rApps, dApps) to: (i) abide by application-specific latency requirements, and (ii) monetize the shared infrastructure while reducing energy consumption. We prototype ScalO-RAN on an OpenShift cluster with base stations, RIC, and a set of AI-based xApps deployed as micro-services. We evaluate ScalO-RAN both numerically and experimentally. Our results show that ScalO-RAN can optimally allocate and distribute O-RAN applications within available computing nodes to accommodate even stringent latency requirements. More importantly, we show that scaling O-RAN applications is primarily a time-constrained problem rather than a resource-constrained one, where scaling policies must account for stringent inference time of AI applications, and not only how many resources they consume. © 2024 IEEE.","English"
"Moreira R.; Rosa P.F.; Aguiar R.L.A.; Silva F.D.O.","Moreira, Rodrigo (57201762405); Rosa, Pedro Frosi (56187270700); Aguiar, Rui Luis Andrade (7006635816); Silva, Flávio de Oliveira (37123860700)","57201762405; 56187270700; 7006635816; 37123860700","NASOR: A network slicing approach for multiple Autonomous Systems","2021","10.1016/j.comcom.2021.07.028","https://www.scopus.com/inward/record.uri?eid=2-s2.0-85113348163&doi=10.1016%2fj.comcom.2021.07.028&partnerID=40&md5=12d4bf7ec7b6ccd95030251101216698","Faculty of Computing (FACOM), Federal University of Uberlândia, Uberlândia, 38400-902, Brazil; Institute of Exact and Technological Sciences, Federal University of Viçosa, Rio Paranaíba, 38810-000, Brazil; Telecommunications Institute (IT), University of Aveiro, Aveiro, Portugal","Moreira R., Faculty of Computing (FACOM), Federal University of Uberlândia, Uberlândia, 38400-902, Brazil, Institute of Exact and Technological Sciences, Federal University of Viçosa, Rio Paranaíba, 38810-000, Brazil; Rosa P.F., Faculty of Computing (FACOM), Federal University of Uberlândia, Uberlândia, 38400-902, Brazil; Aguiar R.L.A., Telecommunications Institute (IT), University of Aveiro, Aveiro, Portugal; Silva F.D.O., Faculty of Computing (FACOM), Federal University of Uberlândia, Uberlândia, 38400-902, Brazil","Realizing network slicing inside and between Autonomous Systems (ASs), that is, multi-domain, is challenging because there is no consensus or solutions that consider both policy and technological independence between domains. Many approaches found in the literature aimed to realize network slices that span across multiple ASs. However, they commonly rely on cross-connected technologies or domain-coupled such as Virtual Private Network (VPN) or Multi-Protocol Label Switching (MPLS). This work addresses the issue of multi-domain network slicing by leveraging technologies such as Software-defined Networking (SDN), Segment Routing (SR), and Network Functions Virtualization (NFV) in an innovative distributed framework, called Network And Slice ORchestrator (NASOR). Our work advances resource management and orchestration potentialities, providing a recursive network slice mechanism and adding dynamism in the network slice deployment between multiple domains through an open interface. As a result, NASOR functionally outperforms its peers. Experiments showcased the proposal's applicability and scalability in multi-domain network slicing. Additionally, experiments suggest that an open interface enhances network slices’ customization degree and improves the network Quality of Service (QoS) in typical Internet applications, such as Voice over Internet Protocol (VoIP). © 2021 Elsevier B.V.","English"
"Bagaa M.; Taleb T.; Bernabe J.B.; Skarmeta A.","Bagaa, Miloud (24467380100); Taleb, Tarik (6602641627); Bernabe, Jorge Bernal (57195618802); Skarmeta, Antonio (7004419066)","24467380100; 6602641627; 57195618802; 7004419066","QoS and Resource-Aware Security Orchestration and Life Cycle Management","2022","10.1109/TMC.2020.3046968","https://www.scopus.com/inward/record.uri?eid=2-s2.0-85098800604&doi=10.1109%2fTMC.2020.3046968&partnerID=40&md5=17e00c5c377fc9e633390c7637653403","Aalto University, Espoo, 02150, Finland; University of Oulu, Oulu, 90570, Finland; Sejong University, Department of Computer and Information Security, Seoul, South Korea; University of Murcia, Department of Communications and Information Engineering, Murcia, 30100, Spain","Bagaa M., Aalto University, Espoo, 02150, Finland; Taleb T., Aalto University, Espoo, 02150, Finland, University of Oulu, Oulu, 90570, Finland, Sejong University, Department of Computer and Information Security, Seoul, South Korea; Bernabe J.B., University of Murcia, Department of Communications and Information Engineering, Murcia, 30100, Spain; Skarmeta A., University of Murcia, Department of Communications and Information Engineering, Murcia, 30100, Spain","Zero-touch network and service management (ZSM) exploits network function virtualization (NFV) and software-defined networking (SDN) to efficiently and dynamically orchestrate different service function chaining (SFC), whereby reducing capital expenditure and operation expenses. The SFC is an optimization problem that shall consider different constraints, such as Quality of Service (QoS), and actual resources, to achieve cost-efficient scheduling and allocation of the service functions. However, the large-scale, complexity and security issues brought by virtualized IoT networks, which embrace different network segments, e.g., Fog, Edge, Core, Cloud, that can also exploit proximity (computation offloading of virtualized IoT functions to the Edge), imposes new challenges for ZSM orchestrators intended to optimize the SFC, thereby achieving seamless user-experience, minimal end-to-end delay at a minimal cost. To cope with these challenges, this paper proposes a cost-efficient optimized orchestration system that addresses the whole life-cycle management of different SFCs, that considers QoS (including end-to-end delay, bandwidth, jitters), actual capacities of Virtual Network Functions (VNFs), potentially deployed across multiple Clouds-Edges, in terms of resources (CPU, RAM, storage) and current network security levels to ensure trusted deployments. The proposed orchestration system has been implemented and evaluated in the scope of H2020 Anastacia EU project,1 showing its feasibility and performance to efficiently manage SFC, optimizing deployment costs, reducing overall end-to-end delay and optimizing VNF instances distribution.  © 2002-2012 IEEE.","English"
"Valencic D.","Valencic, Davorin (55913173600)","55913173600","Availability of NETCONF Training and Documentation","2023","10.1109/CoNTESA61248.2023.10384906","https://www.scopus.com/inward/record.uri?eid=2-s2.0-85184110150&doi=10.1109%2fCoNTESA61248.2023.10384906&partnerID=40&md5=6c31b1c0109a2b148477fc3f4bf219ca","University of Applied Sciences Velika Gorica, Information Systems, Velika Gorica, Croatia","Valencic D., University of Applied Sciences Velika Gorica, Information Systems, Velika Gorica, Croatia","Software-defined networking (SDN) has an extremely strong influence on the today's development of computer networks and introduces significant changes in network management and automation. Network Configuration Protocol (NETCONF) is one of the basic protocols which serve as the base of SDN architecture defined in RFC 7426. The goal of this paper is to present the results of qualitative and quantitative scientific research made with major worldwide vendors of router/switch (R/S) network equipment and their major customers (partners and end customers): their view of availability of NETCONF documentation (manuals, white papers and others), training (self-learning and instructor-led) and certification. The research in this paper showed that vendors consider the availability of their training and documentation on the NETCONF protocol at a high level, while at the same time users (partners and end customers) consider that they deserve only a passing grade and that there is significant room for improvement. The consequence is that a very large number of users do not know enough about the NETCONF protocol and its advantages, and therefore rarely use it. © 2023 IEEE.","English"
"Aryal N.; Ghaffari F.; Bertin E.; Crespi N.","Aryal, Nischal (57959948400); Ghaffari, Fariba (57220428189); Bertin, Emmanuel (22333792600); Crespi, Noel (17433279200)","57959948400; 57220428189; 22333792600; 17433279200","Moving Towards Open Radio Access Networks with Blockchain Technologies","2023","10.1109/BRAINS59668.2023.10316961","https://www.scopus.com/inward/record.uri?eid=2-s2.0-85179620779&doi=10.1109%2fBRAINS59668.2023.10316961&partnerID=40&md5=c108c8c256f362380d4ffac34a0f1025","Orange Innovation, Caen, 14000, France; Telecom SudParis, Institut Polytechnique de Paris, SAMOVAR, Palaiseau, 91120, France; Institute of Research and Technology B-com, Cesson-Sevigne, 35510, France","Aryal N., Orange Innovation, Caen, 14000, France, Telecom SudParis, Institut Polytechnique de Paris, SAMOVAR, Palaiseau, 91120, France; Ghaffari F., Telecom SudParis, Institut Polytechnique de Paris, SAMOVAR, Palaiseau, 91120, France, Institute of Research and Technology B-com, Cesson-Sevigne, 35510, France; Bertin E., Orange Innovation, Caen, 14000, France, Telecom SudParis, Institut Polytechnique de Paris, SAMOVAR, Palaiseau, 91120, France; Crespi N., Telecom SudParis, Institut Polytechnique de Paris, SAMOVAR, Palaiseau, 91120, France","The Open Radio Access Network (O-RAN) introduces openness and intelligence into the existing, tightly-coupled RAN ecosystem. Openness promotes collaboration among various vendors to provide diverse components (hardware, software, or both) for the RAN ecosystem, while intelligence handles complex network activities using Artificial Intelligence (AI). Although O-RAN design addresses many issues in traditional RANs, such as vendor lock-in, lack of flexibility, and limited innovation, it raises several management and security concerns related to collaboration, access management, privacy, trust, and availability. Distributed Ledger Technologies (DLTs) offer a viable method of establishing trust among entities, managing resources efficiently, and automating complex network tasks. Several DLT properties, such as distributed architecture, high automation through smart contracts, immutability, and transparency, could position DLT-based ideas as game changers in a multi-vendor O-RAN ecosystem. Furthermore, this technology has the potential to introduce new business models and establish secure and trusted micro-payments among vendors and network participants. In this paper, we first present a taxonomy for discussing existing O-RAN challenges. Based on the taxonomy, we then examine the possibility of incorporating DLT-based solutions in O-RAN architecture to address these challenges.  © 2023 IEEE.","English"
"Barakabitze A.A.; Ahmad A.; Mijumbi R.; Hines A.","Barakabitze, Alcardo Alex (56826013000); Ahmad, Arslan (57190389186); Mijumbi, Rashid (56267583000); Hines, Andrew (35179621200)","56826013000; 57190389186; 56267583000; 35179621200","5G network slicing using SDN and NFV: A survey of taxonomy, architectures and future challenges","2020","10.1016/j.comnet.2019.106984","https://www.scopus.com/inward/record.uri?eid=2-s2.0-85076044263&doi=10.1016%2fj.comnet.2019.106984&partnerID=40&md5=9582bca4b04db7b23f68a4636e0799e2","School of Computing, Electronics and Mathematics, University of Plymouth, United Kingdom; IS-Wireless, Poland; Nokia Bell Labs, Dublin, Ireland; School of Computer Science, University College Dublin, Ireland","Barakabitze A.A., School of Computing, Electronics and Mathematics, University of Plymouth, United Kingdom; Ahmad A., IS-Wireless, Poland; Mijumbi R., Nokia Bell Labs, Dublin, Ireland; Hines A., School of Computer Science, University College Dublin, Ireland","The increasing consumption of multimedia services and the demand of high-quality services from customers has triggered a fundamental change in how we administer networks in terms of abstraction, separation, and mapping of forwarding, control and management aspects of services. The industry and the academia are embracing 5G as the future network capable to support next generation vertical applications with different service requirements. To realize this vision in 5G network, the physical network has to be sliced into multiple isolated logical networks of varying sizes and structures which are dedicated to different types of services based on their requirements with different characteristics and requirements (e.g., a slice for massive IoT devices, smartphones or autonomous cars, etc.). Softwarization using Software-Defined Networking (SDN) and Network Function Virtualization (NFV)in 5G networks are expected to fill the void of programmable control and management of network resources. In this paper, we provide a comprehensive review and updated solutions related to 5G network slicing using SDN and NFV. Firstly, we present 5G service quality and business requirements followed by a description of 5G network softwarization and slicing paradigms including essential concepts, history and different use cases. Secondly, we provide a tutorial of 5G network slicing technology enablers including SDN, NFV, MEC, cloud/Fog computing, network hypervisors, virtual machines & containers. Thidly, we comprehensively survey different industrial initiatives and projects that are pushing forward the adoption of SDN and NFV in accelerating 5G network slicing. A comparison of various 5G architectural approaches in terms of practical implementations, technology adoptions and deployment strategies is presented. Moreover, we provide a discussion on various open source orchestrators and proof of concepts representing industrial contribution. The work also investigates the standardization efforts in 5G networks regarding network slicing and softwarization. Additionally, the article presents the management and orchestration of network slices in a single domain followed by a comprehensive survey of management and orchestration approaches in 5G network slicing across multiple domains while supporting multiple tenants. Furthermore, we highlight the future challenges and research directions regarding network softwarization and slicing using SDN and NFV in 5G networks. © 2019","English"
"Bandh T.; Romeikat R.; Sanneck H.; Tang H.","Bandh, Tobias (24474386000); Romeikat, Raphael (21743774300); Sanneck, Henning (6602346440); Tang, Haitao (24282008300)","24474386000; 21743774300; 6602346440; 24282008300","Policy-based coordination and management of SON functions","2011","10.1109/INM.2011.5990492","https://www.scopus.com/inward/record.uri?eid=2-s2.0-80052759010&doi=10.1109%2fINM.2011.5990492&partnerID=40&md5=7e22f1d7c515a68301282665300fc5ec","Technische Universität München, Germany; University of Augsburg, Germany; Nokia Siemens Networks Research, Finland","Bandh T., Technische Universität München, Germany; Romeikat R., University of Augsburg, Germany; Sanneck H., Nokia Siemens Networks Research, Finland; Tang H., Nokia Siemens Networks Research, Finland","Future wireless networks (LTE and beyond) will experience a continuous growth regarding the number of network elements with increasingly complex interrelations between the configuration of multiple network elements (NEs). A related trend is the seamless integration of multiple radio technologies into a single heterogeneous wireless network. Both developments increase network management complexity and require new management concepts with a very high degree of automation such as Self-Organizing Network (SON) concepts, which are currently discussed in the network operator (NGMN), research, and standardization (3GPP) communities. SON functions have to be coordinated and supervised in an automated way in order to enable a stable system operation with tight control over the system behavior by the network operator together with a high degree of automation. Based on a detailed analysis of the requirements for the coordination, a policy-based approach to realize the coordination-related decision making based on the network configuration and SON function context is presented. Results for two use cases (fully automatic hardware to site mapping and coverage & capacity optimization) are presented to show the applicability of the developed approach to diverse SON use cases. © 2011 IEEE.","English"
"Gomes R.; Gomes L.; Da Costa A.F.B.F.","Gomes, Reinaldo (15135461400); Gomes, Luciana (56937878900); Da Costa, Anderson F.B.F. (54974219000)","15135461400; 56937878900; 54974219000","Evaluating the impact of a self-configuring protocol in wireless autonomous networks' deployment","2013","","https://www.scopus.com/inward/record.uri?eid=2-s2.0-84945969508&partnerID=40&md5=09ae7dd63d84a7f29117adfc6e235a28","Systems and Computing Department, Federal University of Campina Grande, Brazil; State University of Paraíba, Brazil; Federal Institute of Education, Science and Technology of Paraíba (IFPB), Brazil","Gomes R., Systems and Computing Department, Federal University of Campina Grande, Brazil; Gomes L., State University of Paraíba, Brazil; Da Costa A.F.B.F., Federal Institute of Education, Science and Technology of Paraíba (IFPB), Brazil","The deployment of automatic solutions to support networks' self-configuration is increasingly capturing the attention of the Internet community. In existing networks, reformation mainly retrieved off-line is used to configure different network elements and this configuration remains fairly static during the period of time when the network is in operation. Future networking technologies expects a new level of dynamicity and heterogeneity in which networks' architectures and protocols must enable the cooperation of heterogeneous devices. This cooperation should be transparent, established on demand, and thus support ""plug-and-play"" operation. In this context, situations where new networks would be spontaneously created will happen and, consequently, networks might dynamically adapt themselves to environments characteristics during their entire lifecycle. In this paper we present an evaluation of the influence that a self-configuration mechanism might have in network operation considering some perspectives, such as its overhead and the influence it would have over running applications. © 2013 IADIS.","English"
"Serban C.; Chadha R.; Chiang C.J.; Ge F.; Ghosh A.; Gottlieb Y.; Kaplan M.; Kurachik K.; Levin G.; Lin Y.; Poylisher A.; Sapello A.; Sultan F.; Vashist A.; Wolberg M.; Moeltner K.","Serban, C. (15756307700); Chadha, R. (7005388771); Chiang, C.J. (14119392100); Ge, F. (55004374400); Ghosh, A. (55448412900); Gottlieb, Y. (6602088302); Kaplan, M. (7403265717); Kurachik, K. (36975701600); Levin, G. (9240438800); Lin, Y. (59043218400); Poylisher, A. (9240439000); Sapello, A. (37007150100); Sultan, F. (57213994354); Vashist, A. (55960479200); Wolberg, M. (35195033400); Moeltner, Kimberly (36022642500)","15756307700; 7005388771; 14119392100; 55004374400; 55448412900; 6602088302; 7403265717; 36975701600; 9240438800; 59043218400; 9240439000; 37007150100; 57213994354; 55960479200; 35195033400; 36022642500","TITAN: Integrated network management in tactical mobile ad hoc networks","2012","10.1109/MILCOM.2012.6415701","https://www.scopus.com/inward/record.uri?eid=2-s2.0-84874340134&doi=10.1109%2fMILCOM.2012.6415701&partnerID=40&md5=a3cd6d530d305612f28557c64e2f0907","Applied Communication Sciences, Piscataway, NJ 08854, United States; U.S. Army Communications Electronics Research Development and Engineering Center (CERDEC), Aberdeen Proving Ground, MD 21005, United States","Serban C., Applied Communication Sciences, Piscataway, NJ 08854, United States; Chadha R., Applied Communication Sciences, Piscataway, NJ 08854, United States; Chiang C.J., Applied Communication Sciences, Piscataway, NJ 08854, United States; Ge F., Applied Communication Sciences, Piscataway, NJ 08854, United States; Ghosh A., Applied Communication Sciences, Piscataway, NJ 08854, United States; Gottlieb Y., Applied Communication Sciences, Piscataway, NJ 08854, United States; Kaplan M., Applied Communication Sciences, Piscataway, NJ 08854, United States; Kurachik K., Applied Communication Sciences, Piscataway, NJ 08854, United States; Levin G., Applied Communication Sciences, Piscataway, NJ 08854, United States; Lin Y., Applied Communication Sciences, Piscataway, NJ 08854, United States; Poylisher A., Applied Communication Sciences, Piscataway, NJ 08854, United States; Sapello A., Applied Communication Sciences, Piscataway, NJ 08854, United States; Sultan F., Applied Communication Sciences, Piscataway, NJ 08854, United States; Vashist A., Applied Communication Sciences, Piscataway, NJ 08854, United States; Wolberg M., Applied Communication Sciences, Piscataway, NJ 08854, United States; Moeltner K., U.S. Army Communications Electronics Research Development and Engineering Center (CERDEC), Aberdeen Proving Ground, MD 21005, United States","Network management represents one of the most challenging activities in tactical mobile ad hoc networks due to the need for rapid planning and configuration to support a given mission, in the face of large variability in wireless network performance and unpredictable conditions. Traditionally, independent tools, such as network planning and configuration, fault and performance management, and middleware have been designed to provide comprehensive network management capabilities. However, the lack of any integration between these tools often results in sub-optimal or conflicting network actions, conducting to inadequate network performance. More importantly, state of the art network management tools do not incorporate the mission intent into autonomous network management activities. This paper describes the TITAN (Tactical Information Technologies for Assured Networks) NM (Network Manager), an integrated network management tool that orchestrates and coordinates its actions such that network planning, configuration, fault response and performance adaptation take place seamlessly and coherently, on the basis of the mission intent. This ensures optimized network operations that achieve the intent of the mission. We present performance evaluation results for the TITAN NM in field experiments performed during C4ISR 2011 On-The-Move exercises at Fort Dix, NJ. © 2012 IEEE.","English"
"Proença M.L., Jr.; Fernandes G., Jr.; Carvalho L.F.; De Assis M.V.O.; Rodrigues J.J.P.C.","Proença, Mario Lemes (59153094400); Fernandes, Gilberto (56038453800); Carvalho, Luiz F. (55416170700); De Assis, Marcos V. O. (55979089300); Rodrigues, Joel J. P. C. (25930566300)","59153094400; 56038453800; 55416170700; 55979089300; 25930566300","Digital signature to help network management using flow analysis","2016","10.1002/nem.1892","https://www.scopus.com/inward/record.uri?eid=2-s2.0-84960081594&doi=10.1002%2fnem.1892&partnerID=40&md5=13f64e5f71cad618f4ddad7bdfc02ed5","Computer Science Department, State University of Londrina (UEL), Campus Universitário, Rodovia Celso Garcia Cid, Pr 445 Km 380, Londrina, Brazil; Instituto de Telecomunicações, University of Beira Interior, Covilhã, Portugal","Proença M.L., Jr., Computer Science Department, State University of Londrina (UEL), Campus Universitário, Rodovia Celso Garcia Cid, Pr 445 Km 380, Londrina, Brazil; Fernandes G., Jr., Computer Science Department, State University of Londrina (UEL), Campus Universitário, Rodovia Celso Garcia Cid, Pr 445 Km 380, Londrina, Brazil; Carvalho L.F., Computer Science Department, State University of Londrina (UEL), Campus Universitário, Rodovia Celso Garcia Cid, Pr 445 Km 380, Londrina, Brazil; De Assis M.V.O., Computer Science Department, State University of Londrina (UEL), Campus Universitário, Rodovia Celso Garcia Cid, Pr 445 Km 380, Londrina, Brazil; Rodrigues J.J.P.C., Instituto de Telecomunicações, University of Beira Interior, Covilhã, Portugal","Because of constant growth in proportion and complexity of networks, flow analysis has become an indispensable tool for network management mechanisms. Through this resource, a traffic characterization, called digital signature of network segment using flow analysis (DSNSF), is accomplished. The models used for this purpose are the ant colony optimization metaheuristic, the Holt-Winters forecasting method and the statistical procedure, principal component analysis. The obtained DSNSF by each model is compared with the actual traffic of packets and bits and then subjected to specific evaluations in order to measure its accuracy. The experimental results show that the three methods could achieve good correlation indices and low normalized mean square error values between the DSNSF curve and the real traffic movement, indicating a good adaptability and efficiency in characterizing a network traffic segment. Copyright © 2015 John Wiley & Sons, Ltd.","English"
"Bandh T.; Tang H.; Sanneck H.; Schmelz C.","Bandh, Tobias (24474386000); Tang, Haitao (24282008300); Sanneck, Henning (6602346440); Schmelz, Christoph (24475450200)","24474386000; 24282008300; 6602346440; 24475450200","SON Operation","2012","10.1002/9781119961789.ch9","https://www.scopus.com/inward/record.uri?eid=2-s2.0-84984714331&doi=10.1002%2f9781119961789.ch9&partnerID=40&md5=703ff97c79d5bac9df3f146c1f0646f4","Nokia Siemens Networks, Finland","Bandh T.; Tang H.; Sanneck H., Nokia Siemens Networks, Finland; Schmelz C.","[No abstract available]","English"
"Magnusson P.; Oom J.","Magnusson, P. (7006872292); Oom, J. (6508124102)","7006872292; 6508124102","An architecture for self-tuning cellular systems","2001","10.1109/INM.2001.918034","https://www.scopus.com/inward/record.uri?eid=2-s2.0-84922694011&doi=10.1109%2fINM.2001.918034&partnerID=40&md5=b6f78321bc3f62eecbeceb383d10ea54","LinLab, Ericsson Res., Linköping, Sweden","Magnusson P., LinLab, Ericsson Res., Linköping, Sweden; Oom J., LinLab, Ericsson Res., Linköping, Sweden","As cellular networks grow in size and complexity, the process of managing them becomes increasingly costly for mobile operators. It is therefore important to focus on simplifying or automating these tasks. This paper describes an architecture that supports automated management of a cellular network. Automation can be done by gathering and processing measurements from the network resources and, based upon the results, feeding back configuration commands. Due to potentially large networks, the large number of measurements needed, and the distributed nature of a cellular system, there is a need for a distributed architecture. This paper proposes such an architecture and describes evaluation results using this architecture in a field trial at the operator SmarTone in Hong Kong. Results from the field trial show that the suggested agent/task pattern is well suited to implementing self-tuning algorithms. © 2001 IEEE.","English"
"Tcholtchev N.; Schieferdecker I.","Tcholtchev, Nikolay (35231572100); Schieferdecker, Ina (57030660000)","35231572100; 57030660000","Framework for distributed autonomic self-healing in fixed IPv6 networks","2014","10.1002/dac.2601","https://www.scopus.com/inward/record.uri?eid=2-s2.0-84914684590&doi=10.1002%2fdac.2601&partnerID=40&md5=4221ba2cfc2d328eb83fb88dea2e4a33","Fraunhofer FOKUS Institute for Open Communication Systems, Kaiserin-Augusta-Allee 31, Berlin, 10589, Germany","Tcholtchev N., Fraunhofer FOKUS Institute for Open Communication Systems, Kaiserin-Augusta-Allee 31, Berlin, 10589, Germany; Schieferdecker I., Fraunhofer FOKUS Institute for Open Communication Systems, Kaiserin-Augusta-Allee 31, Berlin, 10589, Germany","A main requirement for the Future Internet is to enable self-management behaviors facilitating the network to adapt to changing conditions and self-heal in the face of erroneous states. On the basis of Autonomic Fault-Management principles, this paper proposes a framework consisting of a set of components operating inside the network elements and allowing the devices to collaboratively realize self-healing. In that context, Autonomic Fault-Management is intuitively constituted by the detection of the presence of faulty conditions, followed in turn by the self-diagnosis and identification of the corresponding root causes, and completed consequently by the removal of the identified root causes and their effects. The proposed framework implements a distributed control loop that interacts with the network operations personnel in case the current erroneous state is not resolvable by means of Autonomic Fault-Management. We argue that there are a number of mutual benefits between our proposed framework and the IPv6 protocol suite. This is demonstrated by a case study that illustrates these benefits and shows how the capabilities of IPv6 can be enhanced through the self-healing mechanisms of the proposed framework. Finally, the prototype implementation used for the case study is analyzed in terms of scalability and overhead produced in the network nodes. Copyright © 2013 John Wiley & Sons, Ltd.","English"
"Rodriguez V.Q.; Guillemin F.; Boubendir A.","Rodriguez, Veronica Quintuna (57192589245); Guillemin, Fabrice (7103188418); Boubendir, Amina (57188627487)","57192589245; 7103188418; 57188627487","Automating the deployment of 5G Network Slices using ONAP","2019","10.1109/NoF47743.2019.9015043","https://www.scopus.com/inward/record.uri?eid=2-s2.0-85082394574&doi=10.1109%2fNoF47743.2019.9015043&partnerID=40&md5=c4efb4edbfdf3ab4854abfd90bdb4f21","Orange Labs, 2 Avenue Pierre Marzin, Lannion, 22300, France; Orange Labs, 44 Avenue de la République, Chǎtillon, 92320, France","Rodriguez V.Q., Orange Labs, 2 Avenue Pierre Marzin, Lannion, 22300, France; Guillemin F., Orange Labs, 2 Avenue Pierre Marzin, Lannion, 22300, France; Boubendir A., Orange Labs, 44 Avenue de la République, Chǎtillon, 92320, France","Open Network Automation Platform (ONAP) is a carrier grade platform for automatically deploying and managing Virtualized Network Functions. In this paper, we address the deployment of network slices in order to come up with a model that is compatible with ONAP. We analyze various types of network slice ontology presented in the framework of 5G standardization bodies and we propose an ONAP-compatible model on the basis of which we illustrate the design, onboarding, instantiation and distribution of a network slice. We concretely define and deploy a network slice implementing a private and customized mobile core network. The achieved results not only make true NFV and 5G promises, notably those referring to on-demand networks, service customization and time-to-market acceleration, but they open the door to the deployment of private tailored cloud-native 5G networks. © 2019 IEEE.","English"
"Homayouni S.; Javidan R.","Homayouni, Sara (57208125400); Javidan, Reza (24528134600)","57208125400; 24528134600","ERA-ContikiMAC: An adaptive radio duty cycling layer in Internet of Things","2018","10.1109/ISTEL.2018.8661144","https://www.scopus.com/inward/record.uri?eid=2-s2.0-85063913340&doi=10.1109%2fISTEL.2018.8661144&partnerID=40&md5=f5ea166c2f19a91a2dfd74b83f6b7f66","Computer Engineering and IT Dep., Shiraz University of Technology, Shiraz, Iran","Homayouni S., Computer Engineering and IT Dep., Shiraz University of Technology, Shiraz, Iran; Javidan R., Computer Engineering and IT Dep., Shiraz University of Technology, Shiraz, Iran","Internet of Things (IoT) is the theory of connecting physical devices of heterogeneous networks via internet that brings global revolution in wireless networks. Low power and Lossy Networks (LLNs) are the main core of Internet of Things technology in which their protocols and standard limitations such as energy, storage and processing power must be carefully considered. Radio Duty Cycling (RDC) layer is placed between Media Access Control (MAC) and physical layer for decreasing energy consumption of networks. ContikiMAC is the best RDC layer protocol that keeps nodes off as much as possible but it should wake them up by a fix RDC frequency to receive packets. In this paper, an Adaptive Radio Duty Cycling layer is proposed in which every node dynamically adjusts its RDC frequency based on its battery capacity level and channel radio activity. The proposed mechanism is called ERA-ContikiMAC (Energy-Rate Algorithm for ContikiMAC). ERA-ContikiMAC is a development of ContikiMAC mechanism that is implemented and simulated in Contiki operating system. The results derived from COOJA simulator compared with the ContikiMAC mechanism and a capacity-based mechanism that uses battery capacity level of node for adjusting RDC frequency for next round. Evaluations were based on the confidence intervals so they showed significant improvement of average energy consumption and radio duty cycle in low traffic networks. © 2018 IEEE.","English"
"Tozal M.E.","Tozal, Mehmet Engin (36722915900)","36722915900","Autonomous system ranking by topological characteristics: A comparative study","2017","10.1109/SYSCON.2017.7934814","https://www.scopus.com/inward/record.uri?eid=2-s2.0-85021446446&doi=10.1109%2fSYSCON.2017.7934814&partnerID=40&md5=8726970d1e255d64c28538a024590fb0","School of Computing and Informatics, University of Louisiana, Lafayette, 70504, LA, United States","Tozal M.E., School of Computing and Informatics, University of Louisiana, Lafayette, 70504, LA, United States","The Internet is a highly engineered, large scale complex system serving billions of people worldwide. The whole system is formed by tens of thousands of autonomous networks owned by a different organizations. These autonomous networks are connected to each other through hundreds of thousands of relations which reflect the business partnerships among the network operators as well as the traffic routing in the Internet. Ranking ASes by their topological characteristics allow us to acquire immediate insight on the complex structure of the Internet and make decisions based on various criteria. In this study we compare and contrast six different AS ranking schemes based on the topological features of the ASes: customer degree, provider degree, peer degree, customer-cone size, alpha centrality and betweenness centrality. We report varying levels of agreement/disagreement among the ranking schemes and show that selecting multiple ranking schemes might be necessary to gain a diverse insight on the topology. © 2017 IEEE.","English"
"Johnsson A.; Meirosu C.","Johnsson, Andreas (8291681900); Meirosu, Catalin (56028258600)","8291681900; 56028258600","Towards automatic network fault localization in real time using probabilistic inference","2013","","https://www.scopus.com/inward/record.uri?eid=2-s2.0-84883477852&partnerID=40&md5=2ac29cc53ce49e882a7cba95c88f20ae","Research Area Packet Technologies, Ericsson Research, Kista, Sweden","Johnsson A., Research Area Packet Technologies, Ericsson Research, Kista, Sweden; Meirosu C., Research Area Packet Technologies, Ericsson Research, Kista, Sweden","This paper describes the foundation of a novel network fault localization algorithm based on active network measurements and probabilistic inference. A fault condition could be an unacceptable large delay or packet loss rate. The solution is computationally efficient, autonomic in nature and provides the operator with a probability mass distribution that indicates the fault location. The probabilistic inference is based on a discrete state-space particle filter. We present results from a first feasibility study performed in a simulated environment. The precise location of single faults is determined rapidly when measurement paths are partly overlapping. © 2013 IFIP.","English"
"Tze Chiang T.; Saw Chin T.; Ching Kwang L.; Zulfadzli Y.; Rizaludin K.","Tze Chiang, Tin (57210189870); Saw Chin, Tan (35216514200); Ching Kwang, Lee (57210196596); Zulfadzli, Y. (57210195159); Rizaludin, K. (57210182209)","57210189870; 35216514200; 57210196596; 57210195159; 57210182209","Towards H-SDN Traffic Analytic Through Visual Analytics and Machine Learning","2019","10.1007/978-3-030-24907-6_10","https://www.scopus.com/inward/record.uri?eid=2-s2.0-85069844627&doi=10.1007%2f978-3-030-24907-6_10&partnerID=40&md5=a58bd4b5ad8f42dacf9d6e3c88356ec6","Faculty of Informatics and Computing, Multimedia University, Cyberjaya, 63100, Selangor, Malaysia; Faculty of Engineering, Multimedia University, Cyberjaya, 63100, Selangor, Malaysia; Telekom Malaysia R&D, Jalan Persiaran Mulitmedia, Cyberjaya, 63100, Selangor, Malaysia","Tze Chiang T., Faculty of Informatics and Computing, Multimedia University, Cyberjaya, 63100, Selangor, Malaysia; Saw Chin T., Faculty of Informatics and Computing, Multimedia University, Cyberjaya, 63100, Selangor, Malaysia; Ching Kwang L., Faculty of Engineering, Multimedia University, Cyberjaya, 63100, Selangor, Malaysia; Zulfadzli Y., Faculty of Engineering, Multimedia University, Cyberjaya, 63100, Selangor, Malaysia; Rizaludin K., Telekom Malaysia R&D, Jalan Persiaran Mulitmedia, Cyberjaya, 63100, Selangor, Malaysia","With new networking paradigm emerged through Software-Defined Networking (SDN) offering various networking advantages over the traditional paradigm, organizations are attracted to migration their legacy networks to SDN networks. However, it is both challenging and impractical for organizations to migrate from traditional network architecture to full SDN architecture overnight. Therefore, the migration plan is performed in stages, resulting in a new type of network termed hybrid SDN (H-SDN). Effective migration and traffic scheduling in H-SDN environment are the two areas of challenges organizations face. Various solutions have been proposed in the literatures to address these two challenges. Differing from the approaches taken in the literatures, this work utilizes visual analytic and machine learning to address the two challenges. In both full SDN and H-SDN environment, literatures showed that data analytics applications have been successfully developed for various purposes as network security, traffic monitoring and traffic engineering. The success of data analytic applications is highly dependent on prior data analysis from both automated processing and human analysis. However, with the increasing volume of traffic data and the complex networking environment in both SDN and H-SDN networks, the need for both visual analytic and machine learning in inevitable for effective data analysis of network problems. Hence, the objectives of this article are three-folds: Firstly, to identify the limitations of the existing migration plan and traffic scheduling in H-SDN, followed by highlighting the challenges of the existing research works on SDN analytics in various network applications, and lastly, to propose the future research directions of SDN migration and H-SDN traffic scheduling through visual analytics and machine learning. Finally, this article presents the proposed framework termed VA-hSDN, a framework that utilizes visual analytics with machine learning to meet the challenges in SDN migration and traffic scheduling. © Springer Nature Switzerland AG 2019.","English"
"Zhang C.; Joshi H.P.; Riley G.F.; Wright S.A.","Zhang, Chuanji (57189694412); Joshi, Harshvardhan P. (57189344513); Riley, George F. (7102483006); Wright, Steven A. (57199462153)","57189694412; 57189344513; 7102483006; 57199462153","Towards a virtual network function research agenda: A systematic literature review of VNF design considerations","2019","10.1016/j.jnca.2019.102417","https://www.scopus.com/inward/record.uri?eid=2-s2.0-85070385951&doi=10.1016%2fj.jnca.2019.102417&partnerID=40&md5=31a2bc4f6150658f0c3a03688e69f167","Georgia Institute of Technology, Atlanta, 30332, GA, United States; North Carolina State University, Raleigh, 27695, NC, United States; AT&T, Atlanta, 30319, GA, United States","Zhang C., Georgia Institute of Technology, Atlanta, 30332, GA, United States; Joshi H.P., North Carolina State University, Raleigh, 27695, NC, United States; Riley G.F., Georgia Institute of Technology, Atlanta, 30332, GA, United States; Wright S.A., AT&T, Atlanta, 30319, GA, United States","The traditional hardware-based physical network functions are increasingly being replaced with software-only Virtual Network Functions (VNFs). A systematic review on the VNF, scoped to cover research papers, open source projects, and standards, is conducted in this work. The review identifies a globally recognized technology trend towards the implementations of VNFs. Based on the design criteria proposed and analyzed in this paper, and the research questions used to structure this review, a window on the current state of the art for VNFs is provided to establish a research agenda. Common themes in future research directions for VNFs are identified. These include: better ways of managing VNF state information to improve flexibility and agility during load balancing, failover, and life cycle operations, and designing VNFs to enable their transparent migration across central and edge clouds. © 2019 Elsevier Ltd","English"
"Van Der Meer S.; Keeney J.; Fallon L.","Van Der Meer, Sven (14632664000); Keeney, John (14029895200); Fallon, Liam (19638493400)","14632664000; 14029895200; 19638493400","Taming policy complexity: Model to execution","2018","10.1109/NOMS.2018.8406172","https://www.scopus.com/inward/record.uri?eid=2-s2.0-85050677000&doi=10.1109%2fNOMS.2018.8406172&partnerID=40&md5=ba20cadb1347e219ddba3db881dd3311","Network Management Lab Ericsson, Athlone, Co. Westmeath, Ireland","Van Der Meer S., Network Management Lab Ericsson, Athlone, Co. Westmeath, Ireland; Keeney J., Network Management Lab Ericsson, Athlone, Co. Westmeath, Ireland; Fallon L., Network Management Lab Ericsson, Athlone, Co. Westmeath, Ireland","Since the 1970's it has been acknowledged that a complex system can be broken into (a) its invariant functional parts (mechanism), and (b) the externalized choices for how the system should behave (policy). Policy-based management's main objective is to separate and externalize the decisions required by a system from the mechanisms provided by the system, and provide a way to define and evaluate these decisions. A few decades later, we have today a plethora of different policy models and even more policy languages - plus tooling - offering policy-based solutions for virtually any use case and scenario. However, policy-based management as a standalone domain has never been evaluated in terms of which parts are variant / invariant, i.e. which parts of policy-based management can be domain-, model-, language-, usecase-independent. In this paper, we introduce and define a formal universal policy model that does exactly that. The result is a model that can be used to design, implement, and deploy immutable policy infrastructure (engine and executor) being able to execute (virtually) any policy model. © 2018 IEEE.","English"
"Chung J.; Pho N.; Voinov I.A.","Chung, Joaquin (57190445065); Pho, Nam (57204116129); Voinov, Ivan Armuelles (12238805200)","57190445065; 57204116129; 12238805200","Cell-Orch: Towards End-to-End Orchestration of Multi-domain 5G Networks","2018","10.1109/ICT.2018.8464862","https://www.scopus.com/inward/record.uri?eid=2-s2.0-85054537783&doi=10.1109%2fICT.2018.8464862&partnerID=40&md5=a843482abd953661ee4ae90655ac6012","Georgia Institute of Technology, United States; Universidad de Panama, Panama","Chung J., Georgia Institute of Technology, United States; Pho N., Georgia Institute of Technology, United States; Voinov I.A., Universidad de Panama, Panama","Network operators are architecting fifth generation (SG) mobile communication networks with the promises of delivering faster, safer, and smarter wireless services. 5G network architectures embrace current trends in virtualization and software-defined infrastructure (SDI). The 5G Public Private Partnership (5GPPP) proposed a multi-domain architecture for end-to-end service orchestration in multi-operator environments, however, cellular network operators are a natural competitors. Although the scientific community has demonstrated that multi-operator federated systems are possible in practice, the adoption of this type of architecture for cellular network operators will be slower. In this paper we propose Cell-Orch, an architecture for end-to-end service orchestration in multi-operator environments that leverages SDI and allows stakeholders to verify whether their configurations have been effectively provisioned. We discuss how SDI will promote agile programmability of cellular networks, general transparency, and transparency of inter-domain transactions all while enabling end-to-end configuration verification. Furthermore, Cell-Orch provides additional functionalities to allow cellular network operators to build more resilient infrastructures in the same way the Cloud provided analogous capabilities to enterprise IT. © 2018 IEEE.","English"
"Baharudin M.A.B.; Quang T.M.; Kamioka E.","Baharudin, Muhammad Ariff Bin (41861072100); Quang, Tran Minh (56640999900); Kamioka, Eiji (6603314412)","41861072100; 56640999900; 6603314412","Improvement of Handover Performance Based on Bio-Inspired Approach with Received Signal Strength and Mean Opinion Score","2015","10.1007/s13369-015-1638-5","https://www.scopus.com/inward/record.uri?eid=2-s2.0-84929223065&doi=10.1007%2fs13369-015-1638-5&partnerID=40&md5=f8b55698b1cf9b0dd4ea907a1a90729d","Graduate School of Engineering and Science, Shibaura Institute of Technology, Koto, Japan; National Institute of Informatics, Chiyoda, Japan; Universiti Teknologi Malaysia, Johor Baharu, Malaysia","Baharudin M.A.B., Graduate School of Engineering and Science, Shibaura Institute of Technology, Koto, Japan, Universiti Teknologi Malaysia, Johor Baharu, Malaysia; Quang T.M., National Institute of Informatics, Chiyoda, Japan; Kamioka E., Graduate School of Engineering and Science, Shibaura Institute of Technology, Koto, Japan","In mobile communication environments, handover is a very important process to maintain mobile host’s connections to the network. Although a lot of researchers have tried to improve the handover performance, little deployment to satisfy the users can be seen in the real network due to the modification costs. In the current age, the existence of network with different radio access technologies has created a heterogeneous environment. Moreover, the mobile hosts available to users are becoming more sophisticated, which opens the opportunity for end-point approaches to alleviate the deployment issues. Furthermore, real-time applications such as VoIP and video conference are delay and quality sensitive, but not much research has considered qualitative requirement. Hence, a suitable technique is needed to alleviate the deployment issues as well as to cope with the stringent requirements of real-time applications. This paper presents a new end-point centric handover approach based on the ant colony probabilistic equation that utilizes the received signal strength and the mean opinion score to trigger the handover. Some simulations were conducted using OMNeT++ to measure the effectiveness of the proposed approach comparing with an existing method, the Endpoint Centric Handover (ECHO). The results show that the proposed approach has better performance compared to the ECHO. © 2015, King Fahd University of Petroleum & Minerals.","English"
"Zang L.W.; Mao J.; Gao Q.","Zang, Li Wei (56388379300); Mao, Jie (36023917400); Gao, Qiang (56435144500)","56388379300; 36023917400; 56435144500","Research of distribution network communication based on P1901","2014","10.4028/www.scientific.net/AMM.631-632.864","https://www.scopus.com/inward/record.uri?eid=2-s2.0-84914133085&doi=10.4028%2fwww.scientific.net%2fAMM.631-632.864&partnerID=40&md5=4d25af6fcdb5e09d7867271f741a65b2","School of electrical and electronic engineering, North China Electric Power University, Baoding, 071003, China; Zhejiang electric power design institute network information communication co., LTD, Hangzhou, 310000, China","Zang L.W., School of electrical and electronic engineering, North China Electric Power University, Baoding, 071003, China; Mao J., Zhejiang electric power design institute network information communication co., LTD, Hangzhou, 310000, China; Gao Q., School of electrical and electronic engineering, North China Electric Power University, Baoding, 071003, China","Medium voltage broadband power line communication is the key component of distribution automation communication. In this paper, medium voltage broadband buried cable communication system was studied. The buried cable communication channel model was established; Reference to the IEEE P1901 standard requirements, the broadband power line communication system based on OFDM was simulated; the transmission rate was tested with the experimental system. The simulation results and actual tests show that the broadband buried cable communication system has good performance and high transmission rate which can meet the requirements of distribution network automation. © 2014 Trans Tech Publications, Switzerland.","English"
"Cogranne R.; Doyen G.; Ghadban N.; Hammi B.","Cogranne, Remi (49360917300); Doyen, Guillaume (22333354500); Ghadban, Nisrine (56258055600); Hammi, Badis (56180729300)","49360917300; 22333354500; 56258055600; 56180729300","Detecting Botclouds at Large Scale: A Decentralized and Robust Detection Method for Multi-Tenant Virtualized Environments","2018","10.1109/TNSM.2017.2785628","https://www.scopus.com/inward/record.uri?eid=2-s2.0-85039765197&doi=10.1109%2fTNSM.2017.2785628&partnerID=40&md5=b1c1d2158fec5610748cd37f45ec27ec","Laboratory for System Modelling and Dependability, ROSAS Department, Troyes University of Technology, Troyes, 10010, France; Autonomous Network Environment Team, HETIC Department, Troyes University of Technology, Troyes, 10010, France; Faculty of Engineering, Lebanese University, Beirut, Lebanon; Laboratory for Processing and Communication of Information, INFRES Department, Telecom ParisTech, Paris, 75013, France","Cogranne R., Laboratory for System Modelling and Dependability, ROSAS Department, Troyes University of Technology, Troyes, 10010, France; Doyen G., Autonomous Network Environment Team, HETIC Department, Troyes University of Technology, Troyes, 10010, France; Ghadban N., Faculty of Engineering, Lebanese University, Beirut, Lebanon; Hammi B., Laboratory for Processing and Communication of Information, INFRES Department, Telecom ParisTech, Paris, 75013, France","Cloud computing has gained an important role in providing high quality and cost-effective IT services by outsourcing part of their operations to dedicated cloud providers. If intrinsic security issues of this architecture have been extensively studied, it has recently been considered as a ready-To-use platform able to perform malicious activities, thus offering new targets for indirect threats. However, its large scale, the heterogeneous and dynamic nature of the activities it executes, as well as multi-Tenancy and privacy-related issues, make the security operation complex. Consequently, cloud providers can hardly detect and mitigate malicious activities they unknowingly host. Leveraging the autonomic paradigm represents a promising solution to face such a complexity, but it requires efficient grounded monitoring and analysis functions to efficiently detect malicious activities hidden within the large number of legitimate ones. In this effort, this paper presents a robust and cost-effective solution to detect malicious activities in a public virtualized environment. Its contribution is twofold: 1) a scalable and robust workload estimation of the virtual host activities in a cloud and 2) a detection algorithm able to discriminate infected hosts with low malicious activities hidden within their legitimate workload and potentially scattered across several tenants. For both of these contributions, we establish their theoretical performance, which demonstrates their optimality, and we evaluate their efficiency on a dataset made of real data collected on PlanetLab. Finally, we study the scalability on a large dataset that consists of simulated data resulting from the real dataset modeling. This demonstrates to what extent the proposal exhibits an excellent sharpness and a reasonable cost, even at a very large scale. © 2004-2012 IEEE.","English"
"Duggan M.; Shaw R.; Duggan J.; Howley E.; Barrett E.","Duggan, M. (57192310949); Shaw, R. (57197707114); Duggan, J. (7102588251); Howley, E. (8864006300); Barrett, E. (27567564400)","57192310949; 57197707114; 7102588251; 8864006300; 27567564400","A multitime-steps-ahead prediction approach for scheduling live migration in cloud data centers","2019","10.1002/spe.2635","https://www.scopus.com/inward/record.uri?eid=2-s2.0-85053465942&doi=10.1002%2fspe.2635&partnerID=40&md5=f9106ef1564e5650057f12b1df8895ec","Information Technology, National University of Ireland Galway, Galway, Ireland","Duggan M., Information Technology, National University of Ireland Galway, Galway, Ireland; Shaw R., Information Technology, National University of Ireland Galway, Galway, Ireland; Duggan J., Information Technology, National University of Ireland Galway, Galway, Ireland; Howley E., Information Technology, National University of Ireland Galway, Galway, Ireland; Barrett E., Information Technology, National University of Ireland Galway, Galway, Ireland","One of the major challenges facing cloud computing is to accurately predict future resource usage to provision data centers for future demands. Cloud resources are constantly in a state of flux, making it difficult for forecasting algorithms to produce accurate predictions for short times scales (ie, 5 minutes to 1 hour). This motivates the research presented in this paper, which compares nonlinear and linear forecasting methods with a sequence prediction algorithm known as a recurrent neural network to predict CPU utilization and network bandwidth usage for live migration. Experimental results demonstrate that a multitime-ahead prediction algorithm reduces bandwidth consumption during critical times and improves overall efficiency of a data center. © 2018 John Wiley & Sons, Ltd.","English"
"Fung C.; Zhang J.; Aib I.; Boutaba R.","Fung, Carol (14037341800); Zhang, Jie (56346558700); Aib, Issam (16244207600); Boutaba, Raouf (7004345240)","14037341800; 56346558700; 16244207600; 7004345240","Trust management and admission control for host-based collaborative intrusion detection","2011","10.1007/s10922-010-9176-7","https://www.scopus.com/inward/record.uri?eid=2-s2.0-85027944341&doi=10.1007%2fs10922-010-9176-7&partnerID=40&md5=8a97be18af190898e2f9063642cb2a00","David R. Cheriton School of Computer Science, University of Waterloo, Waterloo, ON, 200 University west, Canada; School of Computer Engineering, Nanyang Technological University, Singapore 639798, Block N4 #02c-110 Nanyang Avenue, Singapore","Fung C., David R. Cheriton School of Computer Science, University of Waterloo, Waterloo, ON, 200 University west, Canada; Zhang J., School of Computer Engineering, Nanyang Technological University, Singapore 639798, Block N4 #02c-110 Nanyang Avenue, Singapore; Aib I., David R. Cheriton School of Computer Science, University of Waterloo, Waterloo, ON, 200 University west, Canada; Boutaba R., David R. Cheriton School of Computer Science, University of Waterloo, Waterloo, ON, 200 University west, Canada","The accuracy of detecting an intrusion within a network of intrusion detection systems (IDSes) depends on the efficiency of collaboration between member IDSes. The security itself within this network is an additional concern that needs to be addressed. In this paper, we present a trust-based framework for secure and effective collaboration within an intrusion detection network (IDN). In particular, we design a trust model that allows each IDS to evaluate the trustworthiness of other IDSes based on its personal experience. We also propose an admission control algorithm for the IDS to manage the acquaintances it approaches for advice about intrusions. We discuss the effectiveness of our approach in protecting the IDN against common attacks. Additionally, experimental results demonstrate that our system yields significant improvement in detecting intrusions. The trust model further improves the robustness of the collaborative system against malicious attacks. The experimental results also support that our admission control algorithm is effective and fair, and creates incentives for collaboration. © 2010 Springer Science+Business Media, LLC.","English"
"Wang W.; Yu G.","Wang, Wen (55713837200); Yu, Ge (7403528989)","55713837200; 7403528989","Performance management for distributed system based on web and agent","2002","","https://www.scopus.com/inward/record.uri?eid=2-s2.0-0036037956&partnerID=40&md5=f56c1228f596157046b0299e44ccb5a2","Sch. of Info. Sci. and Eng., Northeastern Univ., Shenyang 110004, China","Wang W., Sch. of Info. Sci. and Eng., Northeastern Univ., Shenyang 110004, China; Yu G., Sch. of Info. Sci. and Eng., Northeastern Univ., Shenyang 110004, China","The rapid growth in size and complexity of distributed systems and the use of heterogeneous components require powerful tools to manage computing resources effectively. A performance control model for distributed system was proposed by applying loop control and forecast control theory, and using agent and web-based Java computing technology. The design and implementation of a performance management for distributed system were also presented.","Chinese"
"Lateef H.Y.; Imran A.; Imran M.A.; Giupponi L.; Dohler M.","Lateef, Hafiz Yasar (35302734500); Imran, Ali (35229524800); Imran, Muhammad Ali (58153251900); Giupponi, Lorenza (9733314000); Dohler, Mischa (12791370000)","35302734500; 35229524800; 58153251900; 9733314000; 12791370000","LTE-advanced self-organizing network conflicts and coordination algorithms","2015","10.1109/MWC.2015.7143333","https://www.scopus.com/inward/record.uri?eid=2-s2.0-84936948729&doi=10.1109%2fMWC.2015.7143333&partnerID=40&md5=5d05cb5851619fd9f9e929de82be08ae","College of Engineering, Qatar University, Qatar; University of Oklahoma, United States; Communication Networks Division, Mobile Networks Department, United States; Institute for Communication Systems (ICS, formerly known as CCSR), University of Surrey, United Kingdom; King's College London, Centre for Telecommunications Research, United Kingdom","Lateef H.Y., College of Engineering, Qatar University, Qatar; Imran A., University of Oklahoma, United States; Imran M.A., Communication Networks Division, Mobile Networks Department, United States; Giupponi L., Institute for Communication Systems (ICS, formerly known as CCSR), University of Surrey, United Kingdom; Dohler M., King's College London, Centre for Telecommunications Research, United Kingdom","Self-organizing network (SON) functions have been introduced in the LTE and LTEAdvanced standards by the Third Generation Partnership Project as an excellent solution that promises enormous improvements in network performance. However, the most challenging issue in implementing SON functions in reality is the identification of the best possible interactions among simultaneously operating and even conflicting SON functions in order to guarantee robust, stable, and desired network operation. In this direction, the first step is the comprehensive modeling of various types of conflicts among SON functions, not only to acquire a detailed view of the problem, but also to pave the way for designing appropriate Self-Coordination mechanisms among SON functions. In this article we present a comprehensive classification of SON function conflicts, which leads the way for designing suitable conflict resolution solutions among SON functions and implementing SON in reality. Identifying conflicting and interfering relations among autonomous network management functionalities is a tremendously complex task. We demonstrate how analysis of fundamental trade-offs among performance metrics can us to the identification of potential conflicts. Moreover, we present analytical models of these conflicts using reference signal received power plots in multi-cell environments, which help to dig into the complex relations among SON functions. We identify potential chain reactions among SON function conflicts that can affect the concurrent operation of multiple SON functions in reality. Finally, we propose a selfcoordination framework for conflict resolution among multiple SON functions in LTE/LTEAdvanced networks, while highlighting a number of future research challenges for conflict-free operation of SON. © 2015 IEEE.","English"
"Gharbaoui M.; Martini B.; Fung C.J.; Paolucci F.; Giorgetti A.; Castoldi P.","Gharbaoui, Molka (36165526800); Martini, Barbara (13806731600); Fung, Carol.J. (14037341800); Paolucci, Francesco (7004926285); Giorgetti, Alessio (9274246300); Castoldi, Piero (6604005772)","36165526800; 13806731600; 14037341800; 7004926285; 9274246300; 6604005772","An incentive-compatible and trust-aware multi-provider path computation element (PCE)","2016","10.1016/j.comnet.2016.07.013","https://www.scopus.com/inward/record.uri?eid=2-s2.0-84982659165&doi=10.1016%2fj.comnet.2016.07.013&partnerID=40&md5=4bf78e0f3cfbc2239d35d8ed75f5eb70","Scuola Superiore Sant'Anna, Pisa, Italy; CNIT, Pisa Research Unit, Pisa, Italy; Computer Science Department, Virginia Commonwealth University, Richmond, Virginia, United States","Gharbaoui M., Scuola Superiore Sant'Anna, Pisa, Italy; Martini B., CNIT, Pisa Research Unit, Pisa, Italy; Fung C.J., Computer Science Department, Virginia Commonwealth University, Richmond, Virginia, United States; Paolucci F., Scuola Superiore Sant'Anna, Pisa, Italy; Giorgetti A., Scuola Superiore Sant'Anna, Pisa, Italy; Castoldi P., Scuola Superiore Sant'Anna, Pisa, Italy","In multi-domain backbone networks, the Path Computation Element (PCE) architecture provides effective traffic engineering while limiting the exposure of intra-domain information. However, returned path computations may still reveal confidential intra-domain information, if artfully correlated by a malicious PCE. In such cases, the cooperation among PCEs should consider not only the capability of providing feasible paths but also the likelihood of security breaches (e.g., confidentiality risk exposure). In fact, a PCE might have the interest to block a request if it is arriving from a malicious or a competitor provider. In this scenario, the PCEs cooperation could benefit from a trust management model that accounts for the quality of the past interactions in terms of security violations while avoiding abuse of path computation services. This work introduces the concepts of Trust Ranking and Quality of Interaction in PCE-based multi-domain backbone networks and elaborates a Bayes trust model to regulate the cooperation among PCEs. Specifically, the proposed trust management model aims at creating a common interest for the PCEs in contributing to effective traffic engineering while avoiding misuse of path computation services. Accordingly, we further propose a trust-aware PCE architecture and an incentive-compatible decision model that stimulate the behaviors of PCEs towards an effective cooperation. Simulation results show that the proposed trust model provides effective incentive-compatible service differentiation to collaborating domains and is effective in detecting malicious PCE behaviors thereby tuning the amount of information returned in the path computation replies. © 2016 Elsevier B.V.","English"
"Dang X.-T.; Khan M.A.; Sivrikaya F.","Dang, Xuan-Thuy (57193492211); Khan, Manzoor Ahmed (35190505200); Sivrikaya, Fikret (6505985294)","57193492211; 35190505200; 6505985294","An Autonomous Service-Oriented Orchestration Framework for Software Defined Mobile Networks","2019","10.1109/ICIN.2019.8685919","https://www.scopus.com/inward/record.uri?eid=2-s2.0-85064993463&doi=10.1109%2fICIN.2019.8685919&partnerID=40&md5=7607dbd9dd95969115c4ecb7e78c2d13","DAI-Labor, Technische Universitaet, Berlin, Germany; GT-ARC GGmbH, Berlin, Germany","Dang X.-T., DAI-Labor, Technische Universitaet, Berlin, Germany; Khan M.A., DAI-Labor, Technische Universitaet, Berlin, Germany; Sivrikaya F., GT-ARC GGmbH, Berlin, Germany","5G network evolution results in new challenges for mobile network management and orchestration. The emerging SDN and NFV technologies are transforming the network infrastructure and network service components into compositions of programmable virtualized functions. The resulting flexibility allows the network to be conceived as services, which are aware of vertical application QoS/QoE requirements. While most recent works focus on flexible network control and improved resource utilization in emerging mobile network architectures, an end-to-end orchestration of both network infrastructure and vertical application is not adequately explored. In this work, we identify the challenges and propose a service oriented framework for application-aware end-to-end mobile network orchestration. We also present a prototypical realization of the proposed framework, which is an orchestration platform for virtualized mobile networks. To address the challenges of multi-stakeholder and multi-layer mobile network architecture, we employ event calculus for modeling the network layers, and abductive reasoning approach for autonomous policy translation and service provisioning in a 2-phase algorithm. The framework is validated with a 5G enhanced mobility management application as a service on our software defined mobile network testbed. Initial performance measurements are analyzed for practical insights into the proposed framework, as well as suggestions for its future development. © 2019 IEEE.","English"
"Jamkhedkar P.; Shaikh A.; Johnson T.; Shankaranarayanan N.K.; Kanza Y.; Shkapenyuk V.","Jamkhedkar, Pramod (8345146900); Shaikh, Aman (57215059165); Johnson, Theodore (55462704200); Shankaranarayanan, N.K. (6603793313); Kanza, Yaron (12759522100); Shkapenyuk, Vladislav (56634739500)","8345146900; 57215059165; 55462704200; 6603793313; 12759522100; 56634739500","A graph database for a virtualized network infrastructure","2018","10.1145/3183713.3190653","https://www.scopus.com/inward/record.uri?eid=2-s2.0-85048825135&doi=10.1145%2f3183713.3190653&partnerID=40&md5=6996d088fc6e008405a7fcdbf5b1c7a0","AT and T Labs-Research, United States","Jamkhedkar P., AT and T Labs-Research, United States; Shaikh A., AT and T Labs-Research, United States; Johnson T., AT and T Labs-Research, United States; Shankaranarayanan N.K., AT and T Labs-Research, United States; Kanza Y., AT and T Labs-Research, United States; Shkapenyuk V., AT and T Labs-Research, United States","Modern communication networks are large, dynamic, complex, and increasingly use virtualized network infrastructure. To deploy, maintain, and troubleshoot such networks, it is essential to understand how network elements-such as servers, switches, virtual machines, and virtual network functions-are connected to one another, and to be able to discover communication paths between them. For network maintenance applications such as troubleshooting and service quality management, it is also essential to understand how connections change over time, and be able to pose time-travel queries to retrieve information about past network states. With the industry-wide move to Software Defined Networks and Virtualized Network Functions (VNFs) [26][24], maintaining these inventory and topology databases becomes a critical issue. In this paper, we explore the database requirements for the management and troubleshooting of network services using VNF and SDN technologies. This work was initiated in the context of Open source ECOMP, which has been now merged into ONAP [24], the new industry-standard for managing network automation. We develop a graph-based layered network model with layers representing increasing levels of specificity, from VNFs to physical hardware. We then describe the kinds of queries required for activities such as operations management and troubleshooting. These considerations have led us to develop Nepal, a model-driven graph database system to represent and reason over network service topology and data flows within the network. Nepal has several features making it particularly applicable for querying inventory: Nepal has a strongly-typed but flexible schema to support model-driven networking; it makes graph paths a firstclass object in its query system; it has sophisticated support for in-the-past queries; and it works as a layer over one or more underlying databases. We demonstrate the capabilities of Nepal by examples, discuss its model-driven query capabilities, and implementation details on Gremlin and Postgres. We illustrate how path queries can simplify. © 2018 Association for Computing Machinery.","English"
"Venkataram P.","Venkataram, P. (6701544231)","6701544231","Elements of computational intelligence for network management","2000","","https://www.scopus.com/inward/record.uri?eid=2-s2.0-85056963552&partnerID=40&md5=90b9bc0e5a9326bd35124558ba2aefd0","Indian Institute of Science, Bangalore, India","Venkataram P., Indian Institute of Science, Bangalore, India","Communication networks are becoming exceedingly difficult to control because of increased traffic volatility, coupled with demands for higher efficiency, resilience, and economy. Management of such a network requires real-time information on the status of the network, exchanges, routes, common channel signalling system, traffic, etc., in order to provide an effective, efficient, high quality service, and efficient utilization of network resources. Conventional automation techniques for the management offer only a partial solution, since they do not address the full diagnosis/planning process of humans which is required for efficient management. Network management problems are fertile fields for Computational Intelligence (CI) technology because of their complexity, reliance on experience, and the highly procedural approach used by human experts in their solution. This chapter briefly discusses the network management and its complexity along with categories of network management being done presently. Later, it addresses some of the elements of CI used to solve the network management problem. The CI-assisted network management techniques described here combine the use of intelligent technologies like expert systems, knowledge-based systems, distributed AI, reasoning systems, neural networks, the machine learning capability, etc. © 2001 by CRC Press LLC.","English"
"Nguyen T.; Mai H.-L.; Cogranne R.; Doyen G.; Mallouli W.; Nguyen L.; El Aoun M.; De Oca E.M.; Festor O.","Nguyen, Tan (57208521832); Mai, Hoang-Long (57190031796); Cogranne, Rémi (49360917300); Doyen, Guillaume (22333354500); Mallouli, Wissam (14037829000); Nguyen, Luong (57201112279); El Aoun, Moustapha (35078299900); De Oca, Edgardo Montes (34976546300); Festor, Olivier (6602338821)","57208521832; 57190031796; 49360917300; 22333354500; 14037829000; 57201112279; 35078299900; 34976546300; 6602338821","Reliable Detection of Interest Flooding Attack in Real Deployment of Named Data Networking","2019","10.1109/TIFS.2019.2899247","https://www.scopus.com/inward/record.uri?eid=2-s2.0-85067111122&doi=10.1109%2fTIFS.2019.2899247&partnerID=40&md5=b092c82eb6f70dc2d35ea0f22320fc02","Transdisciplinary Cyber-Security Team, ICD, FRE 2018 CNRS, Troyes University of Technology, Troyes, 10004, France; Montimage Research Labs, Paris, 75013, France; Laboratory of System Modeling and Dependability, Troyes University of Technology, Troyes, 10004, France; Autonomous Network Environment Team, Troyes University of Technology, Troyes, 10004, France; École Supérieure Polytechnique de Nouakchott, Nouakchott, Mauritania; TELECOM Nancy, University of Lorraine, Villers-lès-Nancy, 54600, France","Nguyen T., Transdisciplinary Cyber-Security Team, ICD, FRE 2018 CNRS, Troyes University of Technology, Troyes, 10004, France; Mai H.-L., Montimage Research Labs, Paris, 75013, France; Cogranne R., Transdisciplinary Cyber-Security Team, ICD, FRE 2018 CNRS, Troyes University of Technology, Troyes, 10004, France, Laboratory of System Modeling and Dependability, Troyes University of Technology, Troyes, 10004, France; Doyen G., Transdisciplinary Cyber-Security Team, ICD, FRE 2018 CNRS, Troyes University of Technology, Troyes, 10004, France, Autonomous Network Environment Team, Troyes University of Technology, Troyes, 10004, France; Mallouli W., Montimage Research Labs, Paris, 75013, France; Nguyen L., Montimage Research Labs, Paris, 75013, France; El Aoun M., Transdisciplinary Cyber-Security Team, ICD, FRE 2018 CNRS, Troyes University of Technology, Troyes, 10004, France, Laboratory of System Modeling and Dependability, Troyes University of Technology, Troyes, 10004, France, École Supérieure Polytechnique de Nouakchott, Nouakchott, Mauritania; De Oca E.M., Montimage Research Labs, Paris, 75013, France; Festor O., TELECOM Nancy, University of Lorraine, Villers-lès-Nancy, 54600, France","Named data networking (NDN) is a disruptive yet promising architecture for the future Internet, in which the content diffusion mechanisms are shifted from the conventional host-centric to content-centric ones so that the data delivery can be significantly improved. After a decade of research and development, NDN and the related NDN forwarding daemon implementations are now mature enough to enable stakeholders, such as telcos, to consider them for a real deployment. Consequently, NDN and IP will likely cohabit, and the future Internet may be formed of isolated administrative domains, each deploying one of these two network paradigms. The security question of the resulting architecture naturally arises. In this paper, we consider the case of denial of service. Even though the interest flooding attack (IFA) has been largely studied and mitigated through NACK packets in pure NDN networks, we demonstrate in this paper through experimental assessments that there are still some ways to mount such an attack, and especially in the context of coupling NDN with IP, which can hardly be addressed by current solutions. Subsequently, we leverage the hypothesis testing theory to develop a generalized likelihood ratio test adapted to evolve IFA attacks. Simulations show the relevance of the proposed model for guaranteeing the prescribed probability of false alarm and highlight the trade-off between detection power and delay. Finally, we consider a real deployment scenario where NDN is coupled with IP to carry HTTP traffic. We show that the model of IFA attacks is not very accurate in practice and further develops a sequential detector to keep a high detection accuracy. By considering data from the testbed, we show the efficiency of the overall detection method. © 2019 IEEE.","English"
"Ogino N.; Kitahara T.","Ogino, Nagao (7101949566); Kitahara, Takeshi (59117661800)","7101949566; 59117661800","Distance-Based Virtual Network Embedding to Achieve Resilient Cooperative IoT Services","2019","10.1109/DRCN.2019.8713698","https://www.scopus.com/inward/record.uri?eid=2-s2.0-85066746139&doi=10.1109%2fDRCN.2019.8713698&partnerID=40&md5=7ce5a91cb7a0748d2d15566825b6107c","KDDI Research Inc., 2-1-15 Ohara, Fujimino-shi, Saitama, 356-8502, Japan","Ogino N., KDDI Research Inc., 2-1-15 Ohara, Fujimino-shi, Saitama, 356-8502, Japan; Kitahara T., KDDI Research Inc., 2-1-15 Ohara, Fujimino-shi, Saitama, 356-8502, Japan","Various IoT (Internet of Things) services are provided on multiple virtual networks embedded into a common substrate network. Each IoT service provider may wish to cooperate with other IoT service providers and request cooperative VNE (Virtual Network Embedding) to the substrate network operator. The substrate network operator provides multiple protected shared substrate nodes to assist the service providers to achieve resilient cooperative IoT services. In cooperative VNE, multiple cooperating virtual nodes specified by the service providers must be mapped to the shared substrate nodes. This paper formulates the cooperative VNE problem and proposes a distance-based VNE method to solve the problem efficiently. The proposed VNE method can perform virtual node mapping precisely on the basis of the mapping results of multiple cooperating virtual nodes to the shared substrate nodes. The proposed method can balance the utilization of substrate resources by exploiting the modified distances on the virtual network and substrate network. Simulation results reveal that the proposed method can reduce the total amount of substrate resources required for cooperative VNE in cases of unrestricted substrate resources and achieve a high success rate for cooperative VNE under the condition where substrate resources are restricted. © 2019 IEEE.","English"
"Burgess M.","Burgess, Mark (7201646552)","7201646552","An approach to understanding policy based on autonomy and voluntary cooperation","2005","10.1007/11568285_9","https://www.scopus.com/inward/record.uri?eid=2-s2.0-33646735764&doi=10.1007%2f11568285_9&partnerID=40&md5=495fb32c9a40deaa2ad028260b5bde05","Oslo University College, Norway","Burgess M., Oslo University College, Norway","Presently, there is no satisfactory model for dealing with political autonomy of agents in policy based management. A theory of atomic policy units called 'promises' is therefore discussed. Using promises, a global authority is not required to build conventional management abstractions, but, work is needed to bind peers into a traditional authoritative structure. The construction of promises is precise, if tedious, but can be simplified graphically to reason about the distributed effect of autonomous policy. Immediate applications include resolving the problem of policy conflicts in autonomous networks. © IFIP International Federation for Information Processing 2005.","English"
"Chirivella-Perez E.; Calero J.M.A.; Wang Q.; Gutiérrez-Aguado J.","Chirivella-Perez, Enrique (57113677300); Calero, Jose M. Alcaraz (25721805600); Wang, Qi (57091061800); Gutiérrez-Aguado, Juan (56491384400)","57113677300; 25721805600; 57091061800; 56491384400","Orchestration Architecture for Automatic Deployment of 5G Services from Bare Metal in Mobile Edge Computing Infrastructure","2018","10.1155/2018/5786936","https://www.scopus.com/inward/record.uri?eid=2-s2.0-85058296206&doi=10.1155%2f2018%2f5786936&partnerID=40&md5=c8cf0db97c3590aa71cf9488c5001adf","School of Engineering and Computing, University of Scotland, United Kingdom; Departament d'Informàtica, Universitat de València, Spain","Chirivella-Perez E., School of Engineering and Computing, University of Scotland, United Kingdom; Calero J.M.A., School of Engineering and Computing, University of Scotland, United Kingdom; Wang Q., School of Engineering and Computing, University of Scotland, United Kingdom; Gutiérrez-Aguado J., Departament d'Informàtica, Universitat de València, Spain","The progress in realizing the Fifth Generation (5G) mobile networks has been accelerated recently towards deploying 5G prototypes with increasing scale. One of the Key Performance Indicators (KPIs) in 5G deployments is the service deployment time, which should be substantially reduced from the current 90 hours to the target 90 minutes on average as defined by the 5G Public-Private Partnership (5G-PPP). To achieve this challenging KPI, highly automated and coordinated operations are required for the 5G network management. This paper addresses this challenge by designing and prototyping a novel 5G service deployment orchestration architecture that is capable of automating and coordinating a series of complicated operations across physical infrastructure, virtual infrastructure, and service layers over a distributed mobile edge computing paradigm, in an integrated manner. Empirical results demonstrate the superior performance achieved, which meets the 5G-PPP KPI even in the most challenging scenario where 5G services are installed from bare metal. © 2018 Enrique Chirivella-Perez et al.","English"
"Fung C.J.; Zhang J.; Aib I.; Boutaba R.","Fung, Carol J. (14037341800); Zhang, Jie (56346558700); Aib, Issam (16244207600); Boutaba, Raouf (7004345240)","14037341800; 56346558700; 16244207600; 7004345240","Robust and scalable trust management for collaborative intrusion detection","2009","10.1109/INM.2009.5188784","https://www.scopus.com/inward/record.uri?eid=2-s2.0-70449403415&doi=10.1109%2fINM.2009.5188784&partnerID=40&md5=49ff4154043e81e6402561c900745ca6","David R. Cheriton School of Computer Science, University of Waterloo, Waterloo, ON, Canada","Fung C.J., David R. Cheriton School of Computer Science, University of Waterloo, Waterloo, ON, Canada; Zhang J., David R. Cheriton School of Computer Science, University of Waterloo, Waterloo, ON, Canada; Aib I., David R. Cheriton School of Computer Science, University of Waterloo, Waterloo, ON, Canada; Boutaba R., David R. Cheriton School of Computer Science, University of Waterloo, Waterloo, ON, Canada","The accuracy of detecting intrusions within an Intrusion Detection Network (IDN) depends on the efficiency of collaboration between the peer Intrusion Detection Systems (IDSes) as well as the security itself of the IDN against insider threats. In this paper, we study host-based IDNs and introduce a Dirichlet-based model to measure the level of trustworthiness among peer IDSes according to their mutual experience. The model has strong scalability properties and is robust against common insider threats, such as a compromised or malfunctioning peer. We evaluate our system based on a simulated collaborative host-based IDS network. The experimental results demonstrate the improved robustness, efficiency, and scalability of our system in detecting intrusions in comparison with existing models. © 2009 IEEE.","English"
"Johnsson A.; Meirosu C.; Flinta C.","Johnsson, Andreas (8291681900); Meirosu, Catalin (56028258600); Flinta, Christofer (56267053800)","8291681900; 56028258600; 56267053800","Online network performance degradation localization using probabilistic inference and change detection","2014","10.1109/NOMS.2014.6838255","https://www.scopus.com/inward/record.uri?eid=2-s2.0-84904170766&doi=10.1109%2fNOMS.2014.6838255&partnerID=40&md5=fbd3265fce911be2e185e1a44793517f","Research Area Packet Technologies, Ericsson Research, Kista, Sweden","Johnsson A., Research Area Packet Technologies, Ericsson Research, Kista, Sweden; Meirosu C., Research Area Packet Technologies, Ericsson Research, Kista, Sweden; Flinta C., Research Area Packet Technologies, Ericsson Research, Kista, Sweden","Detecting and localizing performance degradations is a difficult problem that increases in importance as telecom network transition to all-packet equipment. Operators require solutions that are accurate in localization and do not impose large additional costs in terms of hardware deployment or manual labor for operations. Existing commercial solutions are generally difficult to operate, while many academic proposals typically require significant computational resources and are difficult to adapt to production networks. This paper describes a novel network fault localization algorithm based on active network measurements, probabilistic inference and change detection. The algorithm is computationally efficient for networks with thousands of nodes and requires few configuration parameters. Results obtained in a simulated environment on tree topologies show that the solution provides fast and accurate localization of performance degradations. © 2014 IEEE.","English"
"Kuntze N.; Larbig P.; Rudolph C.","Kuntze, Nicolai (14054371600); Larbig, Pedro (37097326700); Rudolph, Carsten (36696969600)","14054371600; 37097326700; 36696969600","Demo: Zero touch configuration","2013","","https://www.scopus.com/inward/record.uri?eid=2-s2.0-84883466740&partnerID=40&md5=16051bab6e1bde9f76235c3de3cdfa7e","Fraunhofer Institute for Secure Information Technology-SIT, Darmstadt, Germany","Kuntze N., Fraunhofer Institute for Secure Information Technology-SIT, Darmstadt, Germany; Larbig P., Fraunhofer Institute for Secure Information Technology-SIT, Darmstadt, Germany; Rudolph C., Fraunhofer Institute for Secure Information Technology-SIT, Darmstadt, Germany","The deployment of devices at remote or distributed locations is a typical scenario e.g. in large enterprise networks or industrial applications. In the deployment of a device identification of the device and the establishment of security relations (trust) between the device and other elements of the infrastructure is crucial. Usually, the process requires either to pre-configure the device or to let administrators physically access the device for configuration. Both options induce costs. For functional configurations and software distribution zero configuration solutions are available. One important step hereby is the establishment of trust into the individual device by the device owner. This trust establishment requires in typical schemes a large organizational involvement of the device owner resp. operator. The approach presented in this demo addresses the step of initial trust establishment. The demonstration shows the process of a device being securely configured and provides a visualization through a meta-data graph generated from an IF-MAP server. © 2013 IFIP.","English"
"Gandotra R.; Perigo L.","Gandotra, Rahil (57207456967); Perigo, Levi (57207456285)","57207456967; 57207456285","SDNMA: A Software-Defined, Dynamic Network Manipulation Application to Enhance BGP Functionality","2019","10.1109/HPCC/SmartCity/DSS.2018.00167","https://www.scopus.com/inward/record.uri?eid=2-s2.0-85062484707&doi=10.1109%2fHPCC%2fSmartCity%2fDSS.2018.00167&partnerID=40&md5=97a0df785ff899486df98a48b4cb2d71","Interdisciplinary Telecom Program, University of Colorado Boulder, Boulder, United States","Gandotra R., Interdisciplinary Telecom Program, University of Colorado Boulder, Boulder, United States; Perigo L., Interdisciplinary Telecom Program, University of Colorado Boulder, Boulder, United States","Software-defined networking (SDN) is reshaping the networking paradigm. The previous studies on SDN show that SDN implementations have advantages over traditional networks. Enhancing the existing SDN functionality to the global network level, this paper examines how utilizing the flexibility and programmability of SDN will benefit both inter-AS and intra-AS Border Gateway Protocol (BGP) functionality. This research proposes a software-defined dynamic network manipulation application (SDNMA) that provides dynamic, real-time, application-based network manipulation when peering with traditional eBGP peers. Our results show that the network-aware application can dynamically manipulate paths in SDN per BGP updates received from neighbors, converge the network if a traditional BGP peering connection is lost, limit the number of iBGP speakers inside the AS, and make application-based traffic engineering decisions based on real-time network information such as throughput, delay, and loss. © 2018 IEEE.","English"
"Rui L.; Lin L.; Fang C.; Jia L.; Zheng Y.X.","Rui, Luo (56120647200); Lin, Luo (56120453800); Fang, Cheng (55868383000); Jia, Liu (56120416900); Zheng, Yong Xing (56119698000)","56120647200; 56120453800; 55868383000; 56120416900; 56119698000","HF network integrated management technology based on IP","2014","10.4028/www.scientific.net/AMM.543-547.3036","https://www.scopus.com/inward/record.uri?eid=2-s2.0-84898917920&doi=10.4028%2fwww.scientific.net%2fAMM.543-547.3036&partnerID=40&md5=1e0e26a127ed71cc6da6a7b91e92f82c","Network Management Center, Chongqing Communication College, Chongqing 400035, China; The 2rd Department, Chongqing Communication College, Chongqing 400035, China; The Basic Department, Chongqing Communication College, Chongqing 400035, China","Rui L., Network Management Center, Chongqing Communication College, Chongqing 400035, China; Lin L., The Basic Department, Chongqing Communication College, Chongqing 400035, China; Fang C., Network Management Center, Chongqing Communication College, Chongqing 400035, China; Jia L., Network Management Center, Chongqing Communication College, Chongqing 400035, China; Zheng Y.X., The 2rd Department, Chongqing Communication College, Chongqing 400035, China","U.S. put forward the protocol standard of 3G generation HF communication, which emphasizes HF network automation degree and interconnection capacity between HF and other network to support a larger network application. HF in the form of access network and the integration of existing IP network should be able to get rid of the island model of traditional HF communication of point to point and self-managed,self-used. give full play to the HF over-the-horizon transmission and strong anti-damage ability of their own advantages and efficient multiple IP network data transmission service ability, provide a wider range of communication for cable users, provide efficient management for wireless subscribers.Compared with the traditional HF communication mode. HF network achieve efficient planning, management and control through the integrated network management system based on IP. Enhanced the network management and control ability as well as anti-damage and anti-disturbance ability. © (2014) Trans Tech Publications, Switzerland.","English"
"Parsaeefard S.; Tabrizian I.; Leon-Garcia A.","Parsaeefard, Saeedeh (18133928000); Tabrizian, Iman (57213518719); Leon-Garcia, Alberto (7005019883)","18133928000; 57213518719; 7005019883","Artificial Intelligence as a Service (AI-aaS) on Software-Defined Infrastructure","2019","10.1109/CSCN.2019.8931372","https://www.scopus.com/inward/record.uri?eid=2-s2.0-85077813800&doi=10.1109%2fCSCN.2019.8931372&partnerID=40&md5=4cd58d61c0fd2568ac1531d55c465e78","","","This paper investigates a paradigm for offering artificial intelligence as a service (AI-aaS) on software-defined infrastructures (SDIs). The increasing complexity of networking and computing infrastructures is already driving the introduction of automation in networking and cloud computing management systems. Here we consider how these automation mechanisms can be leveraged to offer AI-aaS. Use cases for AI-aaS are easily found in addressing smart applications in sectors such as transportation, manufacturing, energy, water, air quality, and emissions. We propose an architectural scheme based on SDIs where each AI-aaS application is comprised of a monitoring, analysis, policy, execution plus knowledge (MAPE-K) loop (MKL). Each application is composed as one or more specific service chains embedded in SDI, some of which will include a Machine Learning (ML) pipeline. Our model includes a new training plane and an AI-aaS plane to deal with the model-development and operational phases of AI applications. We also consider the role of an ML/MKL sandbox in ensuring coherency and consistency in the operation of multiple parallel MKL loops. © 2019 IEEE.","English"
"Nguengang G.; Hugues L.; Gaiti D.","Nguengang, Gérard (15043041800); Hugues, Louis (14024487600); Gaiti, Dominique (6603849325)","15043041800; 14024487600; 6603849325","A multi agent system approach for self resource regulation in IP networks","2006","10.1007/11880905_6","https://www.scopus.com/inward/record.uri?eid=2-s2.0-33750249025&doi=10.1007%2f11880905_6&partnerID=40&md5=9899b58c21430241b347168fde31f530","R and D Ginkgo-Networks, 75015 Paris, 8 Rue du Capitaine Scott, France; Laboratoire d'Informatique de Paris 6, 75015 Paris, 8 Rue du Capitaine Scott, France; Charles Delaunay Institute, Environment of Autonomous Networks Team, University of Technology of Troyes, 10000 Troyes, 12 rue Marie Curie, France","Nguengang G., R and D Ginkgo-Networks, 75015 Paris, 8 Rue du Capitaine Scott, France, Laboratoire d'Informatique de Paris 6, 75015 Paris, 8 Rue du Capitaine Scott, France; Hugues L., R and D Ginkgo-Networks, 75015 Paris, 8 Rue du Capitaine Scott, France; Gaiti D., Charles Delaunay Institute, Environment of Autonomous Networks Team, University of Technology of Troyes, 10000 Troyes, 12 rue Marie Curie, France","As Internet is becoming the global infrastructure for all media communications, ensuring the reliability and the quality of network services is far from being a secondary task. Indeed, many business activities rely on the network and any performance degradation can result in serious financial losses. The main objective of Internet Service Providers is to maintain permanently an acceptable service delivery for their subscribers and respect scrupulously the Service Level Agreements. To achieve this goal, just committing bandwidth resources is not sufficient since network services are not safe from breakdowns. The dysfunction of some of its elements or persistent overloads generated by bursts traffics can induce serious deterioration of the network performance and impact the end users' applications. Continuous service monitoring is then required and an autonomous network resource regulation mechanism is necessary in such situation to avoid the degradation and the collapse of all the applications sharing the impacted resource. In this paper, we propose a decentralized approach for the monitoring and management of the network backbone shared resource by the mean of distributed autonomous agents. The agents are deployed at the edge routers and cooperate together in order to maintain a global acceptable level of service in critical situations where the current quality of service is less than the expected one. This allows self adaptive service and resource management with an interesting abstraction from network backbone heterogeneity and complexity. © IFIP International Federation for Information Processing 2006.","English"
"Etengu R.; Tan S.C.; Kwang L.C.; Abbou F.M.; Chuah T.C.","Etengu, Richard (37661275000); Tan, Saw Chin (35216514200); Kwang, Lee Ching (57189464341); Abbou, Fouad Mohammed (6506612228); Chuah, Teong Chee (6701845616)","37661275000; 35216514200; 57189464341; 6506612228; 6701845616","AI-assisted framework for green-routing and load balancing in hybrid software-defined networking: Proposal, challenges and future perspective","2020","10.1109/ACCESS.2020.3022291","https://www.scopus.com/inward/record.uri?eid=2-s2.0-85099304201&doi=10.1109%2fACCESS.2020.3022291&partnerID=40&md5=75ab202c2bb153e04ace0661092e11ea","Faculty of Computing and Informatics, Multimedia University, Cyberjaya, 63100, Malaysia; Faculty of Engineering, Multimedia University, Cyberjaya, 63100, Malaysia; School of Science and Engineering, Al Akhawayn University, Ifrane, 53000, Morocco","Etengu R., Faculty of Computing and Informatics, Multimedia University, Cyberjaya, 63100, Malaysia; Tan S.C., Faculty of Computing and Informatics, Multimedia University, Cyberjaya, 63100, Malaysia; Kwang L.C., Faculty of Engineering, Multimedia University, Cyberjaya, 63100, Malaysia; Abbou F.M., School of Science and Engineering, Al Akhawayn University, Ifrane, 53000, Morocco; Chuah T.C., Faculty of Engineering, Multimedia University, Cyberjaya, 63100, Malaysia","The explosive growth of IP networks, the advent of cloud computing, and the rapid progress in wireless communications witnessed today refiect significant progress towards meeting the explosive data traffic demands. Consequently, communications service providers should deploy efficient and intelligent network solutions to accommodate the huge traffic demands and to ease the capacity pressure on their network infrastructure. Besides, vendors should develop novel energy-efficient networks to reduce network utility costs and carbon footprint. Software-defined networking (SDN) provides a suitable solution, however, complete SDN deployment is currently unachievable in the short-term. An alternative is the hybrid SDN/ open shortest path forwarding (OSPF) network, which allows the deployment of SDN in legacy networks. Nevertheless, hybrid SDN/OSPF also faces several technical, economic and organizational challenges. Although many energy-efficiency routing solutions exist in hybrid SDN/OSPF networks, they are generic and reactive by design. Moreover, these solutions are characterized by manual control plane forwarding configurations, leading to sub-optimal performance. The recent promising combination of SDN and artificial intelligence (AI) techniques such as machine learning (ML) and deep learning (DL) in traffic management and control provides tremendous opportunities. In this paper, we first provide a review of the most recent optimization approaches for global energy-efficient routing and load balancing. Next, we investigate a scalable and intelligent integrated architectural framework that leverages deep reinforcement learning (DRL) techniques to realize predictive and rate adaptive energy-efficient routing with guaranteed quality of service (QoS), in transitional hybrid SDN/OSPF networks. Based on the need to minimize global network energy consumption and improve link performance, this paper provides key research insights into the current progress in hybrid SDN/OSPF, ML and AI in the hope of stimulating more research. © 2020 Institute of Electrical and Electronics Engineers Inc.. All rights reserved.","English"
"Yousefpour A.; Fung C.; Nguyen T.; Kadiyala K.; Jalali F.; Niakanlahiji A.; Kong J.; Jue J.P.","Yousefpour, Ashkan (57191089225); Fung, Caleb (57206472227); Nguyen, Tam (57209166876); Kadiyala, Krishna (57201064156); Jalali, Fatemeh (37023133900); Niakanlahiji, Amirreza (57192156527); Kong, Jian (57191053178); Jue, Jason P. (7006764727)","57191089225; 57206472227; 57209166876; 57201064156; 37023133900; 57192156527; 57191053178; 7006764727","All one needs to know about fog computing and related edge computing paradigms: A complete survey","2019","10.1016/j.sysarc.2019.02.009","https://www.scopus.com/inward/record.uri?eid=2-s2.0-85061747900&doi=10.1016%2fj.sysarc.2019.02.009&partnerID=40&md5=a062ecefb2a35802d442ee46b25372ed","University of California Berkeley, Berkeley, United States; University of Texas at Dallas, Richardson, United States; Georgia Institute of Technology, Atlanta, United States; IBM Research, Melbourne, Australia; University of North Carolina at Charlotte, Charlotte, United States","Yousefpour A., University of California Berkeley, Berkeley, United States; Fung C., University of Texas at Dallas, Richardson, United States; Nguyen T., Georgia Institute of Technology, Atlanta, United States; Kadiyala K., University of Texas at Dallas, Richardson, United States; Jalali F., IBM Research, Melbourne, Australia; Niakanlahiji A., University of North Carolina at Charlotte, Charlotte, United States; Kong J., University of Texas at Dallas, Richardson, United States; Jue J.P., University of Texas at Dallas, Richardson, United States","With the Internet of Things (IoT) becoming part of our daily life and our environment, we expect rapid growth in the number of connected devices. IoT is expected to connect billions of devices and humans to bring promising advantages for us. With this growth, fog computing, along with its related edge computing paradigms, such as multi-access edge computing (MEC) and cloudlet, are seen as promising solutions for handling the large volume of security-critical and time-sensitive data that is being produced by the IoT. In this paper, we first provide a tutorial on fog computing and its related computing paradigms, including their similarities and differences. Next, we provide a taxonomy of research topics in fog computing, and through a comprehensive survey, we summarize and categorize the efforts on fog computing and its related computing paradigms. Finally, we provide challenges and future directions for research in fog computing. © 2019 The Authors","English"
"Gao Q.; Zang L.; Ma P.","Gao, Qiang (56435144500); Zang, Liwei (56388379300); Ma, Ping (56388205500)","56435144500; 56388379300; 56388205500","Research on broadband communication through phase conductor and shielding layer of urban medium-voltage buried cables","2014","10.13335/j.1000-3673.pst.2014.10.034","https://www.scopus.com/inward/record.uri?eid=2-s2.0-84908072399&doi=10.13335%2fj.1000-3673.pst.2014.10.034&partnerID=40&md5=b59ae119e9e910d34bc3505f2fcc4bf9","School of Electrical and Electronic Engineering, North China Electric Power University, Baoding , 071000, Hebei Province, China; Shaoxing Power Supply Company, Shaoxing , 312000, Zhejiang Province, China","Gao Q., School of Electrical and Electronic Engineering, North China Electric Power University, Baoding , 071000, Hebei Province, China; Zang L., School of Electrical and Electronic Engineering, North China Electric Power University, Baoding , 071000, Hebei Province, China; Ma P., Shaoxing Power Supply Company, Shaoxing , 312000, Zhejiang Province, China","The transmission characteristics and communication effect of phase conductor and shielding layer of urban medium-voltage buried cables, which would be used as the broadband communication channel, are researched. The amplitude-frequency characteristic and the phase-frequency characteristic of such a communication channel are measured and analyzed; based on transmission line theory, a transmission model of the channels composed of urban medium-voltage buried cables is established and the transmission characteristic of the built model is compared with the measured characteristic to validate the accuracy of the built model. Based on the built model and according to IEEE P1901 standard, the orthogonal frequency division multiplexing (OFDM) communication system using the proposed power cable channel is simulated, and the simulation results show that the bit error rate of the buried cable with length of 1km is lower than 10-7, besides, the actual transmission bandwidth (rate) is measured and the measured results show that the actual transmission rate via the buried cable with length of 300 m reaches about 70 Mbit/s. Both simulation research and actual measurement show that the buried cables can meet the communication requirement of distribution network automation, thus in allusion to the situation that the paths are not suitable to lay the optical fiber cable the buried power cables can be used for broadband communication, and it contributes to compose a full-coverage communication network.","Chinese"
"Lin Y.-D.; Gerla M.","Lin, Ying-Dar (7406584610); Gerla, Mario (35552197100)","7406584610; 35552197100","Induction and Deduction for Autonomous Networks","1993","10.1109/49.257933","https://www.scopus.com/inward/record.uri?eid=2-s2.0-0027807059&doi=10.1109%2f49.257933&partnerID=40&md5=b3496a3ee7d5292f57831a1164c028d4","Department of Computer and Information Science, National Chiao-Tung University, Taiwan., Taiwan; Department of Computer Science, University of California, Los Angeles., CA, 90024, United States","Lin Y.-D., Department of Computer and Information Science, National Chiao-Tung University, Taiwan., Taiwan; Gerla M., Department of Computer Science, University of California, Los Angeles., CA, 90024, United States","The kev issues in network management are the representation and sharing of management information and the automatic management mechanisms based on the underlying information infrastructure. In this paper, we propose a framework, which operates on the standard MIB’s and CMIP, for the network management system with learning and inference as its management engines. In addition to the general domain knowledge, patterns related to the managed network are learned to enhance the understanding of the network and refine the knowledge base. Facts in object-oriented databases or queries from management applications trigger the inference process on logical rules which are either prespecified knowledge or learned network patterns. Forward inference drives prediction and control, while backward inference directs diagnosis and supports view abstraction. A case study on ATM network topology tuning is presented. © 1993 IEEE","English"
"Miyazawa T.; Kafle V.P.; Harai H.","Miyazawa, Takaya (8525527100); Kafle, Ved P. (8931469800); Harai, Hiroaki (7003808025)","8525527100; 8931469800; 7003808025","Reinforcement learning based dynamic resource migration for virtual networks","2017","10.23919/INM.2017.7987308","https://www.scopus.com/inward/record.uri?eid=2-s2.0-85029415850&doi=10.23919%2fINM.2017.7987308&partnerID=40&md5=7abceada06b9a6f99504b10fa7e2112c","National Institute of Information and Communications Technology (NICT), 4-2-1 Nukui-Kitamachi, Koganei-shi, Tokyo, 184-8795, Japan","Miyazawa T., National Institute of Information and Communications Technology (NICT), 4-2-1 Nukui-Kitamachi, Koganei-shi, Tokyo, 184-8795, Japan; Kafle V.P., National Institute of Information and Communications Technology (NICT), 4-2-1 Nukui-Kitamachi, Koganei-shi, Tokyo, 184-8795, Japan; Harai H., National Institute of Information and Communications Technology (NICT), 4-2-1 Nukui-Kitamachi, Koganei-shi, Tokyo, 184-8795, Japan","Network virtualization techniques enable network operators to implement and provide multiple virtual networks (VNs) on a common substrate network infrastructure. The network resources should be able to be dynamically reallocated among VNs or migrated from a place to another one in various situations, such as to construct a new urgent VN in case of occurrence of some urgent contingency, or to satisfy quality of service (QoS) requirements of non-urgent VNs in case of time-varying network traffic conditions as much as possible. In this paper, we propose methods to automatically and dynamically select and migrate resources of non-urgent VNs. In particular, our proposal applies reinforcement learning for the selection of resources from alternate places to satisfy the QoS requirements. We evaluate the performances in terms of the satisfaction level of QoS requirement with various frequency of network traffic variation in a given duration and learning parameter configurations. Simulation results show that the proposed dynamic resource migration method can increase the number of times that non-urgent VNs' QoS requirements are satisfied in comparison with a static resource assignment method. Moreover, we show that, depending on traffic variation and parameter configuration, applying reinforcement learning can increase the number of times the QoS requirement is satisfied compared to the dynamic method with completely random resource selection. © 2017 IFIP.","English"
"Kourtis M.-A.; McGrath M.J.; Gardikis G.; Xilouris G.; Riccobene V.; Papadimitriou P.; Trouva E.; Liberati F.; Trubian M.; Batallé J.; Koumaras H.; Dietrich D.; Ramos A.; Riera J.F.; Bonnet J.; Pietrabissa A.; Ceselli A.; Petrini A.","Kourtis, Michail-Alexandros (55248278600); McGrath, Michael J. (24776464500); Gardikis, Georgios (14321618100); Xilouris, Georgios (14322527100); Riccobene, Vincenzo (55557239100); Papadimitriou, Panagiotis (13411139900); Trouva, Eleni (42762187000); Liberati, Francesco (59232525100); Trubian, Marco (6602948824); Batallé, Josep (56007525300); Koumaras, Harilaos (17434625400); Dietrich, David (55521178300); Ramos, Aurora (25926656400); Riera, Jordi Ferrer (27267986700); Bonnet, José (57188802801); Pietrabissa, Antonio (7006959510); Ceselli, Alberto (55944146300); Petrini, Alessandro (57190442939)","55248278600; 24776464500; 14321618100; 14322527100; 55557239100; 13411139900; 42762187000; 59232525100; 6602948824; 56007525300; 17434625400; 55521178300; 25926656400; 27267986700; 57188802801; 7006959510; 55944146300; 57190442939","T-NOVA: An open-source MANO stack for NFV infrastructures","2017","10.1109/TNSM.2017.2733620","https://www.scopus.com/inward/record.uri?eid=2-s2.0-85029164201&doi=10.1109%2fTNSM.2017.2733620&partnerID=40&md5=f8530c3ce365576fbd5cace8fc3032da","National Centre for Scientific Research-Demokritos, Athens, 153 10, Greece; Universidad Del Pais Vasco, Lejoa, 48940, Spain; Intel Labs Europe, Leixlip, Ireland; Space Hellas S.A., Athens, 153 41, Greece; Leibniz University Hannover, Hanover, 30167, Germany; University of Macedonia, Thessaloniki, 546 36, Greece; University of Rome la Sapienza, Rome, 00185, Italy; Space Research Group of the Consortium for the Research in Automation and Telecommunication, Roma, 00185, Italy; Universita degli Studi di Milano, Milan, 20122, Italy; FundaciÃş i2CAT, Barcelona, 08034, Spain; Institut FÃijr Kommunikationstechnik, Hannover, 30167, Germany; Atos Spain SA, Madrid, 28037, Spain; PT Inovacao e Sistemas SA, Aveiro, 3810, Portugal","Kourtis M.-A., National Centre for Scientific Research-Demokritos, Athens, 153 10, Greece, Universidad Del Pais Vasco, Lejoa, 48940, Spain; McGrath M.J., Intel Labs Europe, Leixlip, Ireland; Gardikis G., Space Hellas S.A., Athens, 153 41, Greece; Xilouris G., National Centre for Scientific Research-Demokritos, Athens, 153 10, Greece; Riccobene V., Intel Labs Europe, Leixlip, Ireland; Papadimitriou P., Leibniz University Hannover, Hanover, 30167, Germany, University of Macedonia, Thessaloniki, 546 36, Greece; Trouva E., National Centre for Scientific Research-Demokritos, Athens, 153 10, Greece; Liberati F., University of Rome la Sapienza, Rome, 00185, Italy, Space Research Group of the Consortium for the Research in Automation and Telecommunication, Roma, 00185, Italy; Trubian M., Universita degli Studi di Milano, Milan, 20122, Italy; Batallé J., FundaciÃş i2CAT, Barcelona, 08034, Spain; Koumaras H., National Centre for Scientific Research-Demokritos, Athens, 153 10, Greece; Dietrich D., Institut FÃijr Kommunikationstechnik, Hannover, 30167, Germany; Ramos A., Atos Spain SA, Madrid, 28037, Spain; Riera J.F., FundaciÃş i2CAT, Barcelona, 08034, Spain; Bonnet J., PT Inovacao e Sistemas SA, Aveiro, 3810, Portugal; Pietrabissa A., University of Rome la Sapienza, Rome, 00185, Italy, Space Research Group of the Consortium for the Research in Automation and Telecommunication, Roma, 00185, Italy; Ceselli A., Universita degli Studi di Milano, Milan, 20122, Italy; Petrini A., Universita degli Studi di Milano, Milan, 20122, Italy","One of the primary challenges associated with network functions virtualization (NFV) is the automated management of the service lifecycle. In this paper, we present a full software-based management and orchestration (MANO) stack which operates with OpenStack and OpenDaylight controllers and has the in-built functionality to automate the key phases of the NFV service lifecycle, namely resource discovery and matching, service mapping, service deployment, and monitoring. The MANO stack is being implemented by the EU FP7 project T-NOVA, with the components being released as open-source software. Service mapping and service deployment solutions developed in the scope of T-NOVA are presented in detail. As a proof-of-concept, we evaluate the performance of a virtualized traffic classifier network function, demonstrating the gains of virtualized hardware acceleration. © 2017 IEEE.","English"
"Martin A.; Egaña J.; Flórez J.; Montalbán J.; Olaizola I.G.; Quartulli M.; Viola R.; Zorrilla M.","Martin, Angel (57190404342); Egaña, Jon (57210343692); Flórez, Julian (7005907040); Montalbán, Jon (36240791100); Olaizola, Igor G. (24765165900); Quartulli, Marco (6603227150); Viola, Roberto (57196119477); Zorrilla, Mikel (55372451000)","57190404342; 57210343692; 7005907040; 36240791100; 24765165900; 6603227150; 57196119477; 55372451000","Network resource allocation system for QoE-aware delivery of media services in 5G networks","2018","10.1109/TBC.2018.2828608","https://www.scopus.com/inward/record.uri?eid=2-s2.0-85046420257&doi=10.1109%2fTBC.2018.2828608&partnerID=40&md5=38bcf6730a01995a0ecc553496ab2af5","Department of Digital Media, Vicomtech, San Sebastián, 20009, Spain; Department of Data Intelligence, Vicomtech San Sebastián, 20009, Spain; Electrical Electronic and Control Engineering Department, TECNUN, Universidad de Navarra, San Sebastián, 20018, Spain; Department of Radiocommunications and Signal Processing, Universidad del País Vasco, Bilbao, 48013, Spain","Martin A., Department of Digital Media, Vicomtech, San Sebastián, 20009, Spain; Egaña J., Department of Data Intelligence, Vicomtech San Sebastián, 20009, Spain; Flórez J., Electrical Electronic and Control Engineering Department, TECNUN, Universidad de Navarra, San Sebastián, 20018, Spain; Montalbán J., Department of Radiocommunications and Signal Processing, Universidad del País Vasco, Bilbao, 48013, Spain; Olaizola I.G., Department of Data Intelligence, Vicomtech San Sebastián, 20009, Spain; Quartulli M., Department of Data Intelligence, Vicomtech San Sebastián, 20009, Spain; Viola R., Department of Digital Media, Vicomtech, San Sebastián, 20009, Spain; Zorrilla M., Department of Digital Media, Vicomtech, San Sebastián, 20009, Spain","The explosion in the variety and volume of video services makes bandwidth and latency performance of networks more critical to the user experience. The media industry's response, HTTP-based Adaptive Streaming technology, offers media players the possibility to dynamically select the most appropriate bitrate according to the connectivity performance. Moving forward, the telecom industry's move is 5G. 5G aims efficiency by dynamic network optimization to make maximum use of the resources to get as high capacity and Quality of Service (QoS) as possible. These networks will be based on software defined networking (SDN) and network function virtualization (NFV) techniques, enabling self-management functions. Here, machine learning is a key technology to reach this 5G vision. On top of machine learning, SDN and NFV, this paper provides a network resource allocator system as the main contribution which enables autonomous network management aware of quality of experience (QoE). This system predicts demand to foresee the amount of network resources to be allocated and the topology setup required to cope with the traffic demand. Furthermore, the system dynamically provisions the network topology in a proactive way, while keeping the network operation within QoS ranges. To this end, the system processes signals from multiple network nodes and end-to-end QoS and QoE metrics. This paper evaluates the system for live and on-demand dynamic adaptive streaming over HTTP and high efficiency video coding services. From the experiment results, it is concluded that the system is able to scale the network topology and to address the level of resource efficiency, required by media streaming services. © 1963-12012 IEEE.","English"
"Badis H.; Doyen G.; Khatoun R.","Badis, Hammi (56180729300); Doyen, Guillaume (22333354500); Khatoun, Rida (23982346700)","56180729300; 22333354500; 23982346700","A collaborative approach for a source based detection of botclouds","2015","10.1109/INM.2015.7140406","https://www.scopus.com/inward/record.uri?eid=2-s2.0-84942645338&doi=10.1109%2fINM.2015.7140406&partnerID=40&md5=046f252365fa08d2f0b5e7a2da14998c","Troyes University of Technology, Autonomous Network Environment Team, France; Telecom ParisTech, France","Badis H., Troyes University of Technology, Autonomous Network Environment Team, France; Doyen G., Troyes University of Technology, Autonomous Network Environment Team, France; Khatoun R., Telecom ParisTech, France","Since the last years, cloud computing is playing an important role in providing high quality of IT services. However, beyond a legitimate usage, the numerous advantages it presents are now exploited by attackers, and botnets supporting DDoS attacks are among the greatest beneficiaries of this malicious use. In this paper, we present an original approach that enables a collaborative egress detection of DDoS attacks leveraged by a botcloud. We provide an early evaluation of our approach using simulations that rely on real workload traces, showing our detection system effectiveness and low overhead, as well as its support for incremental deployment in real cloud infrastructures. © 2015 IEEE.","English"
"Ismail H.; Hamza H.S.; Mohamed S.M.","Ismail, Hadeal (57207358042); Hamza, Haitham S. (9132913600); Mohamed, Shaimaa M. (56297234100)","57207358042; 9132913600; 56297234100","Semantic Enhancement for Network Configuration Management","2018","10.1109/GCIoT.2018.8620148","https://www.scopus.com/inward/record.uri?eid=2-s2.0-85062466766&doi=10.1109%2fGCIoT.2018.8620148&partnerID=40&md5=0b92ac610c5ae8f7e2c4d13cbb189559","Cairo University, ANSR Lab, Giza, Egypt; Department of Information Technology, Cairo University, Giza, Egypt","Ismail H., Cairo University, ANSR Lab, Giza, Egypt; Hamza H.S., Department of Information Technology, Cairo University, Giza, Egypt; Mohamed S.M., Department of Information Technology, Cairo University, Giza, Egypt","Configuration of network devices is a challenging problem, due to the enormous number of devices and the diversity of parameters not only among different vendors but also among different versions from the same vendor. The remarkable growth in the internet of things (IoT) has contributed more to the heterogeneity of network devices. NETCONF is emerging as a configuration protocol, which makes use of YANG data model to describe network elements to be configured. In this paper, we propose the use of ontology to facilitate the analysis of configuration information of network devices, and simplify of network device configuration. We used the web ontology language (OWL) to form the semantics of the device configuration domain (e.g. switch or router) then we used the yang models of network devices to develop ontology based information extraction. This can be illustrated through the exercises done on various network elements. © 2018 IEEE.","English"
"Fernandes G., Jr.; Rodrigues J.J.P.C.; Carvalho L.F.; Al-Muhtadi J.F.; Proença M.L., Jr.","Fernandes, Gilberto (56038453800); Rodrigues, Joel J. P. C. (25930566300); Carvalho, Luiz Fernando (55416170700); Al-Muhtadi, Jalal F. (6602495413); Proença, Mario Lemes (59153094400)","56038453800; 25930566300; 55416170700; 6602495413; 59153094400","A comprehensive survey on network anomaly detection","2019","10.1007/s11235-018-0475-8","https://www.scopus.com/inward/record.uri?eid=2-s2.0-85049560113&doi=10.1007%2fs11235-018-0475-8&partnerID=40&md5=8104545f84aef75e8681fcb1e09fafb0","Instituto de Telecomunicações, Universidade da Beira Interior, Covilhã, Portugal; National Institute of Telecommunications (Inatel), Av. João de Camargo, 510 – Center, Santa Rita do Sapucaì, 37540-000, Brazil; ITMO University, St. Petersburg, Russian Federation; University of Fortaleza (UNIFOR), Fortaleza, Brazil; State University of Campinas (UNICAMP), Campinas, Brazil; College of Computer and Information Sciences (CCIS), King Saud University (KSU), Riyadh, 12372, Saudi Arabia; Computer Science Department, State University of Londrina (UEL), Londrina, Brazil","Fernandes G., Jr., Instituto de Telecomunicações, Universidade da Beira Interior, Covilhã, Portugal; Rodrigues J.J.P.C., Instituto de Telecomunicações, Universidade da Beira Interior, Covilhã, Portugal, National Institute of Telecommunications (Inatel), Av. João de Camargo, 510 – Center, Santa Rita do Sapucaì, 37540-000, Brazil, ITMO University, St. Petersburg, Russian Federation, University of Fortaleza (UNIFOR), Fortaleza, Brazil, College of Computer and Information Sciences (CCIS), King Saud University (KSU), Riyadh, 12372, Saudi Arabia; Carvalho L.F., State University of Campinas (UNICAMP), Campinas, Brazil; Al-Muhtadi J.F., College of Computer and Information Sciences (CCIS), King Saud University (KSU), Riyadh, 12372, Saudi Arabia; Proença M.L., Jr., Computer Science Department, State University of Londrina (UEL), Londrina, Brazil","Nowadays, there is a huge and growing concern about security in information and communication technology among the scientific community because any attack or anomaly in the network can greatly affect many domains such as national security, private data storage, social welfare, economic issues, and so on. Therefore, the anomaly detection domain is a broad research area, and many different techniques and approaches for this purpose have emerged through the years. In this study, the main objective is to review the most important aspects pertaining to anomaly detection, covering an overview of a background analysis as well as a core study on the most relevant techniques, methods, and systems within the area. Therefore, in order to ease the understanding of this survey’s structure, the anomaly detection domain was reviewed under five dimensions: (1) network traffic anomalies, (2) network data types, (3) intrusion detection systems categories, (4) detection methods and systems, and (5) open issues. The paper concludes with an open issues summary discussing presently unsolved problems, and final remarks. © 2018, Springer Science+Business Media, LLC, part of Springer Nature.","English"
"Paraschis L.; Raj K.","Paraschis, Loukas (6602562440); Raj, Kannan (35321180000)","6602562440; 35321180000","Innovations in DCI transport networks","2019","10.1016/B978-0-12-816502-7.00017-8","https://www.scopus.com/inward/record.uri?eid=2-s2.0-85081303464&doi=10.1016%2fB978-0-12-816502-7.00017-8&partnerID=40&md5=217c5658fb8c0541400773b55a2643ed","Systems Engineering, Cloud Transport, Infinera, Sunnyvale, CA, United States; Infrastructure and Region Build, Oracle Cloud Infrastructure, San Diego, CA, United States","Paraschis L., Systems Engineering, Cloud Transport, Infinera, Sunnyvale, CA, United States; Raj K., Infrastructure and Region Build, Oracle Cloud Infrastructure, San Diego, CA, United States","The capacity of the transport networks interconnecting data-centers (DCI) has grown more than any other traffic type due to the proliferation of “cloud” services. Consequently, DCI has motivated the evolution of dedicated DCI networks and DCI-optimized transport systems. This chapter reviews important current and emerging innovations in technology, systems, and networks, their synergies, and the related research, development, and standards efforts, that collectively have facilitated the DCI evolution to its current multi-Tb/s global infrastructure that employs some of the most spectrally efficient deployed fiber networks. Purpose-built DCI transport systems have been optimized for the data center operational requirements, simpler routing, and state-of-the-art coherent wavelength-division multiplexing (WDM) transmission that has already exceeded 6 b/s/Hz. Moreover, DCI has pioneered in WDM transport the extensive adoption of software-defined networking innovations in programmability, automation, management abstraction, and control-plane disaggregation to simplify operations and enable “open” transport architectures. © 2020 Elsevier Inc. All rights reserved.","English"
"De Assis M.V.O.; Rodrigues J.J.P.C.; Proença Jr. M.L.","De Assis, Marcos V.O. (55979089300); Rodrigues, Joel J.P.C. (25930566300); Proença Jr., Mario Lemes (59153094400)","55979089300; 25930566300; 59153094400","A seven-dimensional flow analysis to help autonomous network management","2014","10.1016/j.ins.2014.03.102","https://www.scopus.com/inward/record.uri?eid=2-s2.0-84901825380&doi=10.1016%2fj.ins.2014.03.102&partnerID=40&md5=c269181953de274955c5f7d2f74c6d3f","Computer Science Department, State University of Londrina (UEL), Campus Universitário, Londrina, Rodovia-Celso-Garcia-Cid, Pr 445 Km 380, Brazil; Instituto de Telecomunicações, University of Beira Interior, Covilhã, Portugal","De Assis M.V.O., Computer Science Department, State University of Londrina (UEL), Campus Universitário, Londrina, Rodovia-Celso-Garcia-Cid, Pr 445 Km 380, Brazil; Rodrigues J.J.P.C., Instituto de Telecomunicações, University of Beira Interior, Covilhã, Portugal; Proença Jr. M.L., Computer Science Department, State University of Londrina (UEL), Campus Universitário, Londrina, Rodovia-Celso-Garcia-Cid, Pr 445 Km 380, Brazil","Due to the increasing need of more agility in information exchange, computer networks are continuously expanding both in magnitude and complexity of the management processes. An essential component of these processes is the anomaly detection and identification. Although there are several studies in this area, simple and efficient anomaly detection mechanisms are still required due to the lack of suitable approaches for large-scale network environments. In this paper, we present an anomaly detection system using a seven-dimensional flow analysis. The core of this system is composed by the Holt-Winters for Digital Signature (HWDS) method, an improvement of the traditional Holt-Winters, which characterizes the traffic of each one of the analyzed dimensions in order to generate profiles able to describe the network's normal behavior, here called Digital Signature of Network Segment using Flow analysis (DSNSF). The low complexity of the presented approach enables fast anomaly detection, mitigating the impact on final users. The system not only warns the network administrator about the problem, but also provides the necessary information to identify and solve it. To measure the efficiency and accuracy of the system, we use real data collected from a large-scale network environment. © 2014 Elsevier Inc. All rights reserved.","English"
"Gaïti D.","Gaïti, Dominique (6603849325)","6603849325","Introducing intelligence in distributed systems management","1994","10.1016/0140-3664(94)90041-8","https://www.scopus.com/inward/record.uri?eid=2-s2.0-0028516156&doi=10.1016%2f0140-3664%2894%2990041-8&partnerID=40&md5=745fe7e0db0e5e66f1762293f59b0646","Center for Telecommunications Research, Columbia University, New York, NY 10027-6699, Rm 801, Shapiro Research Building, United States","Gaïti D., Center for Telecommunications Research, Columbia University, New York, NY 10027-6699, Rm 801, Shapiro Research Building, United States","In recent years, there has been growing use of distributed systems, and therefore a growing demand for tools able to manage them. However, these tools are not always well suited to their task, in part because of the lack of built-in intelligence. This paper discusses how to introduce intelligence to distributed systems management and control. To do so we analyse requirements for distributed systems management and focus on management tasks from the architecture and model points of view. Intelligence is introduced through distributed artificial intelligence concepts and multiagent systems. We illustrate the application of our techniques with an example based on traffic and congestion control in ATM networks. © 1994.","English"
"Fung C.; Boutaba R.","Fung, Carol (14037341800); Boutaba, Raouf (7004345240)","14037341800; 7004345240","Intrusion detection networks: A key to collaborative security","2013","","https://www.scopus.com/inward/record.uri?eid=2-s2.0-84923351002&partnerID=40&md5=636395321270727a94176cc0bb02528a","","","The rapidly increasing sophistication of cyber intrusions makes them nearly impossible to detect without the use of a collaborative intrusion detection network (IDN). Using overlay networks that allow an intrusion detection system (IDS) to exchange information, IDNs can dramatically improve your overall intrusion detection accuracy. Intrusion Detection Networks: A Key to Collaborative Security focuses on the design of IDNs and explains how to leverage effective and efficient collaboration between participant IDSs. Providing a complete introduction to IDSs and IDNs, it explains the benefits of building IDNs, identifies the challenges underlying their design, and outlines possible solutions to these problems. It also reviews the full-range of proposed IDN solutions-analyzing their scope, topology, strengths, weaknesses, and limitations. • Includes a case study that examines the applicability of collaborative intrusion detection to real-world malware detection scenarios • Illustrates distributed IDN architecture design • Considers trust management, intrusion detection decision making, resource management, and collaborator management The book provides a complete overview of network intrusions, including their potential damage and corresponding detection methods. Covering the range of existing IDN designs, it elaborates on privacy, malicious insiders, scalability, free-riders, collaboration incentives, and intrusion detection efficiency. It also provides a collection of problem solutions to key IDN design challenges and shows how you can use various theoretical tools in this context. The text outlines comprehensive validation methodologies and metrics to help you improve efficiency of detection, robustness against malicious insiders, incentive-compatibility for all participants, and scalability in network size. It concludes by highlighting open issues and future challenges. © 2014 by Taylor & Francis Group, LLC.","English"
"Fung C.J.; Zhang J.; Aib I.; Boutaba R.","Fung, Carol J. (14037341800); Zhang, Jie (56346558700); Aib, Issam (16244207600); Boutaba, Raouf (7004345240)","14037341800; 56346558700; 16244207600; 7004345240","Dirichlet-based trust management for effective collaborative intrusion detection networks","2011","10.1109/TNSM.2011.050311.100028","https://www.scopus.com/inward/record.uri?eid=2-s2.0-79958778609&doi=10.1109%2fTNSM.2011.050311.100028&partnerID=40&md5=f018b77cba945fc6007c0a4651ab1cf7","Department of Computer Science, University of Waterloo, Waterloo, ON, Canada; Division of IT Convergence Engineering, POSTECH, South Korea; School of Computer Engineering, Nanyang Technological University, Singapore, Singapore","Fung C.J., Department of Computer Science, University of Waterloo, Waterloo, ON, Canada; Zhang J., Department of Computer Science, University of Waterloo, Waterloo, ON, Canada, Division of IT Convergence Engineering, POSTECH, South Korea; Aib I., Department of Computer Science, University of Waterloo, Waterloo, ON, Canada; Boutaba R., School of Computer Engineering, Nanyang Technological University, Singapore, Singapore","The accuracy of detecting intrusions within a Collaborative Intrusion Detection Network (CIDN) depends on the efficiency of collaboration between peer Intrusion Detection Systems (IDSes) as well as the security itself of the CIDN. In this paper, we propose Dirichlet-based trust management to measure the level of trust among IDSes according to their mutual experience. An acquaintance management algorithm is also proposed to allow each IDS to manage its acquaintances according to their trustworthiness. Our approach achieves strong scalability properties and is robust against common insider threats, resulting in an effective CIDN. We evaluate our approach based on a simulated CIDN, demonstrating its improved robustness, efficiency and scalability for collaborative intrusion detection in comparison with other existing models. © 2011 IEEE.","English"
"Algar M.J.; De Diego I.M.; Fernández-Isabel A.; Monjas M.A.; Ortega F.; Moguerza J.M.; Jacynycz H.","Algar, María Jesús (25638169700); De Diego, Isaac Martín (7401825463); Fernández-Isabel, Alberto (50661283100); Monjas, Miguel Ángel (36976184300); Ortega, Felipe (23985854300); Moguerza, Javier M. (7801483815); Jacynycz, Hektor (57205468435)","25638169700; 7401825463; 50661283100; 36976184300; 23985854300; 7801483815; 57205468435","A Quality of Experience Management Framework for Mobile Users","2019","10.1155/2019/2352941","https://www.scopus.com/inward/record.uri?eid=2-s2.0-85060180345&doi=10.1155%2f2019%2f2352941&partnerID=40&md5=ae8e2d23044a38ffef7bc60a07429bce","Data Science Laboratory, Universidad Rey Juan Carlos, Spain; Technology and Innovation, Ericsson, Spain","Algar M.J., Data Science Laboratory, Universidad Rey Juan Carlos, Spain; De Diego I.M., Data Science Laboratory, Universidad Rey Juan Carlos, Spain; Fernández-Isabel A., Data Science Laboratory, Universidad Rey Juan Carlos, Spain; Monjas M.A., Technology and Innovation, Ericsson, Spain; Ortega F., Data Science Laboratory, Universidad Rey Juan Carlos, Spain; Moguerza J.M., Data Science Laboratory, Universidad Rey Juan Carlos, Spain; Jacynycz H., Data Science Laboratory, Universidad Rey Juan Carlos, Spain","Voice transmission is no longer the main usage of mobile phones. Data transmissions, in particular Internet access, are very common actions that we might perform with these devices. However, the spectacular growth of the mobile data demand in 5G mobile communication systems leads to a reduction of the resources assigned to each device. Therefore, to avoid situations in which the Quality of Experience (QoE) would be negatively affected, an automated system for degradation detection of video streaming is proposed. This approach is named QoE Management for Mobile Users (QoEMU). QoEMU is composed of several modules to perform a real-time analysis of the network traffic, select a mitigation action according to the information of the traffic and to some predefined policies, and apply these actions. In order to perform such tasks, the best Key Performance Indicators (KPIs) for a given set of video traces are selected. A QoE Model is trained to define a global QoE for the set of traces. When an alert regarding degradation in the quality appears, a proper mitigation plan is activated to mitigate this situation. The performance of QoEMU has been evaluated over a degradation situation experiments with different video users. © 2019 María Jesús Algar et al.","English"
"Zhao Y.; Li Y.; Zhang X.; Geng G.; Zhang W.; Sun Y.","Zhao, Yanling (55726102300); Li, Ye (35770968700); Zhang, Xinchang (37116327700); Geng, Guanggang (23392831800); Zhang, Wei (56760590000); Sun, Yanjie (57210289318)","55726102300; 35770968700; 37116327700; 23392831800; 56760590000; 57210289318","A Survey of Networking Applications Applying the Software Defined Networking Concept Based on Machine Learning","2019","10.1109/ACCESS.2019.2928564","https://www.scopus.com/inward/record.uri?eid=2-s2.0-85070229108&doi=10.1109%2fACCESS.2019.2928564&partnerID=40&md5=05324de40a4711ac65a33b863af0b51e","Shandong Provincial Key Laboratory of Computer Networks, Shandong Computer Science Center (National Supercomputer Center in Jinan), Qilu University of Technology (Shandong Academy of Sciences), Jinan, 250101, China; China Internet Network Information Center, Beijing, 100190, China; Branch Training Center in Shandong Province, China United Network Telecommunications Group, Jinan, 250000, China","Zhao Y., Shandong Provincial Key Laboratory of Computer Networks, Shandong Computer Science Center (National Supercomputer Center in Jinan), Qilu University of Technology (Shandong Academy of Sciences), Jinan, 250101, China; Li Y., Shandong Provincial Key Laboratory of Computer Networks, Shandong Computer Science Center (National Supercomputer Center in Jinan), Qilu University of Technology (Shandong Academy of Sciences), Jinan, 250101, China; Zhang X., Shandong Provincial Key Laboratory of Computer Networks, Shandong Computer Science Center (National Supercomputer Center in Jinan), Qilu University of Technology (Shandong Academy of Sciences), Jinan, 250101, China; Geng G., China Internet Network Information Center, Beijing, 100190, China; Zhang W., Shandong Provincial Key Laboratory of Computer Networks, Shandong Computer Science Center (National Supercomputer Center in Jinan), Qilu University of Technology (Shandong Academy of Sciences), Jinan, 250101, China; Sun Y., Branch Training Center in Shandong Province, China United Network Telecommunications Group, Jinan, 250000, China","The main task of future networks is to build, as much as possible, intelligent networking architectures for intellectualization, activation, and customization. Software-defined networking (SDN) technology breaks the tight coupling between the control plane and the data plane in the traditional network architecture, making the controllability, security, and economy of network resources into a reality. As one of the important actualization methods of artificial intelligence (AI), machine learning (ML), combined with SDN architecture will have great potential in areas, such as network resource management, route planning, traffic scheduling, fault diagnosis, and network security. This paper presents the network applications combined with SDN concepts based on ML from two perspectives, namely the perspective of ML algorithms and SDN network applications. From the perspective of ML algorithms, this paper focuses on the applications of classical ML algorithms in SDN-based networks, after a characteristic analysis of algorithms. From the other perspective, after classifying the existing network applications based on the SDN architecture, the related ML solutions are introduced. Finally, the future development of the ML algorithms and SDN concepts is discussed and analyzed. This paper occupies the intersection of the AI, big data, computer networking, and other disciplines; the AI itself is a new and complex interdisciplinary field, which causes the researchers in this field to often have different professional backgrounds and, sometimes, divergent research purposes. This paper is necessary and helpful for researchers from different fields to accurately master the key issues. © 2013 IEEE.","English"
"Makhloufi R.; Doyen G.; Bonnet G.; Gaïti D.","Makhloufi, Rafik (35590044100); Doyen, Guillaume (22333354500); Bonnet, Grégory (26029311400); Gaïti, Dominique (6603849325)","35590044100; 22333354500; 26029311400; 6603849325","Situated vs. global aggregation schemes for autonomous management systems","2011","10.1109/INM.2011.5990525","https://www.scopus.com/inward/record.uri?eid=2-s2.0-80052783027&doi=10.1109%2fINM.2011.5990525&partnerID=40&md5=1c67b2d316933837b416c56947d47e6e","ICD/ERA, UMR 6279, Université de Technologie de Troyes, France; GREYC/MAD, UMR 6072, Université de Caen Basse-Normandie, France","Makhloufi R., ICD/ERA, UMR 6279, Université de Technologie de Troyes, France; Doyen G., ICD/ERA, UMR 6279, Université de Technologie de Troyes, France; Bonnet G., GREYC/MAD, UMR 6072, Université de Caen Basse-Normandie, France; Gaïti D., ICD/ERA, UMR 6279, Université de Technologie de Troyes, France","In the context of autonomous network management, the Autonomic Managers (AMs) need to collect management information from other elements in order to infer an overall state of the network considered by the decision making process. Two concurrent strategies are commonly used to achieve this operation. On one hand, approaches based on a situated view only gather information in a bounded neighborhood, thus providing a high reactivity to AMs for control operations. On the other hand, approaches based on a global view provide a good accuracy at the cost of a larger convergence time. Being able to choose the best approach in a given context is crucial to ensure the efficiency of an autonomous management system. Thus, in this paper, we perform an exhaustive performance analysis of these approaches by considering typical schemes of both of them, namely a one-hop and two-hops situated view against gossip- and tree-based global aggregation schemes. Metrics we consider are the convergence time, communication and computation cost, scalability and the accuracy of estimated aggregates. Given them, we show under which conditions an approach outperforms the others. © 2011 IEEE.","English"
"Göttert N.; Kuntze N.; Rudolph C.; Wahid K.F.","Göttert, Norman (57220891181); Kuntze, Nicolai (14054371600); Rudolph, Carsten (36696969600); Wahid, Khan Ferdous (36199030000)","57220891181; 14054371600; 36696969600; 36199030000","Trusted neighborhood discovery in critical infrastructures","2015","10.1109/SmartGridComm.2014.7007775","https://www.scopus.com/inward/record.uri?eid=2-s2.0-84922469468&doi=10.1109%2fSmartGridComm.2014.7007775&partnerID=40&md5=1af4d3e0e75073f075865079b4e43e2a","Fraunhofer SIT, Germany","Göttert N., Fraunhofer SIT, Germany; Kuntze N., Fraunhofer SIT, Germany; Rudolph C., Fraunhofer SIT, Germany; Wahid K.F., Fraunhofer SIT, Germany","In today's Industrial Control Systems (ICSs) interconnection and reliable communication are valuable properties that enable the controlling and monitoring of various processes-even remotely. Cyber attacks or attacks via local digital interfaces break security requirements by altering software, configurations or control sequences. In such cases, safety requirements can no longer be guaranteed. Further, forged information such as wrong load measurements in power grid scenarios can lead to faulty decisions in the control center and has the potential to cause substantial damage with potentially catastrophic results. To detect and mitigate such kinds of attacks, the Trusted Neighborhood Discovery (TND) protocol introduces a decentralized, hardware-based approach for distributed peer-to-peer security monitoring. It uses hardware-based mutual attestation of the current state of adjacent devices. TND enables efficient monitoring, detection, and location of attacks in distributed infrastructures. The TND protocol is complemented by a Zero-Touch configuration solution for efficient and economic integration of new devices and secure configuration. Both protocols are realized in a proof-of-concept implementation running on commercially available hardware components. By implementing security in hardware roots of trust, the TND solution achieves a higher level of security than software-only based solutions. Even exchanging the entire firmware will be reliably reported. © 2014 IEEE.","English"
"Kotey S.D.; Tchao E.T.; Gadze J.D.","Kotey, Seth Djane (57208085722); Tchao, Eric Tutu (56602926300); Gadze, James Dzisi (15064044900)","57208085722; 56602926300; 15064044900","On Distributed Denial of Service Current Defense Schemes","2019","10.3390/technologies7010019","https://www.scopus.com/inward/record.uri?eid=2-s2.0-85068424001&doi=10.3390%2ftechnologies7010019&partnerID=40&md5=4ac7d9af2075304e082046a269f91795","Department of Computer Engineering, Kwame Nkrumah University of Science and Technology (KNUST), PMB, Kumasi, Ghana; Department of Electrical Engineering, Kwame Nkrumah University of Science and Technology (KNUST), PMB, Kumasi, Ghana","Kotey S.D., Department of Computer Engineering, Kwame Nkrumah University of Science and Technology (KNUST), PMB, Kumasi, Ghana; Tchao E.T., Department of Computer Engineering, Kwame Nkrumah University of Science and Technology (KNUST), PMB, Kumasi, Ghana, Department of Electrical Engineering, Kwame Nkrumah University of Science and Technology (KNUST), PMB, Kumasi, Ghana; Gadze J.D., Department of Computer Engineering, Kwame Nkrumah University of Science and Technology (KNUST), PMB, Kumasi, Ghana, Department of Electrical Engineering, Kwame Nkrumah University of Science and Technology (KNUST), PMB, Kumasi, Ghana","Distributed denial of service (DDoS) attacks are a major threat to any network-based service provider. The ability of an attacker to harness the power of a lot of compromised devices to launch an attack makes it even more complex to handle. This complexity can increase even more when several attackers coordinate to launch an attack on one victim. Moreover, attackers these days do not need to be highly skilled to perpetrate an attack. Tools for orchestrating an attack can easily be found online and require little to no knowledge about attack scripts to initiate an attack. Studies have been done severally to develop defense mechanisms to detect and defend against DDoS attacks. As defense schemes are designed and developed, attackers are also on the move to evade these defense mechanisms and so there is a need for a continual study in developing defense mechanisms. This paper discusses the current DDoS defense mechanisms, their strengths and weaknesses. © 2019 by the authors.","English"
"Taleb T.; Samdanis K.; Mada B.; Flinck H.; Dutta S.; Sabella D.","Taleb, Tarik (6602641627); Samdanis, Konstantinos (8234575400); Mada, Badr (57194349728); Flinck, Hannu (6506821221); Dutta, Sunny (57190582612); Sabella, Dario (36440482800)","6602641627; 8234575400; 57194349728; 6506821221; 57190582612; 36440482800","On Multi-Access Edge Computing: A Survey of the Emerging 5G Network Edge Cloud Architecture and Orchestration","2017","10.1109/COMST.2017.2705720","https://www.scopus.com/inward/record.uri?eid=2-s2.0-85029488167&doi=10.1109%2fCOMST.2017.2705720&partnerID=40&md5=8490e92a92c76e9b244256b83afc7a27","Aalto University, Espoo, 06220, Finland; Sejong University, Seoul, 143-747, South Korea; Huawei European Research Center, Munich, 80992, Germany; Nokia Bell Labs, Espoo, FI-02610, Finland; Intel, Munich, 85579, Germany","Taleb T., Aalto University, Espoo, 06220, Finland, Sejong University, Seoul, 143-747, South Korea; Samdanis K., Huawei European Research Center, Munich, 80992, Germany; Mada B., Aalto University, Espoo, 06220, Finland; Flinck H., Nokia Bell Labs, Espoo, FI-02610, Finland; Dutta S., Aalto University, Espoo, 06220, Finland; Sabella D., Intel, Munich, 85579, Germany","Multi-access edge computing (MEC) is an emerging ecosystem, which aims at converging telecommunication and IT services, providing a cloud computing platform at the edge of the radio access network. MEC offers storage and computational resources at the edge, reducing latency for mobile end users and utilizing more efficiently the mobile backhaul and core networks. This paper introduces a survey on MEC and focuses on the fundamental key enabling technologies. It elaborates MEC orchestration considering both individual services and a network of MEC platforms supporting mobility, bringing light into the different orchestration deployment options. In addition, this paper analyzes the MEC reference architecture and main deployment scenarios, which offer multi-tenancy support for application developers, content providers, and third parties. Finally, this paper overviews the current standardization activities and elaborates further on open research challenges. © 2017 IEEE.","English"
"Handurukande S.; De Souza J.N.","Handurukande, Sidath (6506051925); De Souza, Jose Neuman (7103050689)","6506051925; 7103050689","Efficient management of loosely collaborative service networks: A report on DANMS 2011","2011","10.1007/s10922-011-9208-y","https://www.scopus.com/inward/record.uri?eid=2-s2.0-80053345312&doi=10.1007%2fs10922-011-9208-y&partnerID=40&md5=9a8d245058f7cbb9a7452007f18b4f51","DANMS'11 Workshop, Network Management Lab, Ericsson, Ireland; DANMS'11 Workshop, Federal University of Ceara, Fortaleza, Brazil","Handurukande S., DANMS'11 Workshop, Network Management Lab, Ericsson, Ireland; De Souza J.N., DANMS'11 Workshop, Federal University of Ceara, Fortaleza, Brazil","The IFIP/IEEE Workshop on Distributed Autonomous Network Management Systems 2011 (DANMS'11) was held on May 27th, 2011 in Trinity College, Dublin, Republic of Ireland. This year's workshop focuses on 'Efficient Management of Loosely Collaborative Service Networks' where network connectivity providers, content providers and service providers come together to provide high-level services such as Over-The-Top (OTT) services to end-users in a loosely collaborative way. Tim De Pauw from Ghent University did a presentation about their technical paper that describes a software platform which combines context awareness with over-the-top (OTT) service deployment. Alberto Lima from Federal University of Ceará, Brazil presented their research work which is based on a case-study in a real environment of a Brazilian bank performing an evaluation of a service desk of the bank. Markus Tauber from University of St Andrews presented details about their research work on an autonomic management to a distributed storage service.","English"
